drop database if exists localdb
create database if not exists localdb
use localdb

CREATE TABLE patient(patient_id varchar(30) NOT NULL, first_name text, last_name text, date_of_birth text, age integer, gender text, address text, nationality text, CONSTRAINT patient_pkey PRIMARY KEY (patient_id))
insert into patient values ('S7263417P', 'HEIRIL BIN MOHAMED OSMAN', 'MOHAMMAD', '1982-05-22', 27, 'female', 'Changi', 'Singaporean')
insert into patient values ('S6290272N', 'MONG WEE JOHN', 'NG', '1971-08-04', 38, 'male', 'Toa Payo', 'Singaporean')
insert into patient values ('S8216194K', 'YONG SIN JACOB', 'SNG', '1982-10-26', 27, 'male', 'Toa Payo', 'Singaporean')
insert into patient values ('S7239833C', 'ZEE KEONG', 'LIM', '1972-05-01', 37, 'male', 'Toa Payo', 'Singaporean')
insert into patient values ('S7245117S', 'LUTCHIA', 'DEVA', '1974-06-04', 35, 'female', 'Keppel', 'Singaporean')
insert into patient values ('S7266114H', 'HALIM', 'HARUN', '1972-11-11', 37, 'male', 'Dover', 'Singaporean')
insert into patient values ('S7294679K', 'CHOON HIONG', 'CHNG', '1985-04-08', 24, 'male', 'Keppel', 'Singaporean')
insert into patient values ('S8291825I', 'PEI EOEN ANGELA', 'LEE', '1980-09-07', 29, 'male', 'Toa Payo', 'Singaporean')
insert into patient values ('S8250763O', 'JOY IRVING', 'TESSA', '1986-11-04', 23, 'female', 'Keppel', 'Singaporean')
insert into patient values ('S7265297N', 'CHONG WYNE', 'TEH', '1987-06-21', 22, 'female', 'Dover', 'Singaporean')
insert into patient values ('S7264154T', 'CHEE MENG', 'PANG', '1988-10-20', 21, 'male', 'Katong', 'Singaporean')
insert into patient values ('S8250568M', 'HWEE PHING JANE', 'GAN', '1971-11-11', 38, 'female', 'Changi', 'Singaporean')
insert into patient values ('S6299842U', 'VINAY', 'DOOKEERAM', '1975-02-26', 34, 'male', 'Dover', 'Singaporean')
insert into patient values ('S7287610Q', 'WEI YONG', 'HO', '1980-12-27', 29, 'male', 'Dover', 'Singaporean')
insert into patient values ('S7241597D', 'JANG TAO CHRISTIAN', 'CHAO', '1981-01-02', 28, 'female', 'Dover', 'Singaporean')
insert into patient values ('S7282698Y', 'HUI LING', 'LIM', '1987-09-10', 22, 'male', 'Chinatown', 'Singaporean')
insert into patient values ('S7238405U', 'YICHEN', 'LEE', '1985-11-11', 24, 'male', 'Toa Payo', 'Singaporean')
insert into patient values ('S7272623O', 'KIA TWUAN KEVIN', 'BOO', '1982-05-08', 27, 'female', 'Punggol', 'Singaporean')
insert into patient values ('S6234854D', 'LABASTIDA RODRIGO', 'FERNANDEZ', '1979-09-10', 30, 'female', 'Punggol', 'Singaporean')
insert into patient values ('S7255652Q', 'TSUN MAN JOSEPH', 'IP', '1977-04-24', 32, 'male', 'Punggol', 'Singaporean')
insert into patient values ('S7295511D', 'CHIN CHIN', 'KOH', '1981-06-16', 28, 'male', 'Katong', 'Singaporean')
insert into patient values ('S6264862V', 'WONG PAK MING', 'IFAT', '1969-08-22', 40, 'male', 'Chinatown', 'Singaporean')
insert into patient values ('S7276571J', 'LEW YEE DIANA', 'TAN', '1976-07-20', 33, 'male', 'Dover', 'Singaporean')
insert into patient values ('S7272111P', 'KIM SAN ADRIAN', 'CHEW', '1982-07-25', 27, 'female', 'Toa Payo', 'Singaporean')
insert into patient values ('S8214535T', 'HUI BING', 'THIO', '1987-04-17', 22, 'female', 'Bedok', 'Singaporean')
insert into patient values ('S8287602X', 'JANG TAO CHRISTIAN', 'CHAO', '1970-11-24', 39, 'female', 'Keppel', 'Singaporean')
insert into patient values ('S8221415T', 'HUEI LING', 'GOH', '1977-03-06', 32, 'female', 'Keppel', 'Singaporean')
insert into patient values ('S8293890E', 'WEI NING', 'LOW', '1974-08-23', 35, 'male', 'Chinatown', 'Singaporean')
insert into patient values ('S7222963R', 'DEDY', 'SURYADINATA', '1987-02-19', 22, 'female', 'Keppel', 'Singaporean')
insert into patient values ('S7231812X', 'TOSHIK KUMAR', 'HURCHURN', '1974-04-13', 35, 'female', 'Dover', 'Singaporean')
insert into patient values ('S7247817Y', 'HUI LING', 'CHAN', '1975-05-08', 34, 'male', 'Changi', 'Singaporean')
insert into patient values ('S6264725D', 'LECK POH', 'LING', '1974-01-03', 35, 'female', 'Changi', 'Singaporean')
insert into patient values ('S8224450I', 'ENG KWEE', 'CHAI', '1974-08-27', 35, 'male', 'Changi', 'Singaporean')
insert into patient values ('S7255132D', 'SHIH WEI', 'WONG', '1985-05-24', 24, 'male', 'Changi', 'Singaporean')
insert into patient values ('S7221604D', 'HONG LEONG', 'NG', '1986-07-26', 23, 'male', 'Chinatown', 'Singaporean')
insert into patient values ('S7221978T', 'HONG TEO', 'LIM', '1982-11-15', 27, 'male', 'Keppel', 'Singaporean')
insert into patient values ('S7292163Y', 'CHERN YIK', 'CHONG', '1984-04-07', 25, 'female', 'Toa Payo', 'Singaporean')
insert into patient values ('S7226492R', 'SU CHERN', 'TAN', '1978-02-03', 31, 'female', 'Changi', 'Singaporean')
insert into patient values ('S6216435Y', 'YON CHI GABRIEL', 'YEE', '1970-05-06', 39, 'female', 'Punggol', 'Singaporean')
insert into patient values ('S6272856A', 'SAEY TUAN', 'HO', '1982-01-09', 27, 'female', 'Changi', 'Singaporean')
insert into patient values ('S7282601I', 'CHI KI GRACE', 'MUI', '1971-03-17', 38, 'male', 'Punggol', 'Singaporean')
insert into patient values ('S6287373X', 'SENG CHUAN', 'LING', '1978-11-22', 31, 'female', 'Bedok', 'Singaporean')
insert into patient values ('S6252736D', 'XIAOXIN', 'LIN', '1971-02-23', 38, 'male', 'Chinatown', 'Singaporean')
insert into patient values ('S8298153V', 'EI LEEN', 'TAY', '1973-07-23', 36, 'male', 'Punggol', 'Singaporean')
insert into patient values ('S8288298Z', 'CHER SOON', 'KOH', '1989-05-19', 20, 'female', 'Toa Payo', 'Singaporean')
insert into patient values ('S8288407C', 'CHONG WYNE', 'TEH', '1981-02-01', 28, 'male', 'Punggol', 'Singaporean')
insert into patient values ('S8286853T', 'TAT LEONG KENNETH', 'HO', '1979-06-03', 30, 'female', 'Dover', 'Singaporean')
insert into patient values ('S8239183N', 'MIN HAU', 'SOON', '1985-01-12', 24, 'male', 'Changi', 'Singaporean')
insert into patient values ('S7227482A', 'KWOK WEI', 'NG', '1974-05-13', 35, 'female', 'Punggol', 'Singaporean')
insert into patient values ('S6259207U', 'KEE LEE', 'GOH', '1976-02-13', 33, 'female', 'Changi', 'Singaporean')
insert into patient values ('S6239777J', 'GUAN HUAT', 'ONG', '1983-03-10', 26, 'male', 'Changi', 'Singaporean')
insert into patient values ('S8274666V', 'KEOK WEN', 'TAN', '1974-09-04', 35, 'male', 'Katong', 'Singaporean')
insert into patient values ('S6271838N', 'YEW KOK', 'LEE', '1983-09-19', 26, 'female', 'Dover', 'Singaporean')
insert into patient values ('S8281351K', 'TIAN YEOW', 'TAN', '1974-07-26', 35, 'female', 'Changi', 'Singaporean')
insert into patient values ('S7266509Y', 'YU LANG JOANNA', 'GOH', '1972-05-26', 37, 'male', 'Chinatown', 'Singaporean')
insert into patient values ('S7257189U', 'WING YIN', 'LAM', '1977-07-13', 32, 'female', 'Keppel', 'Singaporean')
insert into patient values ('S6217328D', 'SIONG LON', 'SIOW', '1986-01-22', 23, 'female', 'Keppel', 'Singaporean')
insert into patient values ('S7235993J', 'JIE SI', 'FONG', '1969-07-21', 40, 'male', 'Keppel', 'Singaporean')
insert into patient values ('S7264186I', 'XUCHAO', 'HOU', '1979-02-06', 30, 'female', 'Keppel', 'Singaporean')
insert into patient values ('S7289701C', 'E-HIAN', 'NG', '1982-07-21', 27, 'female', 'Bedok', 'Singaporean')
insert into patient values ('S7247795Q', 'SOOK YEE', 'LIEW', '1980-01-21', 29, 'female', 'Dover', 'Singaporean')
insert into patient values ('S8288231F', 'JIANN YEU', 'YONG', '1978-09-07', 31, 'female', 'Punggol', 'Singaporean')
insert into patient values ('S8249545W', 'CHOON MENG JASON', 'LEONG', '1987-11-06', 22, 'male', 'Keppel', 'Singaporean')
insert into patient values ('S8273329H', 'VOON WEI MARK', 'GOH', '1976-11-28', 33, 'male', 'Dover', 'Singaporean')
insert into patient values ('S7269350T', 'CHEE MENG', 'PANG', '1975-11-02', 34, 'male', 'Toa Payo', 'Singaporean')
insert into patient values ('S7282780C', 'WEE TEE MICHAEL', 'LIM', '1979-05-08', 30, 'male', 'Katong', 'Singaporean')
insert into patient values ('S7228568N', 'KOK KWANG HARRISON', 'GOH', '1985-06-20', 24, 'male', 'Chinatown', 'Singaporean')
insert into patient values ('S7268987C', 'CHUGUANG ISAAC', 'CHUA', '1974-04-27', 35, 'female', 'Bedok', 'Singaporean')
insert into patient values ('S8290322M', 'CHEE MENG', 'WONG', '1977-06-09', 32, 'male', 'Bedok', 'Singaporean')
insert into patient values ('S7213236W', 'WEI HIAN', 'GAY', '1980-10-20', 29, 'male', 'Toa Payo', 'Singaporean')
insert into patient values ('S7240835V', 'POH LIN JEANNE', 'WEE', '1978-10-01', 31, 'male', 'Punggol', 'Singaporean')
insert into patient values ('S6252721N', 'YUEN CHAU', 'LEOW', '1985-09-26', 24, 'male', 'Dover', 'Singaporean')
insert into patient values ('S8264195Z', 'GEOK CHUAN', 'TOH', '1976-03-20', 33, 'male', 'Punggol', 'Singaporean')
insert into patient values ('S8231417J', 'CHEE KIAN JOSEPH', 'TEO', '1972-06-05', 37, 'female', 'Toa Payo', 'Singaporean')
insert into patient values ('S7239476N', 'JIALIANG', 'JIAN', '1972-12-20', 37, 'female', 'Keppel', 'Singaporean')
insert into patient values ('S8245857R', 'KAI BEE', 'TAN', '1986-06-18', 23, 'female', 'Katong', 'Singaporean')
insert into patient values ('S6253722E', 'KIAN KOK JOHNSON', 'NG', '1983-07-07', 26, 'male', 'Toa Payo', 'Singaporean')
insert into patient values ('S6221312G', 'SUPARMAN', 'EDWIN', '1986-07-08', 23, 'female', 'Punggol', 'Singaporean')
insert into patient values ('S7241734I', 'KOK WAI', 'FOONG', '1971-12-18', 38, 'female', 'Punggol', 'Singaporean')
insert into patient values ('S7289562A', 'LEONG KEAT ANDY', 'TAN', '1972-11-01', 37, 'male', 'Changi', 'Singaporean')
insert into patient values ('S8247415J', 'MONG GUAN', 'SIM', '1975-03-08', 34, 'female', 'Changi', 'Singaporean')
insert into patient values ('S6246901V', 'LENG KIONG ROY', 'TAN', '1974-12-22', 35, 'male', 'Bedok', 'Singaporean')
insert into patient values ('S8222313R', 'YAN PENG', 'ONG', '1971-11-04', 38, 'male', 'Katong', 'Singaporean')
insert into patient values ('S6251827R', 'YU CHEN', 'CHOO', '1972-08-07', 37, 'female', 'Chinatown', 'Singaporean')
insert into patient values ('S7294207C', 'CHUEN HUA BENJAMIN', 'CHUA', '1969-03-22', 40, 'male', 'Keppel', 'Singaporean')
insert into patient values ('S7295777K', 'CHOON SENG', 'TAN', '1982-10-11', 27, 'male', 'Toa Payo', 'Singaporean')
insert into patient values ('S6277950O', 'KIA YONG', 'SOO', '1971-11-02', 38, 'male', 'Punggol', 'Singaporean')
insert into patient values ('S7285360P', 'TAT LEONG KENNETH', 'HO', '1988-11-13', 21, 'male', 'Keppel', 'Singaporean')
insert into patient values ('S8294588S', 'TECK CHENG JAN', 'TEO', '1970-03-02', 39, 'male', 'Chinatown', 'Singaporean')
insert into patient values ('S7272954Y', 'CHUNJING', 'HAR', '1981-07-01', 28, 'male', 'Bedok', 'Singaporean')
insert into patient values ('S7268270K', 'CHEN SEONG', 'CHONG', '1982-09-13', 27, 'female', 'Chinatown', 'Singaporean')
insert into patient values ('S6228895T', 'YASA JAYANTO', 'DHARMA', '1978-07-06', 31, 'female', 'Punggol', 'Singaporean')
insert into patient values ('S7273646J', 'WEE YEOW', 'YEO', '1983-10-11', 26, 'female', 'Chinatown', 'Singaporean')
insert into patient values ('S7274457Z', 'GIM PHUI', 'CHUA', '1980-12-23', 29, 'male', 'Punggol', 'Singaporean')
insert into patient values ('S7263251M', 'YON CHI GABRIEL', 'YEE', '1979-08-09', 30, 'male', 'Keppel', 'Singaporean')
insert into patient values ('S6276810V', 'HON CHOON CLAYTON', 'LIM', '1980-12-03', 29, 'male', 'Keppel', 'Singaporean')
insert into patient values ('S7236339L', 'HUI LING', 'LIM', '1973-11-11', 36, 'male', 'Toa Payo', 'Singaporean')
insert into patient values ('S8211218P', 'MIN', 'YANG', '1987-06-02', 22, 'male', 'Toa Payo', 'Singaporean')
insert into patient values ('S7289289N', 'LEI PENG IRENE', 'CHNG', '1982-03-25', 27, 'male', 'Toa Payo', 'Singaporean')
insert into patient values ('S7238872L', 'PRAYATNA SITUMORANG', 'CHRISTOPHER', '1983-11-09', 26, 'male', 'Katong', 'Singaporean')
insert into patient values ('S6236183S', 'MEI PEI', 'LEOW', '1984-10-17', 25, 'male', 'Bedok', 'Singaporean')
insert into patient values ('S7258437L', 'CHIN PEI', 'TEO', '1974-02-13', 35, 'male', 'Bedok', 'Singaporean')
insert into patient values ('S6250476N', 'WING SHAN SHIRLEY', 'ONG', '1980-06-13', 29, 'female', 'Chinatown', 'Singaporean')
insert into patient values ('S7248979P', 'SIEW HOON', 'TEO', '1971-10-01', 38, 'female', 'Changi', 'Singaporean')
insert into patient values ('S6284594U', 'AIK KANG', 'TAN', '1987-07-11', 22, 'female', 'Punggol', 'Singaporean')
insert into patient values ('S8293866G', 'CHIEH YEE', 'PUA', '1989-10-19', 20, 'male', 'Punggol', 'Singaporean')
insert into patient values ('S7230255A', 'IE BWEN JENNIFER', 'TEO', '1977-08-23', 32, 'male', 'Bedok', 'Singaporean')
insert into patient values ('S7238936P', 'SOCK FOONG', 'LIM', '1988-06-19', 21, 'male', 'Chinatown', 'Singaporean')
insert into patient values ('S6212430I', 'TZE SHEE', 'FONG', '1987-03-19', 22, 'female', 'Bedok', 'Singaporean')
insert into patient values ('S6243849V', 'CHOR CHOW', 'SENG', '1975-03-10', 34, 'male', 'Dover', 'Singaporean')

CREATE TABLE physician(physician_id varchar(30) NOT NULL, first_name text, last_name text, CONSTRAINT patient_pkey PRIMARY KEY (physician_id))
insert into physician values ('PH2000001', 'TAN', 'KIANG KHIANG')
insert into physician values ('PH2000002', 'LEE', 'MUN TAT')

CREATE TABLE treat(patient_id varchar(30), physician_id varchar(30), start_date text, end_date text)
insert into treat values ('S8284186E', 'PH2000001', '2008-11-10', '2008-11-15')
insert into treat values ('S8284186E', 'PH2000002', '2008-11-10', '2008-11-17')
insert into treat values ('S8285084H', 'PH2000001', '2006-03-07', '2006-03-13')
insert into treat values ('S8285084H', 'PH2000002', '2006-03-07', '2006-03-13')
insert into treat values ('S7177880B', 'PH2000001', '2007-09-18', '2007-09-25')
insert into treat values ('S7177880B', 'PH2000002', '2007-09-18', '2007-09-26')
insert into treat values ('S7138722B', 'PH2000001', '2008-05-02', '2008-05-07')
insert into treat values ('S7138722B', 'PH2000002', '2008-05-02', '2008-05-07')
insert into treat values ('S6148824M', 'PH2000001', '2009-02-08', '2009-02-12')
insert into treat values ('S6148824M', 'PH2000002', '2009-02-08', '2009-02-13')
insert into treat values ('S7118261I', 'PH2000001', '2007-05-05', '2007-05-13')
insert into treat values ('S7118261I', 'PH2000002', '2007-05-05', '2007-05-09')
insert into treat values ('S8187643T', 'PH2000001', '2007-05-05', '2007-05-11')
insert into treat values ('S8187643T', 'PH2000002', '2007-05-05', '2007-05-11')
insert into treat values ('S7137927N', 'PH2000001', '2008-01-07', '2008-01-12')
insert into treat values ('S7137927N', 'PH2000002', '2008-01-07', '2008-01-14')
insert into treat values ('S7171753Z', 'PH2000001', '2007-12-08', '2007-12-15')
insert into treat values ('S7171753Z', 'PH2000002', '2007-12-08', '2007-12-14')
insert into treat values ('S6122982N', 'PH2000001', '2008-08-02', '2008-08-07')
insert into treat values ('S6122982N', 'PH2000002', '2008-08-02', '2008-08-07')
insert into treat values ('S7145609I', 'PH2000001', '2007-09-08', '2007-09-12')
insert into treat values ('S7145609I', 'PH2000002', '2007-09-08', '2007-09-15')
insert into treat values ('S8167571C', 'PH2000001', '2007-05-10', '2007-05-16')
insert into treat values ('S8167571C', 'PH2000002', '2007-05-10', '2007-05-16')
insert into treat values ('S7187692Z', 'PH2000001', '2008-01-06', '2008-01-10')
insert into treat values ('S7187692Z', 'PH2000002', '2008-01-06', '2008-01-14')
insert into treat values ('S6112171U', 'PH2000001', '2007-02-14', '2007-02-19')
insert into treat values ('S6112171U', 'PH2000002', '2007-02-14', '2007-02-21')
insert into treat values ('S8198765N', 'PH2000001', '2009-03-17', '2009-03-22')
insert into treat values ('S8198765N', 'PH2000002', '2009-03-17', '2009-03-22')
insert into treat values ('S7194736O', 'PH2000001', '2008-12-03', '2008-12-08')
insert into treat values ('S7194736O', 'PH2000002', '2008-12-03', '2008-12-11')
insert into treat values ('S6137306F', 'PH2000001', '2009-05-15', '2009-05-22')
insert into treat values ('S6137306F', 'PH2000002', '2009-05-15', '2009-05-22')
insert into treat values ('S8188226G', 'PH2000001', '2007-10-04', '2007-10-10')
insert into treat values ('S8188226G', 'PH2000002', '2007-10-04', '2007-10-10')
insert into treat values ('S6138744F', 'PH2000001', '2008-09-05', '2008-09-10')
insert into treat values ('S6138744F', 'PH2000002', '2008-09-05', '2008-09-10')
insert into treat values ('S7171157X', 'PH2000001', '2006-02-06', '2006-02-11')
insert into treat values ('S7171157X', 'PH2000002', '2006-02-06', '2006-02-12')
insert into treat values ('S7163297W', 'PH2000001', '2008-03-02', '2008-03-09')
insert into treat values ('S7163297W', 'PH2000002', '2008-03-02', '2008-03-09')
insert into treat values ('S7195982X', 'PH2000001', '2008-09-15', '2008-09-20')
insert into treat values ('S7195982X', 'PH2000002', '2008-09-15', '2008-09-22')
insert into treat values ('S7189551N', 'PH2000001', '2008-03-07', '2008-03-12')
insert into treat values ('S7189551N', 'PH2000002', '2008-03-07', '2008-03-12')
insert into treat values ('S7180267D', 'PH2000001', '2009-06-10', '2009-06-16')
insert into treat values ('S7180267D', 'PH2000002', '2009-06-10', '2009-06-15')
insert into treat values ('S8179734S', 'PH2000001', '2007-05-07', '2007-05-15')
insert into treat values ('S8179734S', 'PH2000002', '2007-05-07', '2007-05-11')
insert into treat values ('S6137904U', 'PH2000001', '2008-01-15', '2008-01-21')
insert into treat values ('S6137904U', 'PH2000002', '2008-01-15', '2008-01-22')
insert into treat values ('S6191759M', 'PH2000001', '2009-07-14', '2009-07-21')
insert into treat values ('S6191759M', 'PH2000002', '2009-07-14', '2009-07-21')
insert into treat values ('S7118889U', 'PH2000001', '2007-03-13', '2007-03-17')
insert into treat values ('S7118889U', 'PH2000002', '2007-03-13', '2007-03-21')
insert into treat values ('S8216194K', 'PH2000001', '2006-03-12', '2006-03-18')
insert into treat values ('S8216194K', 'PH2000002', '2006-03-12', '2006-03-20')
insert into treat values ('S7239833C', 'PH2000001', '2006-08-16', '2006-08-21')
insert into treat values ('S7239833C', 'PH2000002', '2006-08-16', '2006-08-21')
insert into treat values ('S7266114H', 'PH2000001', '2006-10-10', '2006-10-16')
insert into treat values ('S7266114H', 'PH2000002', '2006-10-10', '2006-10-14')
insert into treat values ('S8250763O', 'PH2000001', '2007-03-14', '2007-03-21')
insert into treat values ('S8250763O', 'PH2000002', '2007-03-14', '2007-03-19')
insert into treat values ('S7272623O', 'PH2000001', '2007-01-06', '2007-01-13')
insert into treat values ('S7272623O', 'PH2000002', '2007-01-06', '2007-01-12')
insert into treat values ('S7295511D', 'PH2000001', '2009-02-06', '2009-02-12')
insert into treat values ('S7295511D', 'PH2000002', '2009-02-06', '2009-02-13')
insert into treat values ('S6264862V', 'PH2000001', '2007-12-11', '2007-12-18')
insert into treat values ('S6264862V', 'PH2000002', '2007-12-11', '2007-12-16')
insert into treat values ('S8214535T', 'PH2000001', '2007-11-11', '2007-11-17')
insert into treat values ('S8214535T', 'PH2000002', '2007-11-11', '2007-11-18')
insert into treat values ('S8221415T', 'PH2000001', '2007-08-07', '2007-08-15')
insert into treat values ('S8221415T', 'PH2000002', '2007-08-07', '2007-08-12')
insert into treat values ('S7222963R', 'PH2000001', '2008-06-07', '2008-06-12')
insert into treat values ('S7222963R', 'PH2000002', '2008-06-07', '2008-06-11')
insert into treat values ('S7247817Y', 'PH2000001', '2009-05-19', '2009-05-26')
insert into treat values ('S7247817Y', 'PH2000002', '2009-05-19', '2009-05-24')
insert into treat values ('S7221604D', 'PH2000001', '2008-02-14', '2008-02-21')
insert into treat values ('S7221604D', 'PH2000002', '2008-02-14', '2008-02-21')
insert into treat values ('S7282601I', 'PH2000001', '2008-12-14', '2008-12-18')
insert into treat values ('S7282601I', 'PH2000002', '2008-12-14', '2008-12-21')
insert into treat values ('S8298153V', 'PH2000001', '2008-02-07', '2008-02-11')
insert into treat values ('S8298153V', 'PH2000002', '2008-02-07', '2008-02-14')
insert into treat values ('S8288407C', 'PH2000001', '2007-09-06', '2007-09-13')
insert into treat values ('S8288407C', 'PH2000002', '2007-09-06', '2007-09-11')
insert into treat values ('S8274666V', 'PH2000001', '2007-11-16', '2007-11-21')
insert into treat values ('S8274666V', 'PH2000002', '2007-11-16', '2007-11-22')
insert into treat values ('S6271838N', 'PH2000001', '2007-08-08', '2007-08-15')
insert into treat values ('S6271838N', 'PH2000002', '2007-08-08', '2007-08-13')
insert into treat values ('S8281351K', 'PH2000001', '2006-11-14', '2006-11-20')
insert into treat values ('S8281351K', 'PH2000002', '2006-11-14', '2006-11-21')
insert into treat values ('S6217328D', 'PH2000001', '2008-06-14', '2008-06-19')
insert into treat values ('S6217328D', 'PH2000002', '2008-06-14', '2008-06-22')
insert into treat values ('S8288231F', 'PH2000001', '2007-05-08', '2007-05-13')
insert into treat values ('S8288231F', 'PH2000002', '2007-05-08', '2007-05-14')
insert into treat values ('S8249545W', 'PH2000001', '2007-03-07', '2007-03-13')
insert into treat values ('S8249545W', 'PH2000002', '2007-03-07', '2007-03-15')
insert into treat values ('S7282780C', 'PH2000001', '2009-05-13', '2009-05-20')
insert into treat values ('S7282780C', 'PH2000002', '2009-05-13', '2009-05-19')
insert into treat values ('S7240835V', 'PH2000001', '2008-05-20', '2008-05-27')
insert into treat values ('S7240835V', 'PH2000002', '2008-05-20', '2008-05-27')
insert into treat values ('S8247415J', 'PH2000001', '2006-11-18', '2006-11-24')
insert into treat values ('S8247415J', 'PH2000002', '2006-11-18', '2006-11-25')
insert into treat values ('S7294207C', 'PH2000001', '2009-06-11', '2009-06-15')
insert into treat values ('S7294207C', 'PH2000002', '2009-06-11', '2009-06-16')
insert into treat values ('S7295777K', 'PH2000001', '2008-09-02', '2008-09-07')
insert into treat values ('S7295777K', 'PH2000002', '2008-09-02', '2008-09-08')
insert into treat values ('S7285360P', 'PH2000001', '2008-05-02', '2008-05-09')
insert into treat values ('S7285360P', 'PH2000002', '2008-05-02', '2008-05-06')
insert into treat values ('S7274457Z', 'PH2000001', '2007-07-03', '2007-07-08')
insert into treat values ('S7274457Z', 'PH2000002', '2007-07-03', '2007-07-07')
insert into treat values ('S7258437L', 'PH2000001', '2008-06-08', '2008-06-14')
insert into treat values ('S7258437L', 'PH2000002', '2008-06-08', '2008-06-14')
insert into treat values ('S7230255A', 'PH2000001', '2006-08-16', '2006-08-23')
insert into treat values ('S7230255A', 'PH2000002', '2006-08-16', '2006-08-24')
insert into treat values ('S7238936P', 'PH2000001', '2007-08-16', '2007-08-24')
insert into treat values ('S7238936P', 'PH2000002', '2007-08-16', '2007-08-20')
insert into treat values ('S6243849V', 'PH2000001', '2006-07-09', '2006-07-16')
insert into treat values ('S6243849V', 'PH2000002', '2006-07-09', '2006-07-14')
insert into treat values ('S8348105F', 'PH2000001', '2007-05-19', '2007-05-24')
insert into treat values ('S8348105F', 'PH2000002', '2007-05-19', '2007-05-26')
insert into treat values ('S7317401Y', 'PH2000001', '2008-04-02', '2008-04-06')
insert into treat values ('S7317401Y', 'PH2000002', '2008-04-02', '2008-04-06')
insert into treat values ('S8349644P', 'PH2000001', '2007-11-05', '2007-11-12')
insert into treat values ('S8349644P', 'PH2000002', '2007-11-05', '2007-11-12')
insert into treat values ('S6375477Q', 'PH2000001', '2008-02-17', '2008-02-23')
insert into treat values ('S6375477Q', 'PH2000002', '2008-02-17', '2008-02-23')
insert into treat values ('S8336253M', 'PH2000001', '2008-06-10', '2008-06-15')
insert into treat values ('S8336253M', 'PH2000002', '2008-06-10', '2008-06-16')
insert into treat values ('S7361771G', 'PH2000001', '2007-01-07', '2007-01-14')
insert into treat values ('S7361771G', 'PH2000002', '2007-01-07', '2007-01-13')
insert into treat values ('S8379412E', 'PH2000001', '2006-07-12', '2006-07-19')
insert into treat values ('S8379412E', 'PH2000002', '2006-07-12', '2006-07-19')
insert into treat values ('S7324994L', 'PH2000001', '2007-09-16', '2007-09-22')
insert into treat values ('S7324994L', 'PH2000002', '2007-09-16', '2007-09-22')
insert into treat values ('S7379896S', 'PH2000001', '2007-08-06', '2007-08-12')
insert into treat values ('S7379896S', 'PH2000002', '2007-08-06', '2007-08-14')
insert into treat values ('S6357862F', 'PH2000001', '2008-09-12', '2008-09-19')
insert into treat values ('S6357862F', 'PH2000002', '2008-09-12', '2008-09-17')
insert into treat values ('S8368619G', 'PH2000001', '2007-06-04', '2007-06-10')
insert into treat values ('S8368619G', 'PH2000002', '2007-06-04', '2007-06-11')
insert into treat values ('S6312939K', 'PH2000001', '2007-07-10', '2007-07-17')
insert into treat values ('S6312939K', 'PH2000002', '2007-07-10', '2007-07-15')
insert into treat values ('S7332153N', 'PH2000001', '2006-09-13', '2006-09-17')
insert into treat values ('S7332153N', 'PH2000002', '2006-09-13', '2006-09-18')
insert into treat values ('S6320248T', 'PH2000001', '2007-06-13', '2007-06-18')
insert into treat values ('S6320248T', 'PH2000002', '2007-06-13', '2007-06-19')
insert into treat values ('S7371894D', 'PH2000001', '2009-04-14', '2009-04-19')
insert into treat values ('S7371894D', 'PH2000002', '2009-04-14', '2009-04-21')
insert into treat values ('S8342326Q', 'PH2000001', '2008-06-10', '2008-06-15')
insert into treat values ('S8342326Q', 'PH2000002', '2008-06-10', '2008-06-17')
insert into treat values ('S8310633S', 'PH2000001', '2008-01-16', '2008-01-21')
insert into treat values ('S8310633S', 'PH2000002', '2008-01-16', '2008-01-24')
insert into treat values ('S8367171C', 'PH2000001', '2008-05-15', '2008-05-21')
insert into treat values ('S8367171C', 'PH2000002', '2008-05-15', '2008-05-19')
insert into treat values ('S7373602T', 'PH2000001', '2008-04-20', '2008-04-24')
insert into treat values ('S7373602T', 'PH2000002', '2008-04-20', '2008-04-25')
insert into treat values ('S8443268C', 'PH2000001', '2007-10-20', '2007-10-24')
insert into treat values ('S8443268C', 'PH2000002', '2007-10-20', '2007-10-28')
insert into treat values ('S6456314P', 'PH2000001', '2007-06-06', '2007-06-12')
insert into treat values ('S6456314P', 'PH2000002', '2007-06-06', '2007-06-13')
insert into treat values ('S7425592E', 'PH2000001', '2006-03-05', '2006-03-11')
insert into treat values ('S7425592E', 'PH2000002', '2006-03-05', '2006-03-12')
insert into treat values ('S8425758I', 'PH2000001', '2007-09-09', '2007-09-14')
insert into treat values ('S8425758I', 'PH2000002', '2007-09-09', '2007-09-14')
insert into treat values ('S6421532V', 'PH2000001', '2007-08-02', '2007-08-10')
insert into treat values ('S6421532V', 'PH2000002', '2007-08-02', '2007-08-09')
insert into treat values ('S8458523H', 'PH2000001', '2006-10-16', '2006-10-22')
insert into treat values ('S8458523H', 'PH2000002', '2006-10-16', '2006-10-23')
insert into treat values ('S7411581K', 'PH2000001', '2006-08-02', '2006-08-06')
insert into treat values ('S7411581K', 'PH2000002', '2006-08-02', '2006-08-08')
insert into treat values ('S7489185S', 'PH2000001', '2008-03-05', '2008-03-11')
insert into treat values ('S7489185S', 'PH2000002', '2008-03-05', '2008-03-10')
insert into treat values ('S6450563P', 'PH2000001', '2009-06-08', '2009-06-14')
insert into treat values ('S6450563P', 'PH2000002', '2009-06-08', '2009-06-14')
insert into treat values ('S7411390P', 'PH2000001', '2008-09-16', '2008-09-23')
insert into treat values ('S7411390P', 'PH2000002', '2008-09-16', '2008-09-22')
insert into treat values ('S7438497C', 'PH2000001', '2007-08-08', '2007-08-13')
insert into treat values ('S7438497C', 'PH2000002', '2007-08-08', '2007-08-15')
insert into treat values ('S8497138P', 'PH2000001', '2006-07-14', '2006-07-19')
insert into treat values ('S8497138P', 'PH2000002', '2006-07-14', '2006-07-20')
insert into treat values ('S7418166O', 'PH2000001', '2006-02-10', '2006-02-16')
insert into treat values ('S7418166O', 'PH2000002', '2006-02-10', '2006-02-16')
insert into treat values ('S6437581Y', 'PH2000001', '2006-07-07', '2006-07-14')
insert into treat values ('S6437581Y', 'PH2000002', '2006-07-07', '2006-07-14')
insert into treat values ('S7419644Q', 'PH2000001', '2007-01-14', '2007-01-21')
insert into treat values ('S7419644Q', 'PH2000002', '2007-01-14', '2007-01-19')
insert into treat values ('S8435240O', 'PH2000001', '2007-02-11', '2007-02-17')
insert into treat values ('S8435240O', 'PH2000002', '2007-02-11', '2007-02-16')
insert into treat values ('S7570667B', 'PH2000001', '2006-08-07', '2006-08-12')
insert into treat values ('S7570667B', 'PH2000002', '2006-08-07', '2006-08-12')
insert into treat values ('S7551588F', 'PH2000001', '2008-11-04', '2008-11-10')
insert into treat values ('S7551588F', 'PH2000002', '2008-11-04', '2008-11-09')
insert into treat values ('S7572327H', 'PH2000001', '2006-06-06', '2006-06-12')
insert into treat values ('S7572327H', 'PH2000002', '2006-06-06', '2006-06-13')
insert into treat values ('S8574938M', 'PH2000001', '2006-07-10', '2006-07-14')
insert into treat values ('S8574938M', 'PH2000002', '2006-07-10', '2006-07-16')
insert into treat values ('S7551347S', 'PH2000001', '2008-08-14', '2008-08-22')
insert into treat values ('S7551347S', 'PH2000002', '2008-08-14', '2008-08-20')
insert into treat values ('S6516357V', 'PH2000001', '2008-11-16', '2008-11-24')
insert into treat values ('S6516357V', 'PH2000002', '2008-11-16', '2008-11-23')
insert into treat values ('S7553175G', 'PH2000001', '2009-03-04', '2009-03-08')
insert into treat values ('S7553175G', 'PH2000002', '2009-03-04', '2009-03-11')
insert into treat values ('S7560551R', 'PH2000001', '2008-07-12', '2008-07-18')
insert into treat values ('S7560551R', 'PH2000002', '2008-07-12', '2008-07-16')
insert into treat values ('S8574638X', 'PH2000001', '2007-08-03', '2007-08-08')
insert into treat values ('S8574638X', 'PH2000002', '2007-08-03', '2007-08-11')
insert into treat values ('S8554846K', 'PH2000001', '2009-06-15', '2009-06-21')
insert into treat values ('S8554846K', 'PH2000002', '2009-06-15', '2009-06-22')
insert into treat values ('S7567359S', 'PH2000001', '2008-10-05', '2008-10-11')
insert into treat values ('S7567359S', 'PH2000002', '2008-10-05', '2008-10-09')
insert into treat values ('S7556818T', 'PH2000001', '2007-09-01', '2007-09-09')
insert into treat values ('S7556818T', 'PH2000002', '2007-09-01', '2007-09-07')
insert into treat values ('S6567620J', 'PH2000001', '2007-04-20', '2007-04-27')
insert into treat values ('S6567620J', 'PH2000002', '2007-04-20', '2007-04-26')
insert into treat values ('S7583889O', 'PH2000001', '2009-03-13', '2009-03-20')
insert into treat values ('S7583889O', 'PH2000002', '2009-03-13', '2009-03-18')
insert into treat values ('S7519334A', 'PH2000001', '2009-06-07', '2009-06-15')
insert into treat values ('S7519334A', 'PH2000002', '2009-06-07', '2009-06-15')
insert into treat values ('S6572776N', 'PH2000001', '2007-12-15', '2007-12-23')
insert into treat values ('S6572776N', 'PH2000002', '2007-12-15', '2007-12-22')
insert into treat values ('S7546913Q', 'PH2000001', '2007-02-06', '2007-02-14')
insert into treat values ('S7546913Q', 'PH2000002', '2007-02-06', '2007-02-14')
insert into treat values ('S7532173Q', 'PH2000001', '2008-05-03', '2008-05-11')
insert into treat values ('S7532173Q', 'PH2000002', '2008-05-03', '2008-05-10')
insert into treat values ('S6550989M', 'PH2000001', '2007-02-10', '2007-02-17')
insert into treat values ('S6550989M', 'PH2000002', '2007-02-10', '2007-02-14')
insert into treat values ('S7571837V', 'PH2000001', '2006-04-18', '2006-04-26')
insert into treat values ('S7571837V', 'PH2000002', '2006-04-18', '2006-04-23')
insert into treat values ('S7512999Y', 'PH2000001', '2009-02-06', '2009-02-11')
insert into treat values ('S7512999Y', 'PH2000002', '2009-02-06', '2009-02-11')
insert into treat values ('S8538193I', 'PH2000001', '2008-09-04', '2008-09-09')
insert into treat values ('S8538193I', 'PH2000002', '2008-09-04', '2008-09-11')
insert into treat values ('S8612707S', 'PH2000001', '2008-11-12', '2008-11-18')
insert into treat values ('S8612707S', 'PH2000002', '2008-11-12', '2008-11-18')
insert into treat values ('S8684993G', 'PH2000001', '2006-08-08', '2006-08-14')
insert into treat values ('S8684993G', 'PH2000002', '2006-08-08', '2006-08-16')
insert into treat values ('S7680197M', 'PH2000001', '2007-03-02', '2007-03-08')
insert into treat values ('S7680197M', 'PH2000002', '2007-03-02', '2007-03-08')
insert into treat values ('S7687312H', 'PH2000001', '2008-10-18', '2008-10-23')
insert into treat values ('S7687312H', 'PH2000002', '2008-10-18', '2008-10-23')
insert into treat values ('S6660623I', 'PH2000001', '2009-03-14', '2009-03-22')
insert into treat values ('S6660623I', 'PH2000002', '2009-03-14', '2009-03-21')
insert into treat values ('S8629269G', 'PH2000001', '2009-03-02', '2009-03-07')
insert into treat values ('S8629269G', 'PH2000002', '2009-03-02', '2009-03-08')
insert into treat values ('S7612103K', 'PH2000001', '2007-03-08', '2007-03-13')
insert into treat values ('S7612103K', 'PH2000002', '2007-03-08', '2007-03-12')
insert into treat values ('S7691378I', 'PH2000001', '2008-09-07', '2008-09-14')
insert into treat values ('S7691378I', 'PH2000002', '2008-09-07', '2008-09-14')
insert into treat values ('S7636847K', 'PH2000001', '2009-03-05', '2009-03-12')
insert into treat values ('S7636847K', 'PH2000002', '2009-03-05', '2009-03-10')
insert into treat values ('S7666944X', 'PH2000001', '2008-06-03', '2008-06-07')
insert into treat values ('S7666944X', 'PH2000002', '2008-06-03', '2008-06-08')
insert into treat values ('S7618137P', 'PH2000001', '2006-08-11', '2006-08-18')
insert into treat values ('S7618137P', 'PH2000002', '2006-08-11', '2006-08-17')
insert into treat values ('S8676589W', 'PH2000001', '2009-07-04', '2009-07-11')
insert into treat values ('S8676589W', 'PH2000002', '2009-07-04', '2009-07-10')
insert into treat values ('S8687187I', 'PH2000001', '2009-01-16', '2009-01-21')
insert into treat values ('S8687187I', 'PH2000002', '2009-01-16', '2009-01-22')
insert into treat values ('S7647622E', 'PH2000001', '2009-05-05', '2009-05-13')
insert into treat values ('S7647622E', 'PH2000002', '2009-05-05', '2009-05-12')
insert into treat values ('S7636200J', 'PH2000001', '2007-05-17', '2007-05-24')
insert into treat values ('S7636200J', 'PH2000002', '2007-05-17', '2007-05-25')
insert into treat values ('S6650749S', 'PH2000001', '2008-10-14', '2008-10-18')
insert into treat values ('S6650749S', 'PH2000002', '2008-10-14', '2008-10-18')
insert into treat values ('S6648445M', 'PH2000001', '2009-06-02', '2009-06-10')
insert into treat values ('S6648445M', 'PH2000002', '2009-06-02', '2009-06-08')
insert into treat values ('S7672862D', 'PH2000001', '2007-02-10', '2007-02-16')
insert into treat values ('S7672862D', 'PH2000002', '2007-02-10', '2007-02-15')
insert into treat values ('S6665107Z', 'PH2000001', '2007-03-19', '2007-03-25')
insert into treat values ('S6665107Z', 'PH2000002', '2007-03-19', '2007-03-24')
insert into treat values ('S6652817Y', 'PH2000001', '2007-02-18', '2007-02-25')
insert into treat values ('S6652817Y', 'PH2000002', '2007-02-18', '2007-02-22')
insert into treat values ('S7639431U', 'PH2000001', '2006-02-02', '2006-02-06')
insert into treat values ('S7639431U', 'PH2000002', '2006-02-02', '2006-02-08')
insert into treat values ('S7631906K', 'PH2000001', '2008-11-12', '2008-11-19')
insert into treat values ('S7631906K', 'PH2000002', '2008-11-12', '2008-11-19')
insert into treat values ('S7656376J', 'PH2000001', '2008-11-08', '2008-11-16')
insert into treat values ('S7656376J', 'PH2000002', '2008-11-08', '2008-11-14')
insert into treat values ('S7619280N', 'PH2000001', '2009-02-09', '2009-02-13')
insert into treat values ('S7619280N', 'PH2000002', '2009-02-09', '2009-02-17')
insert into treat values ('S8660744W', 'PH2000001', '2008-05-06', '2008-05-13')
insert into treat values ('S8660744W', 'PH2000002', '2008-05-06', '2008-05-13')
insert into treat values ('S7639502T', 'PH2000001', '2007-10-09', '2007-10-13')
insert into treat values ('S7639502T', 'PH2000002', '2007-10-09', '2007-10-13')

CREATE TABLE visit(patient_id text, visit_date text, location text, reason text)
insert into visit values ('S8284186E', '2008-11-10', 'Alexandra Hospital', 'cephalea')
insert into visit values ('S8285084H', '2006-03-07', 'Alexandra Hospital', 'stomach problem')
insert into visit values ('S7177880B', '2007-09-18', 'Alexandra Hospital', 'sore throat')
insert into visit values ('S7138722B', '2008-05-02', 'Alexandra Hospital', 'fever')
insert into visit values ('S6148824M', '2009-02-08', 'Alexandra Hospital', 'heart problem')
insert into visit values ('S7118261I', '2007-05-05', 'Alexandra Hospital', 'backache')
insert into visit values ('S8187643T', '2007-05-05', 'Alexandra Hospital', 'cough')
insert into visit values ('S7137927N', '2008-01-07', 'Alexandra Hospital', 'backache')
insert into visit values ('S7171753Z', '2007-12-08', 'Alexandra Hospital', 'fever')
insert into visit values ('S6122982N', '2008-08-02', 'Alexandra Hospital', 'heart problem')
insert into visit values ('S7145609I', '2007-09-08', 'Alexandra Hospital', 'backache')
insert into visit values ('S8167571C', '2007-05-10', 'Alexandra Hospital', 'fever')
insert into visit values ('S7187692Z', '2008-01-06', 'Alexandra Hospital', 'stomach problem')
insert into visit values ('S6112171U', '2007-02-14', 'Alexandra Hospital', 'cough')
insert into visit values ('S8198765N', '2009-03-17', 'Alexandra Hospital', 'fever')
insert into visit values ('S7194736O', '2008-12-03', 'Alexandra Hospital', 'sore throat')
insert into visit values ('S6137306F', '2009-05-15', 'Alexandra Hospital', 'heart problem')
insert into visit values ('S8188226G', '2007-10-04', 'Alexandra Hospital', 'stomach problem')
insert into visit values ('S6138744F', '2008-09-05', 'Alexandra Hospital', 'cephalea')
insert into visit values ('S7171157X', '2006-02-06', 'Alexandra Hospital', 'sore throat')
insert into visit values ('S7163297W', '2008-03-02', 'Alexandra Hospital', 'heart problem')
insert into visit values ('S7195982X', '2008-09-15', 'Alexandra Hospital', 'backache')
insert into visit values ('S7189551N', '2008-03-07', 'Alexandra Hospital', 'backache')
insert into visit values ('S7180267D', '2009-06-10', 'Alexandra Hospital', 'cough')
insert into visit values ('S8179734S', '2007-05-07', 'Alexandra Hospital', 'backache')
insert into visit values ('S6137904U', '2008-01-15', 'Alexandra Hospital', 'fever')
insert into visit values ('S6191759M', '2009-07-14', 'Alexandra Hospital', 'heart problem')
insert into visit values ('S7118889U', '2007-03-13', 'Alexandra Hospital', 'backache')
insert into visit values ('S8216194K', '2006-03-12', 'Alexandra Hospital', 'heart problem')
insert into visit values ('S7239833C', '2006-08-16', 'Alexandra Hospital', 'fever')
insert into visit values ('S7266114H', '2006-10-10', 'Alexandra Hospital', 'heart problem')
insert into visit values ('S8250763O', '2007-03-14', 'Alexandra Hospital', 'fever')
insert into visit values ('S7272623O', '2007-01-06', 'Alexandra Hospital', 'heart problem')
insert into visit values ('S7295511D', '2009-02-06', 'Alexandra Hospital', 'cough')
insert into visit values ('S6264862V', '2007-12-11', 'Alexandra Hospital', 'backache')
insert into visit values ('S8214535T', '2007-11-11', 'Alexandra Hospital', 'fever')
insert into visit values ('S8221415T', '2007-08-07', 'Alexandra Hospital', 'backache')
insert into visit values ('S7222963R', '2008-06-07', 'Alexandra Hospital', 'sore throat')
insert into visit values ('S7247817Y', '2009-05-19', 'Alexandra Hospital', 'fever')
insert into visit values ('S7221604D', '2008-02-14', 'Alexandra Hospital', 'stomach problem')
insert into visit values ('S7282601I', '2008-12-14', 'Alexandra Hospital', 'cough')
insert into visit values ('S8298153V', '2008-02-07', 'Alexandra Hospital', 'backache')
insert into visit values ('S8288407C', '2007-09-06', 'Alexandra Hospital', 'cough')
insert into visit values ('S8274666V', '2007-11-16', 'Alexandra Hospital', 'heart problem')
insert into visit values ('S6271838N', '2007-08-08', 'Alexandra Hospital', 'fever')
insert into visit values ('S8281351K', '2006-11-14', 'Alexandra Hospital', 'stomach problem')
insert into visit values ('S6217328D', '2008-06-14', 'Alexandra Hospital', 'cephalea')
insert into visit values ('S8288231F', '2007-05-08', 'Alexandra Hospital', 'heart problem')
insert into visit values ('S8249545W', '2007-03-07', 'Alexandra Hospital', 'backache')
insert into visit values ('S7282780C', '2009-05-13', 'Alexandra Hospital', 'sore throat')
insert into visit values ('S7240835V', '2008-05-20', 'Alexandra Hospital', 'heart problem')
insert into visit values ('S8247415J', '2006-11-18', 'Alexandra Hospital', 'backache')
insert into visit values ('S7294207C', '2009-06-11', 'Alexandra Hospital', 'fever')
insert into visit values ('S7295777K', '2008-09-02', 'Alexandra Hospital', 'cough')
insert into visit values ('S7285360P', '2008-05-02', 'Alexandra Hospital', 'sore throat')
insert into visit values ('S7274457Z', '2007-07-03', 'Alexandra Hospital', 'cough')
insert into visit values ('S7258437L', '2008-06-08', 'Alexandra Hospital', 'fever')
insert into visit values ('S7230255A', '2006-08-16', 'Alexandra Hospital', 'fever')
insert into visit values ('S7238936P', '2007-08-16', 'Alexandra Hospital', 'stomach problem')
insert into visit values ('S6243849V', '2006-07-09', 'Alexandra Hospital', 'heart problem')
insert into visit values ('S8348105F', '2007-05-19', 'Alexandra Hospital', 'fever')
insert into visit values ('S7317401Y', '2008-04-02', 'Alexandra Hospital', 'cephalea')
insert into visit values ('S8349644P', '2007-11-05', 'Alexandra Hospital', 'cephalea')
insert into visit values ('S6375477Q', '2008-02-17', 'Alexandra Hospital', 'sore throat')
insert into visit values ('S8336253M', '2008-06-10', 'Alexandra Hospital', 'cough')
insert into visit values ('S7361771G', '2007-01-07', 'Alexandra Hospital', 'cough')
insert into visit values ('S8379412E', '2006-07-12', 'Alexandra Hospital', 'sore throat')
insert into visit values ('S7324994L', '2007-09-16', 'Alexandra Hospital', 'sore throat')
insert into visit values ('S7379896S', '2007-08-06', 'Alexandra Hospital', 'fever')
insert into visit values ('S6357862F', '2008-09-12', 'Alexandra Hospital', 'stomach problem')
insert into visit values ('S8368619G', '2007-06-04', 'Alexandra Hospital', 'fever')
insert into visit values ('S6312939K', '2007-07-10', 'Alexandra Hospital', 'backache')
insert into visit values ('S7332153N', '2006-09-13', 'Alexandra Hospital', 'stomach problem')
insert into visit values ('S6320248T', '2007-06-13', 'Alexandra Hospital', 'cough')
insert into visit values ('S7371894D', '2009-04-14', 'Alexandra Hospital', 'fever')
insert into visit values ('S8342326Q', '2008-06-10', 'Alexandra Hospital', 'heart problem')
insert into visit values ('S8310633S', '2008-01-16', 'Alexandra Hospital', 'backache')
insert into visit values ('S8367171C', '2008-05-15', 'Alexandra Hospital', 'backache')
insert into visit values ('S7373602T', '2008-04-20', 'Alexandra Hospital', 'heart problem')
insert into visit values ('S8443268C', '2007-10-20', 'Alexandra Hospital', 'stomach problem')
insert into visit values ('S6456314P', '2007-06-06', 'Alexandra Hospital', 'sore throat')
insert into visit values ('S7425592E', '2006-03-05', 'Alexandra Hospital', 'cephalea')
insert into visit values ('S8425758I', '2007-09-09', 'Alexandra Hospital', 'fever')
insert into visit values ('S6421532V', '2007-08-02', 'Alexandra Hospital', 'stomach problem')
insert into visit values ('S8458523H', '2006-10-16', 'Alexandra Hospital', 'sore throat')
insert into visit values ('S7411581K', '2006-08-02', 'Alexandra Hospital', 'fever')
insert into visit values ('S7489185S', '2008-03-05', 'Alexandra Hospital', 'stomach problem')
insert into visit values ('S6450563P', '2009-06-08', 'Alexandra Hospital', 'stomach problem')
insert into visit values ('S7411390P', '2008-09-16', 'Alexandra Hospital', 'backache')
insert into visit values ('S7438497C', '2007-08-08', 'Alexandra Hospital', 'fever')
insert into visit values ('S8497138P', '2006-07-14', 'Alexandra Hospital', 'stomach problem')
insert into visit values ('S7418166O', '2006-02-10', 'Alexandra Hospital', 'fever')
insert into visit values ('S6437581Y', '2006-07-07', 'Alexandra Hospital', 'cough')
insert into visit values ('S7419644Q', '2007-01-14', 'Alexandra Hospital', 'stomach problem')
insert into visit values ('S8435240O', '2007-02-11', 'Alexandra Hospital', 'cephalea')
insert into visit values ('S7570667B', '2006-08-07', 'Alexandra Hospital', 'cough')
insert into visit values ('S7551588F', '2008-11-04', 'Alexandra Hospital', 'stomach problem')
insert into visit values ('S7572327H', '2006-06-06', 'Alexandra Hospital', 'respiratory problem')
insert into visit values ('S8574938M', '2006-07-10', 'Alexandra Hospital', 'stomach problem')
insert into visit values ('S7551347S', '2008-08-14', 'Alexandra Hospital', 'stomach problem')
insert into visit values ('S6516357V', '2008-11-16', 'Alexandra Hospital', 'cough')
insert into visit values ('S7553175G', '2009-03-04', 'Alexandra Hospital', 'heart problem')
insert into visit values ('S7560551R', '2008-07-12', 'Alexandra Hospital', 'fever')
insert into visit values ('S8574638X', '2007-08-03', 'Alexandra Hospital', 'heart problem')
insert into visit values ('S8554846K', '2009-06-15', 'Alexandra Hospital', 'cough')
insert into visit values ('S7567359S', '2008-10-05', 'Alexandra Hospital', 'sore throat')
insert into visit values ('S7556818T', '2007-09-01', 'Alexandra Hospital', 'cephalea')
insert into visit values ('S6567620J', '2007-04-20', 'Alexandra Hospital', 'backache')
insert into visit values ('S7583889O', '2009-03-13', 'Alexandra Hospital', 'cough')
insert into visit values ('S7519334A', '2009-06-07', 'Alexandra Hospital', 'heart problem')
insert into visit values ('S6572776N', '2007-12-15', 'Alexandra Hospital', 'heart problem')
insert into visit values ('S7546913Q', '2007-02-06', 'Alexandra Hospital', 'cough')
insert into visit values ('S7532173Q', '2008-05-03', 'Alexandra Hospital', 'sore throat')
insert into visit values ('S6550989M', '2007-02-10', 'Alexandra Hospital', 'backache')
insert into visit values ('S7571837V', '2006-04-18', 'Alexandra Hospital', 'backache')
insert into visit values ('S7512999Y', '2009-02-06', 'Alexandra Hospital', 'heart problem')
insert into visit values ('S8538193I', '2008-09-04', 'Alexandra Hospital', 'cephalea')
insert into visit values ('S8612707S', '2008-11-12', 'Alexandra Hospital', 'stomach problem')
insert into visit values ('S8684993G', '2006-08-08', 'Alexandra Hospital', 'backache')
insert into visit values ('S7680197M', '2007-03-02', 'Alexandra Hospital', 'heart problem')
insert into visit values ('S7687312H', '2008-10-18', 'Alexandra Hospital', 'fever')
insert into visit values ('S6660623I', '2009-03-14', 'Alexandra Hospital', 'backache')
insert into visit values ('S8629269G', '2009-03-02', 'Alexandra Hospital', 'heart problem')
insert into visit values ('S7612103K', '2007-03-08', 'Alexandra Hospital', 'backache')
insert into visit values ('S7691378I', '2008-09-07', 'Alexandra Hospital', 'sore throat')
insert into visit values ('S7636847K', '2009-03-05', 'Alexandra Hospital', 'cough')
insert into visit values ('S7666944X', '2008-06-03', 'Alexandra Hospital', 'cough')
insert into visit values ('S7618137P', '2006-08-11', 'Alexandra Hospital', 'backache')
insert into visit values ('S8676589W', '2009-07-04', 'Alexandra Hospital', 'heart problem')
insert into visit values ('S8687187I', '2009-01-16', 'Alexandra Hospital', 'sore throat')
insert into visit values ('S7647622E', '2009-05-05', 'Alexandra Hospital', 'backache')
insert into visit values ('S7636200J', '2007-05-17', 'Alexandra Hospital', 'fever')
insert into visit values ('S6650749S', '2008-10-14', 'Alexandra Hospital', 'cough')
insert into visit values ('S6648445M', '2009-06-02', 'Alexandra Hospital', 'backache')
insert into visit values ('S7672862D', '2007-02-10', 'Alexandra Hospital', 'respiratory problem')
insert into visit values ('S6665107Z', '2007-03-19', 'Alexandra Hospital', 'heart problem')
insert into visit values ('S6652817Y', '2007-02-18', 'Alexandra Hospital', 'cephalea')
insert into visit values ('S7639431U', '2006-02-02', 'Alexandra Hospital', 'fever')
insert into visit values ('S7631906K', '2008-11-12', 'Alexandra Hospital', 'cough')
insert into visit values ('S7656376J', '2008-11-08', 'Alexandra Hospital', 'cephalea')
insert into visit values ('S7619280N', '2009-02-09', 'Alexandra Hospital', 'cephalea')
insert into visit values ('S8660744W', '2008-05-06', 'Alexandra Hospital', 'stomach problem')
insert into visit values ('S7639502T', '2007-10-09', 'Alexandra Hospital', 'heart problem')

CREATE TABLE medical_test(patient_id varchar(30), test_name text, value text, test_date text)
insert into medical_test values ('S8284186E', 'MCHC', '31 g/dl', '2008-11-10')
insert into medical_test values ('S8285084H', 'heart rate', '56', '2006-03-07')
insert into medical_test values ('S7177880B', 'MCHC', '35 g/dl', '2007-09-18')
insert into medical_test values ('S7138722B', 'mean corpuscular hemoglobin', '31 pg', '2008-05-02')
insert into medical_test values ('S6148824M', 'MCHC', '33 g/dl', '2009-02-08')
insert into medical_test values ('S7118261I', 'heart rate', '69', '2007-05-05')
insert into medical_test values ('S8187643T', 'mean corpuscular volume', '89 fl', '2007-05-05')
insert into medical_test values ('S7137927N', 'mean corpuscular hemoglobin', '29 pg', '2008-01-07')
insert into medical_test values ('S7171753Z', 'red cell distribution width', '11.9%', '2007-12-08')
insert into medical_test values ('S6122982N', 'MCHC', '35 g/dl', '2008-08-02')
insert into medical_test values ('S7145609I', 'arterial blood gas', '7.25 pH', '2007-09-08')
insert into medical_test values ('S8167571C', 'arterial blood gas', ' 7.37 pH', '2007-05-10')
insert into medical_test values ('S7187692Z', 'MCHC', '33 g/dl', '2008-01-06')
insert into medical_test values ('S6112171U', 'total iron binding capacity', '400 mcg/dl', '2007-02-14')
insert into medical_test values ('S8198765N', 'mean corpuscular hemoglobin', '34 pg', '2009-03-17')
insert into medical_test values ('S7194736O', 'mean corpuscular hemoglobin', '31 pg', '2008-12-03')
insert into medical_test values ('S6137306F', 'mean corpuscular volume', '85 fl', '2009-05-15')
insert into medical_test values ('S8188226G', 'mean corpuscular hemoglobin', '29 pg', '2007-10-04')
insert into medical_test values ('S6138744F', 'red cell distribution width', '11.5%', '2008-09-05')
insert into medical_test values ('S7171157X', 'total iron binding capacity', '410 mcg/dl', '2006-02-06')
insert into medical_test values ('S7163297W', 'heart rate', '69', '2008-03-02')
insert into medical_test values ('S7195982X', 'heart rate', '69', '2008-09-15')
insert into medical_test values ('S7189551N', 'mean corpuscular volume', '85 fl', '2008-03-07')
insert into medical_test values ('S7180267D', 'mean corpuscular volume', '89 fl', '2009-06-10')
insert into medical_test values ('S8179734S', 'total iron binding capacity', '400 mcg/dl', '2007-05-07')
insert into medical_test values ('S6137904U', 'total iron binding capacity', '240 mcg/dl', '2008-01-15')
insert into medical_test values ('S6191759M', 'mean corpuscular hemoglobin', '26 pg', '2009-07-14')
insert into medical_test values ('S7118889U', 'heart rate', '63', '2007-03-13')
insert into medical_test values ('S8216194K', 'arterial blood gas', '7.13 pH', '2006-03-12')
insert into medical_test values ('S7239833C', 'mean corpuscular volume', '85 fl', '2006-08-16')
insert into medical_test values ('S7266114H', 'MCHC', '33 g/dl', '2006-10-10')
insert into medical_test values ('S8250763O', 'mean corpuscular hemoglobin', '31 pg', '2007-03-14')
insert into medical_test values ('S7272623O', 'mean corpuscular hemoglobin', '34 pg', '2007-01-06')
insert into medical_test values ('S7295511D', 'mean corpuscular hemoglobin', '26 pg', '2009-02-06')
insert into medical_test values ('S6264862V', 'red cell distribution width', '13.6%', '2007-12-11')
insert into medical_test values ('S8214535T', 'heart rate', '56', '2007-11-11')
insert into medical_test values ('S8221415T', 'mean corpuscular hemoglobin', '31 pg', '2007-08-07')
insert into medical_test values ('S7222963R', 'mean corpuscular hemoglobin', '31 pg', '2008-06-07')
insert into medical_test values ('S7247817Y', 'arterial blood gas', ' 7.41 pH', '2009-05-19')
insert into medical_test values ('S7221604D', 'mean corpuscular hemoglobin', '31 pg', '2008-02-14')
insert into medical_test values ('S7282601I', 'arterial blood gas', ' 7.41 pH', '2008-12-14')
insert into medical_test values ('S8298153V', 'arterial blood gas', ' 7.48 pH', '2008-02-07')
insert into medical_test values ('S8288407C', 'total iron binding capacity', '290 mcg/dl', '2007-09-06')
insert into medical_test values ('S8274666V', 'red cell distribution width', '14.5%', '2007-11-16')
insert into medical_test values ('S6271838N', 'arterial blood gas', ' 7.41 pH', '2007-08-08')
insert into medical_test values ('S8281351K', 'MCHC', '33 g/dl', '2006-11-14')
insert into medical_test values ('S6217328D', 'heart rate', '69', '2008-06-14')
insert into medical_test values ('S8288231F', 'MCHC', '35 g/dl', '2007-05-08')
insert into medical_test values ('S8249545W', 'heart rate', '63', '2007-03-07')
insert into medical_test values ('S7282780C', 'heart rate', '69', '2009-05-13')
insert into medical_test values ('S7240835V', 'mean corpuscular volume', '89 fl', '2008-05-20')
insert into medical_test values ('S8247415J', 'total iron binding capacity', '450 mcg/dl', '2006-11-18')
insert into medical_test values ('S7294207C', 'mean corpuscular volume', '85 fl', '2009-06-11')
insert into medical_test values ('S7295777K', 'arterial blood gas', ' 7.41 pH', '2008-09-02')
insert into medical_test values ('S7285360P', 'red cell distribution width', '11.9%', '2008-05-02')
insert into medical_test values ('S7274457Z', 'heart rate', '63', '2007-07-03')
insert into medical_test values ('S7258437L', 'heart rate', '69', '2008-06-08')
insert into medical_test values ('S7230255A', 'mean corpuscular hemoglobin', '29 pg', '2006-08-16')
insert into medical_test values ('S7238936P', 'total iron binding capacity', '240 mcg/dl', '2007-08-16')
insert into medical_test values ('S6243849V', 'mean corpuscular volume', '89 fl', '2006-07-09')
insert into medical_test values ('S8348105F', 'mean corpuscular volume', '82 fl', '2007-05-19')
insert into medical_test values ('S7317401Y', 'red cell distribution width', '11.5%', '2008-04-02')
insert into medical_test values ('S8349644P', 'total iron binding capacity', '320 mcg/dl', '2007-11-05')
insert into medical_test values ('S6375477Q', 'heart rate', '71', '2008-02-17')
insert into medical_test values ('S8336253M', 'red cell distribution width', '11.9%', '2008-06-10')
insert into medical_test values ('S7361771G', 'arterial blood gas', ' 7.41 pH', '2007-01-07')
insert into medical_test values ('S8379412E', 'red cell distribution width', '13.6%', '2006-07-12')
insert into medical_test values ('S7324994L', 'mean corpuscular volume', '99 fl', '2007-09-16')
insert into medical_test values ('S7379896S', 'red cell distribution width', '11.9%', '2007-08-06')
insert into medical_test values ('S6357862F', 'total iron binding capacity', '400 mcg/dl', '2008-09-12')
insert into medical_test values ('S8368619G', 'arterial blood gas', ' 7.41 pH', '2007-06-04')
insert into medical_test values ('S6312939K', 'mean corpuscular volume', '99 fl', '2007-07-10')
insert into medical_test values ('S7332153N', 'total iron binding capacity', '290 mcg/dl', '2006-09-13')
insert into medical_test values ('S6320248T', 'mean corpuscular volume', '99 fl', '2007-06-13')
insert into medical_test values ('S7371894D', 'MCHC', '33 g/dl', '2009-04-14')
insert into medical_test values ('S8342326Q', 'mean corpuscular volume', '85 fl', '2008-06-10')
insert into medical_test values ('S8310633S', 'arterial blood gas', ' 7.37 pH', '2008-01-16')
insert into medical_test values ('S8367171C', 'MCHC', '33 g/dl', '2008-05-15')
insert into medical_test values ('S7373602T', 'MCHC', '33 g/dl', '2008-04-20')
insert into medical_test values ('S8443268C', 'arterial blood gas', '7.25 pH', '2007-10-20')
insert into medical_test values ('S6456314P', 'MCHC', '35 g/dl', '2007-06-06')
insert into medical_test values ('S7425592E', 'heart rate', '69', '2006-03-05')
insert into medical_test values ('S8425758I', 'arterial blood gas', ' 7.37 pH', '2007-09-09')
insert into medical_test values ('S6421532V', 'mean corpuscular hemoglobin', '29 pg', '2007-08-02')
insert into medical_test values ('S8458523H', 'arterial blood gas', ' 7.41 pH', '2006-10-16')
insert into medical_test values ('S7411581K', 'arterial blood gas', '7.13 pH', '2006-08-02')
insert into medical_test values ('S7489185S', 'total iron binding capacity', '240 mcg/dl', '2008-03-05')
insert into medical_test values ('S6450563P', 'mean corpuscular hemoglobin', '26 pg', '2009-06-08')
insert into medical_test values ('S7411390P', 'arterial blood gas', ' 7.37 pH', '2008-09-16')
insert into medical_test values ('S7438497C', 'heart rate', '56', '2007-08-08')
insert into medical_test values ('S8497138P', 'total iron binding capacity', '290 mcg/dl', '2006-07-14')
insert into medical_test values ('S7418166O', 'arterial blood gas', ' 7.48 pH', '2006-02-10')
insert into medical_test values ('S6437581Y', 'total iron binding capacity', '400 mcg/dl', '2006-07-07')
insert into medical_test values ('S7419644Q', 'mean corpuscular volume', '89 fl', '2007-01-14')
insert into medical_test values ('S8435240O', 'arterial blood gas', '7.25 pH', '2007-02-11')
insert into medical_test values ('S7570667B', 'red cell distribution width', '13.6%', '2006-08-07')
insert into medical_test values ('S7551588F', 'mean corpuscular hemoglobin', '29 pg', '2008-11-04')
insert into medical_test values ('S7572327H', 'red cell distribution width', '11.5%', '2006-06-06')
insert into medical_test values ('S8574938M', 'mean corpuscular hemoglobin', '31 pg', '2006-07-10')
insert into medical_test values ('S7551347S', 'red cell distribution width', '14.5%', '2008-08-14')
insert into medical_test values ('S6516357V', 'heart rate', '63', '2008-11-16')
insert into medical_test values ('S7553175G', 'red cell distribution width', '14.5%', '2009-03-04')
insert into medical_test values ('S7560551R', 'arterial blood gas', '7.25 pH', '2008-07-12')
insert into medical_test values ('S8574638X', 'MCHC', '33 g/dl', '2007-08-03')
insert into medical_test values ('S8554846K', 'arterial blood gas', '7.25 pH', '2009-06-15')
insert into medical_test values ('S7567359S', 'total iron binding capacity', '450 mcg/dl', '2008-10-05')
insert into medical_test values ('S7556818T', 'heart rate', '56', '2007-09-01')
insert into medical_test values ('S6567620J', 'MCHC', '37 g/dl', '2007-04-20')
insert into medical_test values ('S7583889O', 'mean corpuscular volume', '89 fl', '2009-03-13')
insert into medical_test values ('S7519334A', 'mean corpuscular volume', '85 fl', '2009-06-07')
insert into medical_test values ('S6572776N', 'mean corpuscular volume', '99 fl', '2007-12-15')
insert into medical_test values ('S7546913Q', 'mean corpuscular volume', '89 fl', '2007-02-06')
insert into medical_test values ('S7532173Q', 'total iron binding capacity', '410 mcg/dl', '2008-05-03')
insert into medical_test values ('S6550989M', 'mean corpuscular hemoglobin', '29 pg', '2007-02-10')
insert into medical_test values ('S7571837V', 'mean corpuscular volume', '82 fl', '2006-04-18')
insert into medical_test values ('S7512999Y', 'heart rate', '56', '2009-02-06')
insert into medical_test values ('S8538193I', 'red cell distribution width', '11.9%', '2008-09-04')
insert into medical_test values ('S8612707S', 'MCHC', '33 g/dl', '2008-11-12')
insert into medical_test values ('S8684993G', 'mean corpuscular volume', '99 fl', '2006-08-08')
insert into medical_test values ('S7680197M', 'MCHC', '35 g/dl', '2007-03-02')
insert into medical_test values ('S7687312H', 'arterial blood gas', '7.25 pH', '2008-10-18')
insert into medical_test values ('S6660623I', 'mean corpuscular volume', '82 fl', '2009-03-14')
insert into medical_test values ('S8629269G', 'total iron binding capacity', '400 mcg/dl', '2009-03-02')
insert into medical_test values ('S7612103K', 'red cell distribution width', '11.9%', '2007-03-08')
insert into medical_test values ('S7691378I', 'red cell distribution width', '11.9%', '2008-09-07')
insert into medical_test values ('S7636847K', 'arterial blood gas', '7.25 pH', '2009-03-05')
insert into medical_test values ('S7666944X', 'red cell distribution width', '11.5%', '2008-06-03')
insert into medical_test values ('S7618137P', 'mean corpuscular volume', '85 fl', '2006-08-11')
insert into medical_test values ('S8676589W', 'red cell distribution width', '11.9%', '2009-07-04')
insert into medical_test values ('S8687187I', 'total iron binding capacity', '290 mcg/dl', '2009-01-16')
insert into medical_test values ('S7647622E', 'arterial blood gas', ' 7.41 pH', '2009-05-05')
insert into medical_test values ('S7636200J', 'heart rate', '69', '2007-05-17')
insert into medical_test values ('S6650749S', 'mean corpuscular volume', '85 fl', '2008-10-14')
insert into medical_test values ('S6648445M', 'mean corpuscular hemoglobin', '31 pg', '2009-06-02')
insert into medical_test values ('S7672862D', 'mean corpuscular volume', '82 fl', '2007-02-10')
insert into medical_test values ('S6665107Z', 'heart rate', '69', '2007-03-19')
insert into medical_test values ('S6652817Y', 'red cell distribution width', '13.6%', '2007-02-18')
insert into medical_test values ('S7639431U', 'mean corpuscular volume', '99 fl', '2006-02-02')
insert into medical_test values ('S7631906K', 'arterial blood gas', '7.25 pH', '2008-11-12')
insert into medical_test values ('S7656376J', 'arterial blood gas', ' 7.37 pH', '2008-11-08')
insert into medical_test values ('S7619280N', 'MCHC', '31 g/dl', '2009-02-09')
insert into medical_test values ('S8660744W', 'red cell distribution width', '13.6%', '2008-05-06')
insert into medical_test values ('S7639502T', 'mean corpuscular hemoglobin', '29 pg', '2007-10-09')
insert into medical_test values ('S6137904U', 'swine flu', 'positive', '2009-07-15')
insert into medical_test values ('S8552851F', 'swine flu', 'positive', '2009-07-04')
insert into medical_test values ('S6287373X', 'swine flu', 'positive', '2009-07-23')
insert into medical_test values ('S7230255A', 'swine flu', 'positive', '2009-07-03')
insert into medical_test values ('S7653585F', 'swine flu', 'positive', '2009-07-19')
insert into medical_test values ('S8333395H', 'swine flu', 'positive', '2009-07-06')
insert into medical_test values ('S8473310M', 'swine flu', 'positive', '2009-07-18')
insert into medical_test values ('S7636847K', 'dengue', 'positive', '2009-07-13')
insert into medical_test values ('S7676397B', 'dengue', 'positive', '2009-07-13')
insert into medical_test values ('S6697173I', 'dengue', 'positive', '2009-07-02')
insert into medical_test values ('S7145851I', 'dengue', 'positive', '2009-07-21')
insert into medical_test values ('S7666170D', 'dengue', 'positive', '2009-07-04')
insert into medical_test values ('S8293890E', 'dengue', 'positive', '2009-07-16')
insert into medical_test values ('S6221312G', 'dengue', 'positive', '2009-07-02')
insert into medical_test values ('S6357202S', 'dengue', 'positive', '2009-07-08')
insert into medical_test values ('S6615771L', 'dengue', 'positive', '2009-07-02')

CREATE TABLE allergy(patient_id varchar(30), allergy_name text)
insert into allergy values ('S7177880B', 'Albumin')
insert into allergy values ('S7138722B', 'Benzyl Alcohol')
insert into allergy values ('S6148824M', 'Benzyl Alcohol')
insert into allergy values ('S7118261I', 'Benzyl Alcohol')
insert into allergy values ('S8187643T', 'Benzyl Alcohol')
insert into allergy values ('S7137927N', 'Androgens')
insert into allergy values ('S7171753Z', 'Albumin')
insert into allergy values ('S6122982N', 'Celecoxib')
insert into allergy values ('S8167571C', 'Albumin')
insert into allergy values ('S7187692Z', 'Albumin')
insert into allergy values ('S7194736O', 'Benzyl Alcohol')
insert into allergy values ('S6137306F', 'Albumin')
insert into allergy values ('S6138744F', 'Celecoxib')
insert into allergy values ('S7171157X', 'Androgens')
insert into allergy values ('S7163297W', 'Vancomcyn')
insert into allergy values ('S7195982X', 'Benzyl Alcohol')
insert into allergy values ('S7189551N', 'Albumin')
insert into allergy values ('S8179734S', 'Androgens')
insert into allergy values ('S6137904U', 'Androgens')
insert into allergy values ('S6191759M', 'Androgens')
insert into allergy values ('S8216194K', 'Albumin')
insert into allergy values ('S8250763O', 'Albumin')
insert into allergy values ('S7272623O', 'Vancomcyn')
insert into allergy values ('S6264862V', 'Androgens')
insert into allergy values ('S8214535T', 'Albumin')
insert into allergy values ('S8221415T', 'Androgens')
insert into allergy values ('S7222963R', 'Albumin')
insert into allergy values ('S7247817Y', 'Benzyl Alcohol')
insert into allergy values ('S7221604D', 'Androgens')
insert into allergy values ('S7282601I', 'Vancomcyn')
insert into allergy values ('S8298153V', 'Benzyl Alcohol')
insert into allergy values ('S8274666V', 'Albumin')
insert into allergy values ('S8281351K', 'Celecoxib')
insert into allergy values ('S6217328D', 'Androgens')
insert into allergy values ('S8288231F', 'Benzyl Alcohol')
insert into allergy values ('S7282780C', 'Albumin')
insert into allergy values ('S7294207C', 'Androgens')
insert into allergy values ('S7285360P', 'Androgens')
insert into allergy values ('S7274457Z', 'Vancomcyn')
insert into allergy values ('S7258437L', 'Benzyl Alcohol')
insert into allergy values ('S6243849V', 'Celecoxib')
insert into allergy values ('S8348105F', 'Albumin')
insert into allergy values ('S8349644P', 'Albumin')
insert into allergy values ('S6375477Q', 'Benzyl Alcohol')
insert into allergy values ('S8336253M', 'Androgens')
insert into allergy values ('S8379412E', 'Vancomcyn')
insert into allergy values ('S7379896S', 'Albumin')
insert into allergy values ('S6357862F', 'Androgens')
insert into allergy values ('S8368619G', 'Benzyl Alcohol')
insert into allergy values ('S6312939K', 'Benzyl Alcohol')
insert into allergy values ('S7332153N', 'Celecoxib')
insert into allergy values ('S6320248T', 'Androgens')
insert into allergy values ('S7371894D', 'Celecoxib')
insert into allergy values ('S8342326Q', 'Androgens')
insert into allergy values ('S8310633S', 'Androgens')
insert into allergy values ('S8367171C', 'Albumin')
insert into allergy values ('S8425758I', 'Alumnium')
insert into allergy values ('S6421532V', 'Alumnium')
insert into allergy values ('S8458523H', 'Vancomcyn')
insert into allergy values ('S7411581K', 'Albumin')
insert into allergy values ('S7489185S', 'Albumin')
insert into allergy values ('S8497138P', 'Albumin')
insert into allergy values ('S7418166O', 'Alumnium')
insert into allergy values ('S6437581Y', 'Alumnium')
insert into allergy values ('S8435240O', 'Benzyl Alcohol')
insert into allergy values ('S7570667B', 'Androgens')
insert into allergy values ('S7551588F', 'Androgens')
insert into allergy values ('S7572327H', 'Alumnium')
insert into allergy values ('S8574938M', 'Androgens')
insert into allergy values ('S7551347S', 'Androgens')
insert into allergy values ('S6516357V', 'Alumnium')
insert into allergy values ('S7553175G', 'Alumnium')
insert into allergy values ('S7560551R', 'Alumnium')
insert into allergy values ('S8574638X', 'Celecoxib')
insert into allergy values ('S7567359S', 'Alumnium')
insert into allergy values ('S7556818T', 'Alumnium')
insert into allergy values ('S6567620J', 'Celecoxib')
insert into allergy values ('S7583889O', 'Alumnium')
insert into allergy values ('S7519334A', 'Albumin')
insert into allergy values ('S6572776N', 'Albumin')
insert into allergy values ('S7532173Q', 'Benzyl Alcohol')
insert into allergy values ('S6550989M', 'Androgens')
insert into allergy values ('S7571837V', 'Androgens')
insert into allergy values ('S7512999Y', 'Vancomcyn')
insert into allergy values ('S8538193I', 'Alumnium')
insert into allergy values ('S8612707S', 'Androgens')
insert into allergy values ('S8684993G', 'Benzyl Alcohol')
insert into allergy values ('S7680197M', 'Celecoxib')
insert into allergy values ('S7687312H', 'Albumin')
insert into allergy values ('S7612103K', 'Vancomcyn')
insert into allergy values ('S7636847K', 'Vancomcyn')
insert into allergy values ('S7666944X', 'Androgens')
insert into allergy values ('S7618137P', 'Androgens')
insert into allergy values ('S8676589W', 'Albumin')
insert into allergy values ('S8687187I', 'Benzyl Alcohol')
insert into allergy values ('S7647622E', 'Benzyl Alcohol')
insert into allergy values ('S7636200J', 'Celecoxib')
insert into allergy values ('S6650749S', 'Albumin')
insert into allergy values ('S7672862D', 'Alumnium')
insert into allergy values ('S6665107Z', 'Androgens')
insert into allergy values ('S6652817Y', 'Celecoxib')
insert into allergy values ('S7631906K', 'Albumin')
insert into allergy values ('S7656376J', 'Benzyl Alcohol')
insert into allergy values ('S7619280N', 'Androgens')
insert into allergy values ('S8660744W', 'Alumnium')

CREATE TABLE medication(patient_id varchar(30), medicine text, dosage text, start_date text, end_date text)
insert into medication values ('S8284186E', 'Simvastatin 40mg', 'once a day, at night', '2008-11-10', '2008-11-16')
insert into medication values ('S8285084H', 'Amiodarone 20mg', 'once a day, 1 tablet by mouth', '2006-03-07', '2006-03-14')
insert into medication values ('S7177880B', 'Ceftriaxone 1g', 'once a day, 1 injectable solution intravenously', '2007-09-18', '2007-09-22')
insert into medication values ('S7138722B', 'Amiodarone 20mg', 'once a day, 1 tablet by mouth', '2008-05-02', '2008-05-09')
insert into medication values ('S6148824M', 'Lactulose 10mg', 'two times a day, 5ml by mouth', '2009-02-08', '2009-02-13')
insert into medication values ('S7118261I', 'Simvastatin 40mg', 'once a day, at night', '2007-05-05', '2007-05-13')
insert into medication values ('S8187643T', 'Lactulose 10mg', 'two times a day, 5ml by mouth', '2007-05-05', '2007-05-10')
insert into medication values ('S7137927N', 'Amiodarone 20mg', 'once a day, 1 tablet by mouth', '2008-01-07', '2008-01-14')
insert into medication values ('S7171753Z', 'Lactulose 10mg', 'two times a day, 5ml by mouth', '2007-12-08', '2007-12-15')
insert into medication values ('S6122982N', 'Azythromycine 500mg', 'once a day, 1 injectable solution intravenously', '2008-08-02', '2008-08-07')
insert into medication values ('S7145609I', 'Amiodarone 20mg', 'once a day, 1 tablet by mouth', '2007-09-08', '2007-09-14')
insert into medication values ('S8167571C', 'Lipitor 20mg', 'once a day, at night', '2007-05-10', '2007-05-17')
insert into medication values ('S7187692Z', 'Amiodarone 20mg', 'once a day, 1 tablet by mouth', '2008-01-06', '2008-01-10')
insert into medication values ('S6112171U', 'Amiodarone 20mg', 'once a day, 1 tablet by mouth', '2007-02-14', '2007-02-19')
insert into medication values ('S8198765N', 'Azythromycine 500mg', 'once a day, 1 injectable solution intravenously', '2009-03-17', '2009-03-21')
insert into medication values ('S7194736O', 'Azythromycine 500mg', 'once a day, 1 injectable solution intravenously', '2008-12-03', '2008-12-07')
insert into medication values ('S6137306F', 'Ceftriaxone 1g', 'once a day, 1 injectable solution intravenously', '2009-05-15', '2009-05-22')
insert into medication values ('S8188226G', 'Azythromycine 500mg', 'once a day, 1 injectable solution intravenously', '2007-10-04', '2007-10-10')
insert into medication values ('S6138744F', 'Lactulose 10mg', 'two times a day, 5ml by mouth', '2008-09-05', '2008-09-12')
insert into medication values ('S7171157X', 'Ceftin 500mg', 'three times a day, 1 tablet by mouth', '2006-02-06', '2006-02-12')
insert into medication values ('S7163297W', 'Lactulose 10mg', 'two times a day, 5ml by mouth', '2008-03-02', '2008-03-09')
insert into medication values ('S7195982X', 'Lipitor 20mg', 'once a day, at night', '2008-09-15', '2008-09-22')
insert into medication values ('S7189551N', 'Simvastatin 40mg', 'once a day, at night', '2008-03-07', '2008-03-15')
insert into medication values ('S7180267D', 'Ceftin 500mg', 'three times a day, 1 tablet by mouth', '2009-06-10', '2009-06-15')
insert into medication values ('S8179734S', 'Azythromycine 500mg', 'once a day, 1 injectable solution intravenously', '2007-05-07', '2007-05-14')
insert into medication values ('S6137904U', 'Lipitor 20mg', 'once a day, at night', '2008-01-15', '2008-01-23')
insert into medication values ('S6191759M', 'Ceftin 500mg', 'three times a day, 1 tablet by mouth', '2009-07-14', '2009-07-18')
insert into medication values ('S7118889U', 'Ceftriaxone 1g', 'once a day, 1 injectable solution intravenously', '2007-03-13', '2007-03-18')
insert into medication values ('S8216194K', 'Ibufprofen 400mg', 'three times a day', '2006-03-12', '2006-03-20')
insert into medication values ('S7239833C', 'Ceftin 500mg', 'three times a day, 1 tablet by mouth', '2006-08-16', '2006-08-22')
insert into medication values ('S7266114H', 'Amiodarone 20mg', 'once a day, 1 tablet by mouth', '2006-10-10', '2006-10-17')
insert into medication values ('S8250763O', 'Ibufprofen 400mg', 'three times a day', '2007-03-14', '2007-03-19')
insert into medication values ('S7272623O', 'Lactulose 10mg', 'two times a day, 5ml by mouth', '2007-01-06', '2007-01-10')
insert into medication values ('S7295511D', 'Lactulose 10mg', 'two times a day, 5ml by mouth', '2009-02-06', '2009-02-13')
insert into medication values ('S6264862V', 'Azythromycine 500mg', 'once a day, 1 injectable solution intravenously', '2007-12-11', '2007-12-19')
insert into medication values ('S8214535T', 'Ibufprofen 400mg', 'three times a day', '2007-11-11', '2007-11-16')
insert into medication values ('S8221415T', 'Lactulose 10mg', 'two times a day, 5ml by mouth', '2007-08-07', '2007-08-13')
insert into medication values ('S7222963R', 'Simvastatin 40mg', 'once a day, at night', '2008-06-07', '2008-06-14')
insert into medication values ('S7247817Y', 'Lipitor 20mg', 'once a day, at night', '2009-05-19', '2009-05-26')
insert into medication values ('S7221604D', 'Lactulose 10mg', 'two times a day, 5ml by mouth', '2008-02-14', '2008-02-19')
insert into medication values ('S7282601I', 'Amiodarone 20mg', 'once a day, 1 tablet by mouth', '2008-12-14', '2008-12-22')
insert into medication values ('S8298153V', 'Ceftin 500mg', 'three times a day, 1 tablet by mouth', '2008-02-07', '2008-02-14')
insert into medication values ('S8288407C', 'Azythromycine 500mg', 'once a day, 1 injectable solution intravenously', '2007-09-06', '2007-09-12')
insert into medication values ('S8274666V', 'Amiodarone 20mg', 'once a day, 1 tablet by mouth', '2007-11-16', '2007-11-21')
insert into medication values ('S6271838N', 'Ceftin 500mg', 'three times a day, 1 tablet by mouth', '2007-08-08', '2007-08-12')
insert into medication values ('S8281351K', 'Ibufprofen 400mg', 'three times a day', '2006-11-14', '2006-11-19')
insert into medication values ('S6217328D', 'Simvastatin 40mg', 'once a day, at night', '2008-06-14', '2008-06-20')
insert into medication values ('S8288231F', 'Ibufprofen 400mg', 'three times a day', '2007-05-08', '2007-05-13')
insert into medication values ('S8249545W', 'Ibufprofen 400mg', 'three times a day', '2007-03-07', '2007-03-14')
insert into medication values ('S7282780C', 'Ibufprofen 400mg', 'three times a day', '2009-05-13', '2009-05-18')
insert into medication values ('S7240835V', 'Amiodarone 20mg', 'once a day, 1 tablet by mouth', '2008-05-20', '2008-05-28')
insert into medication values ('S8247415J', 'Ceftriaxone 1g', 'once a day, 1 injectable solution intravenously', '2006-11-18', '2006-11-25')
insert into medication values ('S7294207C', 'Lactulose 10mg', 'two times a day, 5ml by mouth', '2009-06-11', '2009-06-18')
insert into medication values ('S7295777K', 'Simvastatin 40mg', 'once a day, at night', '2008-09-02', '2008-09-07')
insert into medication values ('S7285360P', 'Simvastatin 40mg', 'once a day, at night', '2008-05-02', '2008-05-06')
insert into medication values ('S7274457Z', 'Simvastatin 40mg', 'once a day, at night', '2007-07-03', '2007-07-11')
insert into medication values ('S7258437L', 'Ceftriaxone 1g', 'once a day, 1 injectable solution intravenously', '2008-06-08', '2008-06-15')
insert into medication values ('S7230255A', 'Ibufprofen 400mg', 'three times a day', '2006-08-16', '2006-08-22')
insert into medication values ('S7238936P', 'Amiodarone 20mg', 'once a day, 1 tablet by mouth', '2007-08-16', '2007-08-24')
insert into medication values ('S6243849V', 'Ibufprofen 400mg', 'three times a day', '2006-07-09', '2006-07-14')
insert into medication values ('S8348105F', 'Lactulose 10mg', 'two times a day, 5ml by mouth', '2007-05-19', '2007-05-26')
insert into medication values ('S7317401Y', 'Simvastatin 40mg', 'once a day, at night', '2008-04-02', '2008-04-08')
insert into medication values ('S8349644P', 'Ibufprofen 400mg', 'three times a day', '2007-11-05', '2007-11-12')
insert into medication values ('S6375477Q', 'Ibufprofen 400mg', 'three times a day', '2008-02-17', '2008-02-23')
insert into medication values ('S8336253M', 'Lipitor 20mg', 'once a day, at night', '2008-06-10', '2008-06-16')
insert into medication values ('S7361771G', 'Ibufprofen 400mg', 'three times a day', '2007-01-07', '2007-01-15')
insert into medication values ('S8379412E', 'Ceftriaxone 1g', 'once a day, 1 injectable solution intravenously', '2006-07-12', '2006-07-17')
insert into medication values ('S7324994L', 'Amiodarone 20mg', 'once a day, 1 tablet by mouth', '2007-09-16', '2007-09-23')
insert into medication values ('S7379896S', 'Ceftin 500mg', 'three times a day, 1 tablet by mouth', '2007-08-06', '2007-08-14')
insert into medication values ('S6357862F', 'Azythromycine 500mg', 'once a day, 1 injectable solution intravenously', '2008-09-12', '2008-09-20')
insert into medication values ('S8368619G', 'Azythromycine 500mg', 'once a day, 1 injectable solution intravenously', '2007-06-04', '2007-06-09')
insert into medication values ('S6312939K', 'Lipitor 20mg', 'once a day, at night', '2007-07-10', '2007-07-18')
insert into medication values ('S7332153N', 'Lipitor 20mg', 'once a day, at night', '2006-09-13', '2006-09-18')
insert into medication values ('S6320248T', 'Amiodarone 20mg', 'once a day, 1 tablet by mouth', '2007-06-13', '2007-06-17')
insert into medication values ('S7371894D', 'Ceftriaxone 1g', 'once a day, 1 injectable solution intravenously', '2009-04-14', '2009-04-18')
insert into medication values ('S8342326Q', 'Amiodarone 20mg', 'once a day, 1 tablet by mouth', '2008-06-10', '2008-06-16')
insert into medication values ('S8310633S', 'Lactulose 10mg', 'two times a day, 5ml by mouth', '2008-01-16', '2008-01-20')
insert into medication values ('S8367171C', 'Lactulose 10mg', 'two times a day, 5ml by mouth', '2008-05-15', '2008-05-21')
insert into medication values ('S7373602T', 'Ceftin 500mg', 'three times a day, 1 tablet by mouth', '2008-04-20', '2008-04-26')
insert into medication values ('S8443268C', 'Lipitor 20mg', 'once a day, at night', '2007-10-20', '2007-10-25')
insert into medication values ('S6456314P', 'Lactulose 10mg', 'two times a day, 5ml by mouth', '2007-06-06', '2007-06-10')
insert into medication values ('S7425592E', 'Ceftriaxone 1g', 'once a day, 1 injectable solution intravenously', '2006-03-05', '2006-03-13')
insert into medication values ('S8425758I', 'Lipitor 20mg', 'once a day, at night', '2007-09-09', '2007-09-14')
insert into medication values ('S6421532V', 'Ceftriaxone 1g', 'once a day, 1 injectable solution intravenously', '2007-08-02', '2007-08-10')
insert into medication values ('S8458523H', 'Amiodarone 20mg', 'once a day, 1 tablet by mouth', '2006-10-16', '2006-10-22')
insert into medication values ('S7411581K', 'Azythromycine 500mg', 'once a day, 1 injectable solution intravenously', '2006-08-02', '2006-08-07')
insert into medication values ('S7489185S', 'Azythromycine 500mg', 'once a day, 1 injectable solution intravenously', '2008-03-05', '2008-03-12')
insert into medication values ('S6450563P', 'Ceftin 500mg', 'three times a day, 1 tablet by mouth', '2009-06-08', '2009-06-15')
insert into medication values ('S7411390P', 'Azythromycine 500mg', 'once a day, 1 injectable solution intravenously', '2008-09-16', '2008-09-24')
insert into medication values ('S7438497C', 'Amiodarone 20mg', 'once a day, 1 tablet by mouth', '2007-08-08', '2007-08-15')
insert into medication values ('S8497138P', 'Ceftin 500mg', 'three times a day, 1 tablet by mouth', '2006-07-14', '2006-07-19')
insert into medication values ('S7418166O', 'Ceftriaxone 1g', 'once a day, 1 injectable solution intravenously', '2006-02-10', '2006-02-17')
insert into medication values ('S6437581Y', 'Ibufprofen 400mg', 'three times a day', '2006-07-07', '2006-07-13')
insert into medication values ('S7419644Q', 'Lactulose 10mg', 'two times a day, 5ml by mouth', '2007-01-14', '2007-01-21')
insert into medication values ('S8435240O', 'Lactulose 10mg', 'two times a day, 5ml by mouth', '2007-02-11', '2007-02-18')
insert into medication values ('S7570667B', 'Ibufprofen 400mg', 'three times a day', '2006-08-07', '2006-08-14')
insert into medication values ('S7551588F', 'Lactulose 10mg', 'two times a day, 5ml by mouth', '2008-11-04', '2008-11-11')
insert into medication values ('S7572327H', 'Ceftriaxone 1g', 'once a day, 1 injectable solution intravenously', '2006-06-06', '2006-06-13')
insert into medication values ('S8574938M', 'Amiodarone 20mg', 'once a day, 1 tablet by mouth', '2006-07-10', '2006-07-17')
insert into medication values ('S7551347S', 'Azythromycine 500mg', 'once a day, 1 injectable solution intravenously', '2008-08-14', '2008-08-21')
insert into medication values ('S6516357V', 'Lipitor 20mg', 'once a day, at night', '2008-11-16', '2008-11-21')
insert into medication values ('S7553175G', 'Azythromycine 500mg', 'once a day, 1 injectable solution intravenously', '2009-03-04', '2009-03-09')
insert into medication values ('S7560551R', 'Ceftin 500mg', 'three times a day, 1 tablet by mouth', '2008-07-12', '2008-07-17')
insert into medication values ('S8574638X', 'Ibufprofen 400mg', 'three times a day', '2007-08-03', '2007-08-08')
insert into medication values ('S8554846K', 'Simvastatin 40mg', 'once a day, at night', '2009-06-15', '2009-06-22')
insert into medication values ('S7567359S', 'Simvastatin 40mg', 'once a day, at night', '2008-10-05', '2008-10-13')
insert into medication values ('S7556818T', 'Amiodarone 20mg', 'once a day, 1 tablet by mouth', '2007-09-01', '2007-09-06')
insert into medication values ('S6567620J', 'Ceftin 500mg', 'three times a day, 1 tablet by mouth', '2007-04-20', '2007-04-26')
insert into medication values ('S7583889O', 'Ceftriaxone 1g', 'once a day, 1 injectable solution intravenously', '2009-03-13', '2009-03-19')
insert into medication values ('S7519334A', 'Simvastatin 40mg', 'once a day, at night', '2009-06-07', '2009-06-11')
insert into medication values ('S6572776N', 'Amiodarone 20mg', 'once a day, 1 tablet by mouth', '2007-12-15', '2007-12-22')
insert into medication values ('S7546913Q', 'Azythromycine 500mg', 'once a day, 1 injectable solution intravenously', '2007-02-06', '2007-02-11')
insert into medication values ('S7532173Q', 'Amiodarone 20mg', 'once a day, 1 tablet by mouth', '2008-05-03', '2008-05-08')
insert into medication values ('S6550989M', 'Amiodarone 20mg', 'once a day, 1 tablet by mouth', '2007-02-10', '2007-02-18')
insert into medication values ('S7571837V', 'Amiodarone 20mg', 'once a day, 1 tablet by mouth', '2006-04-18', '2006-04-22')
insert into medication values ('S7512999Y', 'Ceftin 500mg', 'three times a day, 1 tablet by mouth', '2009-02-06', '2009-02-11')
insert into medication values ('S8538193I', 'Ceftriaxone 1g', 'once a day, 1 injectable solution intravenously', '2008-09-04', '2008-09-09')
insert into medication values ('S8612707S', 'Lactulose 10mg', 'two times a day, 5ml by mouth', '2008-11-12', '2008-11-19')
insert into medication values ('S8684993G', 'Azythromycine 500mg', 'once a day, 1 injectable solution intravenously', '2006-08-08', '2006-08-14')
insert into medication values ('S7680197M', 'Ceftin 500mg', 'three times a day, 1 tablet by mouth', '2007-03-02', '2007-03-07')
insert into medication values ('S7687312H', 'Azythromycine 500mg', 'once a day, 1 injectable solution intravenously', '2008-10-18', '2008-10-25')
insert into medication values ('S6660623I', 'Ibufprofen 400mg', 'three times a day', '2009-03-14', '2009-03-18')
insert into medication values ('S8629269G', 'Ceftin 500mg', 'three times a day, 1 tablet by mouth', '2009-03-02', '2009-03-06')
insert into medication values ('S7612103K', 'Simvastatin 40mg', 'once a day, at night', '2007-03-08', '2007-03-13')
insert into medication values ('S7691378I', 'Lipitor 20mg', 'once a day, at night', '2008-09-07', '2008-09-11')
insert into medication values ('S7636847K', 'Azythromycine 500mg', 'once a day, 1 injectable solution intravenously', '2009-03-05', '2009-03-13')
insert into medication values ('S7666944X', 'Lipitor 20mg', 'once a day, at night', '2008-06-03', '2008-06-08')
insert into medication values ('S7618137P', 'Ceftriaxone 1g', 'once a day, 1 injectable solution intravenously', '2006-08-11', '2006-08-18')
insert into medication values ('S8676589W', 'Amiodarone 20mg', 'once a day, 1 tablet by mouth', '2009-07-04', '2009-07-11')
insert into medication values ('S8687187I', 'Ceftriaxone 1g', 'once a day, 1 injectable solution intravenously', '2009-01-16', '2009-01-21')
insert into medication values ('S7647622E', 'Lipitor 20mg', 'once a day, at night', '2009-05-05', '2009-05-12')
insert into medication values ('S7636200J', 'Ceftin 500mg', 'three times a day, 1 tablet by mouth', '2007-05-17', '2007-05-24')
insert into medication values ('S6650749S', 'Simvastatin 40mg', 'once a day, at night', '2008-10-14', '2008-10-19')
insert into medication values ('S6648445M', 'Lactulose 10mg', 'two times a day, 5ml by mouth', '2009-06-02', '2009-06-07')
insert into medication values ('S7672862D', 'Lactulose 10mg', 'two times a day, 5ml by mouth', '2007-02-10', '2007-02-17')
insert into medication values ('S6665107Z', 'Ceftriaxone 1g', 'once a day, 1 injectable solution intravenously', '2007-03-19', '2007-03-27')
insert into medication values ('S6652817Y', 'Ibufprofen 400mg', 'three times a day', '2007-02-18', '2007-02-23')
insert into medication values ('S7639431U', 'Lipitor 20mg', 'once a day, at night', '2006-02-02', '2006-02-09')
insert into medication values ('S7631906K', 'Amiodarone 20mg', 'once a day, 1 tablet by mouth', '2008-11-12', '2008-11-19')
insert into medication values ('S7656376J', 'Simvastatin 40mg', 'once a day, at night', '2008-11-08', '2008-11-14')
insert into medication values ('S7619280N', 'Simvastatin 40mg', 'once a day, at night', '2009-02-09', '2009-02-14')
insert into medication values ('S8660744W', 'Amiodarone 20mg', 'once a day, 1 tablet by mouth', '2008-05-06', '2008-05-12')
insert into medication values ('S7639502T', 'Lactulose 10mg', 'two times a day, 5ml by mouth', '2007-10-09', '2007-10-17')
