drop database if exists localdb
create database if not exists localdb
use localdb

CREATE TABLE patient(patient_id varchar(30) NOT NULL, first_name text, last_name text, date_of_birth text, age integer, gender text, address text, nationality text, CONSTRAINT patient_pkey PRIMARY KEY (patient_id))
insert into patient values ('S8284186E', 'JIANN YEU', 'YONG', '1986-06-23', 23, 'female', 'Punggol', 'Singaporean')
insert into patient values ('S8285084H', 'CHENG PIAU ED', 'FUNG', '1986-09-27', 23, 'male', 'Bedok', 'Singaporean')
insert into patient values ('S7181554S', 'PEI SIA LINDA', 'LIM', '1971-04-18', 38, 'male', 'Changi', 'Singaporean')
insert into patient values ('S6198964K', 'CHUNG YIH', 'CHENG', '1985-05-08', 24, 'female', 'Keppel', 'Singaporean')
insert into patient values ('S7130539V', 'SHYH-CHYI', 'HUI', '1972-08-07', 37, 'male', 'Toa Payo', 'Singaporean')
insert into patient values ('S7164253N', 'KIAN KEONG', 'ANG', '1984-04-10', 25, 'female', 'Changi', 'Singaporean')
insert into patient values ('S6140473O', 'GANESH S/O JEYANATHAN', 'BALA', '1985-06-17', 24, 'female', 'Toa Payo', 'Singaporean')
insert into patient values ('S8161991N', 'JIN', 'LEE', '1975-04-07', 34, 'female', 'Chinatown', 'Singaporean')
insert into patient values ('S7177880B', 'CHUNJING', 'HAR', '1986-01-01', 23, 'male', 'Punggol', 'Singaporean')
insert into patient values ('S7175860M', 'KOK KWANG HARRISON', 'GOH', '1972-10-09', 37, 'female', 'Katong', 'Singaporean')
insert into patient values ('S7121711P', 'JIAN WEN JEREMY', 'EE', '1976-07-18', 33, 'male', 'Keppel', 'Singaporean')
insert into patient values ('S7177253H', 'SIAK YAN VINCENT', 'CHIA', '1971-09-16', 38, 'male', 'Punggol', 'Singaporean')
insert into patient values ('S7138722B', 'YEOW MING JASON', 'YAP', '1974-10-07', 35, 'male', 'Katong', 'Singaporean')
insert into patient values ('S6148824M', 'GEK CHOO', 'GOH', '1980-05-26', 29, 'male', 'Punggol', 'Singaporean')
insert into patient values ('S7145851I', 'JIANN YEU', 'YONG', '1970-10-08', 39, 'female', 'Katong', 'Singaporean')
insert into patient values ('S6179804M', 'KOK SIONG', 'KOH', '1987-08-11', 22, 'male', 'Bedok', 'Singaporean')
insert into patient values ('S7192594M', 'ZEE KEAN', 'SIN', '1973-11-21', 36, 'male', 'Punggol', 'Singaporean')
insert into patient values ('S7118261I', 'CHUN YU LEONARD', 'CHAY', '1983-07-25', 26, 'male', 'Keppel', 'Singaporean')
insert into patient values ('S8190812L', 'CHEE KANG MARK', 'LIM', '1973-04-23', 36, 'male', 'Punggol', 'Singaporean')
insert into patient values ('S8177927K', 'S/O DAVENDRAN', 'NAVINDRAN', '1986-10-08', 23, 'male', 'Katong', 'Singaporean')
insert into patient values ('S7122268J', 'SIEW CHUAN', 'TIA', '1974-06-28', 35, 'female', 'Punggol', 'Singaporean')
insert into patient values ('S7142732O', 'WEI SAM', 'WONG', '1983-08-16', 26, 'female', 'Changi', 'Singaporean')
insert into patient values ('S8115142K', 'CHOON HIONG', 'CHNG', '1981-09-04', 28, 'female', 'Changi', 'Singaporean')
insert into patient values ('S6180460I', 'SIM HO', 'WEE', '1973-08-25', 36, 'female', 'Toa Payo', 'Singaporean')
insert into patient values ('S7122395T', 'NAI MING', 'LEE', '1974-04-17', 35, 'female', 'Toa Payo', 'Singaporean')
insert into patient values ('S8187643T', 'WEN SIONG', 'NGIAM', '1973-03-16', 36, 'male', 'Dover', 'Singaporean')
insert into patient values ('S7149774U', 'HUA KEONG', 'TING', '1970-07-16', 39, 'female', 'Katong', 'Singaporean')
insert into patient values ('S6115291N', 'NENG JUN ALLEN', 'YEO', '1987-08-13', 22, 'female', 'Punggol', 'Singaporean')
insert into patient values ('S7127659X', 'WAI NAM', 'YAU', '1973-02-03', 36, 'male', 'Keppel', 'Singaporean')
insert into patient values ('S7129274E', 'CHIEW HUA EZLINE', 'LEE', '1970-08-14', 39, 'male', 'Punggol', 'Singaporean')
insert into patient values ('S7111229S', 'RONGHE', 'LAI', '1982-01-18', 27, 'male', 'Dover', 'Singaporean')
insert into patient values ('S7137927N', 'POUL MENG', 'TAY', '1982-04-20', 27, 'male', 'Punggol', 'Singaporean')
insert into patient values ('S6146270X', 'KWAN SWEE', 'YAP', '1980-11-11', 29, 'female', 'Dover', 'Singaporean')
insert into patient values ('S7171753Z', 'YULIANTO', 'MARTIN', '1984-01-28', 25, 'female', 'Punggol', 'Singaporean')
insert into patient values ('S6182869R', 'CHEE TECK', 'TOH', '1972-04-14', 37, 'male', 'Dover', 'Singaporean')
insert into patient values ('S8140616A', 'ROGER', 'FONG', '1979-08-22', 30, 'female', 'Punggol', 'Singaporean')
insert into patient values ('S8191363S', 'CHUNJING', 'HAR', '1976-11-14', 33, 'female', 'Toa Payo', 'Singaporean')
insert into patient values ('S6122982N', 'WEI BENG', 'LIM', '1977-09-11', 32, 'female', 'Keppel', 'Singaporean')
insert into patient values ('S7145609I', 'BENG HONG', 'LEE', '1989-05-16', 20, 'female', 'Keppel', 'Singaporean')
insert into patient values ('S8198638W', 'CHIANG HONG', 'LIM', '1979-02-21', 30, 'female', 'Bedok', 'Singaporean')
insert into patient values ('S7124654F', 'WEI LING', 'THNG', '1983-02-08', 26, 'female', 'Bedok', 'Singaporean')
insert into patient values ('S7162178U', 'CHOON WAH', 'LIM', '1982-03-27', 27, 'female', 'Changi', 'Singaporean')
insert into patient values ('S8167571C', 'CHUGUANG ISAAC', 'CHUA', '1976-08-18', 33, 'female', 'Changi', 'Singaporean')
insert into patient values ('S8193258V', 'SWEE CHOON', 'TAN', '1980-09-08', 29, 'female', 'Katong', 'Singaporean')
insert into patient values ('S7187692Z', 'CHIEH SHING', 'NG', '1985-11-14', 24, 'male', 'Katong', 'Singaporean')
insert into patient values ('S6112171U', 'HOONG LEONG', 'CHAN', '1969-12-26', 40, 'male', 'Keppel', 'Singaporean')
insert into patient values ('S7143494F', 'SIONG LON', 'SIOW', '1989-09-14', 20, 'female', 'Punggol', 'Singaporean')
insert into patient values ('S7122649G', 'CHIANG HONG', 'LIM', '1975-06-03', 34, 'female', 'Punggol', 'Singaporean')
insert into patient values ('S8198765N', 'YULIANTO', 'MARTIN', '1981-04-01', 28, 'male', 'Katong', 'Singaporean')
insert into patient values ('S7194736O', 'CHIN WAI', 'LEE', '1987-03-16', 22, 'female', 'Punggol', 'Singaporean')
insert into patient values ('S6137306F', 'YEW GUAN', 'TAN', '1976-08-09', 33, 'male', 'Bedok', 'Singaporean')
insert into patient values ('S8118273N', 'WAI HOE', 'CHAN', '1988-07-25', 21, 'female', 'Bedok', 'Singaporean')
insert into patient values ('S7131207B', 'WOEI JIUN', 'FONG', '1987-02-13', 22, 'female', 'Katong', 'Singaporean')
insert into patient values ('S7116974M', 'HENG JEAN', 'YAP', '1986-02-22', 23, 'female', 'Katong', 'Singaporean')
insert into patient values ('S8188226G', 'SOK HUI', 'ENG', '1976-09-01', 33, 'male', 'Chinatown', 'Singaporean')
insert into patient values ('S7164133X', 'WEI PENG KELVIN', 'NG', '1986-09-17', 23, 'male', 'Toa Payo', 'Singaporean')
insert into patient values ('S7181755Q', 'LAI SAN', 'YEE', '1981-02-01', 28, 'female', 'Bedok', 'Singaporean')
insert into patient values ('S6178910Y', 'CHEW YUEN NURDIN', 'NJIAUW', '1986-09-01', 23, 'female', 'Punggol', 'Singaporean')
insert into patient values ('S6138744F', 'SUE MIN', 'POO', '1975-10-04', 34, 'male', 'Dover', 'Singaporean')
insert into patient values ('S8159478O', 'GEK MUI JENNY', 'CHUA', '1975-06-15', 34, 'male', 'Toa Payo', 'Singaporean')
insert into patient values ('S8152123I', 'YASA JAYANTO', 'DHARMA', '1976-05-03', 33, 'male', 'Punggol', 'Singaporean')
insert into patient values ('S7171157X', 'MENG KWONG', 'LUI', '1971-02-15', 38, 'female', 'Bedok', 'Singaporean')
insert into patient values ('S6167234P', 'POH LING', 'LEONG', '1972-02-03', 37, 'female', 'Punggol', 'Singaporean')
insert into patient values ('S7196193W', 'SWEE HONG', 'KWEK', '1973-01-25', 36, 'male', 'Changi', 'Singaporean')
insert into patient values ('S8117496Y', 'POH LING', 'LEONG', '1974-05-23', 35, 'female', 'Keppel', 'Singaporean')
insert into patient values ('S7121388Q', 'VOON WEI MARK', 'GOH', '1983-04-08', 26, 'female', 'Katong', 'Singaporean')
insert into patient values ('S6193520D', 'KOK HIONG HENRY', 'LIM', '1974-08-02', 35, 'male', 'Dover', 'Singaporean')
insert into patient values ('S8136225V', 'LEE YIH', 'KOH', '1977-03-10', 32, 'female', 'Keppel', 'Singaporean')
insert into patient values ('S7135963N', 'SOOK WAI', 'LEONG', '1982-04-28', 27, 'male', 'Keppel', 'Singaporean')
insert into patient values ('S7159394N', 'DAH WEI', 'TEY', '1984-09-27', 25, 'male', 'Chinatown', 'Singaporean')
insert into patient values ('S6149208H', 'HALIM', 'HARUN', '1979-03-24', 30, 'male', 'Keppel', 'Singaporean')
insert into patient values ('S7191704W', 'BOON CHIAO', 'CHOO', '1988-04-16', 21, 'female', 'Keppel', 'Singaporean')
insert into patient values ('S7159379E', 'KENG SENG', 'MAK', '1976-10-10', 33, 'female', 'Punggol', 'Singaporean')
insert into patient values ('S7190328K', 'HOI MUN', 'CHIA', '1986-05-20', 23, 'male', 'Chinatown', 'Singaporean')
insert into patient values ('S8115455E', 'CHO WAI', 'WONG', '1970-06-16', 39, 'male', 'Changi', 'Singaporean')
insert into patient values ('S8170305V', 'SOON HONG', 'TAN', '1988-10-26', 21, 'female', 'Chinatown', 'Singaporean')
insert into patient values ('S7180327G', 'LEW YEE DIANA', 'TAN', '1972-07-05', 37, 'female', 'Bedok', 'Singaporean')
insert into patient values ('S7111331N', 'YIAN', 'LIM', '1970-01-19', 39, 'male', 'Bedok', 'Singaporean')
insert into patient values ('S7163297W', 'TUCK KUAN', 'THAM', '1975-05-19', 34, 'female', 'Toa Payo', 'Singaporean')
insert into patient values ('S7195982X', 'ENG SWEE PATRICK', 'KOW', '1980-09-25', 29, 'male', 'Keppel', 'Singaporean')
insert into patient values ('S7189551N', 'YI JUN KARA', 'TAY', '1978-04-28', 31, 'female', 'Punggol', 'Singaporean')
insert into patient values ('S7180267D', 'YEE LEE', 'LIEW', '1988-04-09', 21, 'female', 'Toa Payo', 'Singaporean')
insert into patient values ('S7145829V', 'KEE KIAT', 'THO', '1989-11-06', 20, 'male', 'Changi', 'Singaporean')
insert into patient values ('S6163576J', 'XUCHAO', 'HOU', '1971-10-20', 38, 'male', 'Keppel', 'Singaporean')
insert into patient values ('S6112773M', 'HON KHEAN', 'WONG', '1979-07-02', 30, 'male', 'Bedok', 'Singaporean')
insert into patient values ('S6167126S', 'DE ZHAO', 'YUEN', '1970-05-11', 39, 'female', 'Chinatown', 'Singaporean')
insert into patient values ('S8179734S', 'SHEN CHEH LOUIS', 'LOKE', '1974-03-23', 35, 'male', 'Toa Payo', 'Singaporean')
insert into patient values ('S7140669Z', 'LIPING', 'ZHANG', '1976-10-05', 33, 'male', 'Toa Payo', 'Singaporean')
insert into patient values ('S8190371G', 'KUAN POW', 'LIM', '1976-02-10', 33, 'female', 'Bedok', 'Singaporean')
insert into patient values ('S6155633W', 'CHUNG HON', 'BOEY', '1974-07-26', 35, 'female', 'Toa Payo', 'Singaporean')
insert into patient values ('S7183667C', 'MENG HUAT', 'TAN', '1988-03-19', 21, 'male', 'Bedok', 'Singaporean')
insert into patient values ('S7125517Y', 'YEW TONG', 'CHAN', '1987-06-23', 22, 'male', 'Dover', 'Singaporean')
insert into patient values ('S8166851Z', 'LI CHING LINDA', 'AW', '1981-08-24', 28, 'male', 'Changi', 'Singaporean')
insert into patient values ('S6124937Y', 'MEI FEN', 'YUAN', '1983-05-02', 26, 'female', 'Toa Payo', 'Singaporean')
insert into patient values ('S7197787D', 'MADAPPA CARIAPPA', 'PARUVANGADA', '1987-04-06', 22, 'male', 'Chinatown', 'Singaporean')
insert into patient values ('S7127846Z', 'YEOW CHONG', 'TAN', '1987-04-06', 22, 'female', 'Katong', 'Singaporean')
insert into patient values ('S7177786A', 'CHOO KOK', 'TAN', '1976-11-27', 33, 'female', 'Bedok', 'Singaporean')
insert into patient values ('S6132998C', 'YAO HSIANG', 'YANG', '1972-03-07', 37, 'male', 'Toa Payo', 'Singaporean')
insert into patient values ('S8111849U', 'HUI MIAN', 'LAI', '1983-06-09', 26, 'female', 'Chinatown', 'Singaporean')
insert into patient values ('S7146901S', 'DONGQI', 'ZHU', '1988-04-19', 21, 'male', 'Katong', 'Singaporean')
insert into patient values ('S6177737E', 'CHEE HOE HOWARD', 'PAK', '1983-08-13', 26, 'female', 'Punggol', 'Singaporean')
insert into patient values ('S8152145C', 'CHIEN PING', 'THAM', '1971-05-05', 38, 'female', 'Bedok', 'Singaporean')
insert into patient values ('S8180634Y', 'SEE HUA', 'NG', '1987-04-19', 22, 'male', 'Keppel', 'Singaporean')
insert into patient values ('S8196880B', 'LIN RUTH', 'FAN', '1985-07-19', 24, 'female', 'Dover', 'Singaporean')
insert into patient values ('S6169644X', 'WEI PIN EDWIN', 'LEONG', '1980-09-23', 29, 'male', 'Chinatown', 'Singaporean')
insert into patient values ('S7153348Y', 'DAH WEI', 'TEY', '1988-08-26', 21, 'female', 'Toa Payo', 'Singaporean')
insert into patient values ('S7142250G', 'GUAN LI', 'SOH', '1970-11-20', 39, 'female', 'Changi', 'Singaporean')
insert into patient values ('S6142307X', 'KIANG MENG', 'TAN', '1982-09-23', 27, 'female', 'Toa Payo', 'Singaporean')
insert into patient values ('S6137904U', 'LI CHING LINDA', 'AW', '1976-07-19', 33, 'female', 'Toa Payo', 'Singaporean')
insert into patient values ('S6116262A', 'SU FEN JASMINE', 'THAM', '1973-11-06', 36, 'female', 'Punggol', 'Singaporean')
insert into patient values ('S6191759M', 'MONG GUAN', 'SIM', '1986-06-19', 23, 'male', 'Dover', 'Singaporean')
insert into patient values ('S7118889U', 'MIN YIN EMMELINE', 'LAU', '1983-07-22', 26, 'male', 'Dover', 'Singaporean')

CREATE TABLE physician(physician_id varchar(30) NOT NULL, first_name text, last_name text, CONSTRAINT patient_pkey PRIMARY KEY (physician_id))
insert into physician values ('PH1000001', 'CHEN', 'WAY LING')
insert into physician values ('PH1000002', 'ONG', 'BEE LING LINDA')

CREATE TABLE treat(patient_id varchar(30), physician_id varchar(30), start_date text, end_date text)
insert into treat values ('S8284186E', 'PH1000001', '2008-10-04', '2008-10-09')
insert into treat values ('S8284186E', 'PH1000002', '2008-10-04', '2008-10-11')
insert into treat values ('S8285084H', 'PH1000001', '2007-04-03', '2007-04-08')
insert into treat values ('S8285084H', 'PH1000002', '2007-04-03', '2007-04-09')
insert into treat values ('S7177880B', 'PH1000001', '2008-02-13', '2008-02-21')
insert into treat values ('S7177880B', 'PH1000002', '2008-02-13', '2008-02-17')
insert into treat values ('S7138722B', 'PH1000001', '2008-10-08', '2008-10-14')
insert into treat values ('S7138722B', 'PH1000002', '2008-10-08', '2008-10-15')
insert into treat values ('S6148824M', 'PH1000001', '2006-11-14', '2006-11-19')
insert into treat values ('S6148824M', 'PH1000002', '2006-11-14', '2006-11-18')
insert into treat values ('S7118261I', 'PH1000001', '2007-09-16', '2007-09-22')
insert into treat values ('S7118261I', 'PH1000002', '2007-09-16', '2007-09-24')
insert into treat values ('S8187643T', 'PH1000001', '2008-09-02', '2008-09-07')
insert into treat values ('S8187643T', 'PH1000002', '2008-09-02', '2008-09-07')
insert into treat values ('S7137927N', 'PH1000001', '2008-03-08', '2008-03-15')
insert into treat values ('S7137927N', 'PH1000002', '2008-03-08', '2008-03-13')
insert into treat values ('S7171753Z', 'PH1000001', '2007-04-08', '2007-04-13')
insert into treat values ('S7171753Z', 'PH1000002', '2007-04-08', '2007-04-15')
insert into treat values ('S6122982N', 'PH1000001', '2007-10-11', '2007-10-16')
insert into treat values ('S6122982N', 'PH1000002', '2007-10-11', '2007-10-15')
insert into treat values ('S7145609I', 'PH1000001', '2008-05-17', '2008-05-24')
insert into treat values ('S7145609I', 'PH1000002', '2008-05-17', '2008-05-21')
insert into treat values ('S8167571C', 'PH1000001', '2008-11-02', '2008-11-08')
insert into treat values ('S8167571C', 'PH1000002', '2008-11-02', '2008-11-09')
insert into treat values ('S7187692Z', 'PH1000001', '2008-03-17', '2008-03-25')
insert into treat values ('S7187692Z', 'PH1000002', '2008-03-17', '2008-03-25')
insert into treat values ('S6112171U', 'PH1000001', '2008-08-03', '2008-08-11')
insert into treat values ('S6112171U', 'PH1000002', '2008-08-03', '2008-08-09')
insert into treat values ('S8198765N', 'PH1000001', '2009-04-03', '2009-04-09')
insert into treat values ('S8198765N', 'PH1000002', '2009-04-03', '2009-04-11')
insert into treat values ('S7194736O', 'PH1000001', '2008-02-04', '2008-02-10')
insert into treat values ('S7194736O', 'PH1000002', '2008-02-04', '2008-02-11')
insert into treat values ('S6137306F', 'PH1000001', '2007-12-18', '2007-12-25')
insert into treat values ('S6137306F', 'PH1000002', '2007-12-18', '2007-12-24')
insert into treat values ('S8188226G', 'PH1000001', '2008-03-08', '2008-03-13')
insert into treat values ('S8188226G', 'PH1000002', '2008-03-08', '2008-03-15')
insert into treat values ('S6138744F', 'PH1000001', '2007-05-10', '2007-05-14')
insert into treat values ('S6138744F', 'PH1000002', '2007-05-10', '2007-05-16')
insert into treat values ('S7171157X', 'PH1000001', '2007-07-13', '2007-07-20')
insert into treat values ('S7171157X', 'PH1000002', '2007-07-13', '2007-07-20')
insert into treat values ('S7163297W', 'PH1000001', '2006-09-15', '2006-09-22')
insert into treat values ('S7163297W', 'PH1000002', '2006-09-15', '2006-09-21')
insert into treat values ('S7195982X', 'PH1000001', '2009-07-10', '2009-07-15')
insert into treat values ('S7195982X', 'PH1000002', '2009-07-10', '2009-07-17')
insert into treat values ('S7189551N', 'PH1000001', '2007-09-05', '2007-09-12')
insert into treat values ('S7189551N', 'PH1000002', '2007-09-05', '2007-09-11')
insert into treat values ('S7180267D', 'PH1000001', '2006-06-12', '2006-06-19')
insert into treat values ('S7180267D', 'PH1000002', '2006-06-12', '2006-06-19')
insert into treat values ('S8179734S', 'PH1000001', '2008-01-17', '2008-01-23')
insert into treat values ('S8179734S', 'PH1000002', '2008-01-17', '2008-01-25')
insert into treat values ('S6137904U', 'PH1000001', '2008-02-10', '2008-02-14')
insert into treat values ('S6137904U', 'PH1000002', '2008-02-10', '2008-02-18')
insert into treat values ('S6191759M', 'PH1000001', '2007-02-02', '2007-02-08')
insert into treat values ('S6191759M', 'PH1000002', '2007-02-02', '2007-02-07')
insert into treat values ('S7118889U', 'PH1000001', '2009-02-17', '2009-02-24')
insert into treat values ('S7118889U', 'PH1000002', '2009-02-17', '2009-02-23')
insert into treat values ('S8216194K', 'PH1000001', '2007-03-06', '2007-03-13')
insert into treat values ('S8216194K', 'PH1000002', '2007-03-06', '2007-03-11')
insert into treat values ('S7239833C', 'PH1000001', '2008-08-18', '2008-08-25')
insert into treat values ('S7239833C', 'PH1000002', '2008-08-18', '2008-08-25')
insert into treat values ('S7266114H', 'PH1000001', '2009-01-07', '2009-01-11')
insert into treat values ('S7266114H', 'PH1000002', '2009-01-07', '2009-01-14')
insert into treat values ('S8250763O', 'PH1000001', '2006-05-02', '2006-05-10')
insert into treat values ('S8250763O', 'PH1000002', '2006-05-02', '2006-05-07')
insert into treat values ('S7272623O', 'PH1000001', '2008-07-05', '2008-07-13')
insert into treat values ('S7272623O', 'PH1000002', '2008-07-05', '2008-07-12')
insert into treat values ('S7295511D', 'PH1000001', '2008-06-10', '2008-06-16')
insert into treat values ('S7295511D', 'PH1000002', '2008-06-10', '2008-06-15')
insert into treat values ('S6264862V', 'PH1000001', '2009-04-01', '2009-04-06')
insert into treat values ('S6264862V', 'PH1000002', '2009-04-01', '2009-04-08')
insert into treat values ('S8214535T', 'PH1000001', '2006-04-16', '2006-04-24')
insert into treat values ('S8214535T', 'PH1000002', '2006-04-16', '2006-04-23')
insert into treat values ('S8221415T', 'PH1000001', '2007-05-16', '2007-05-22')
insert into treat values ('S8221415T', 'PH1000002', '2007-05-16', '2007-05-24')
insert into treat values ('S7222963R', 'PH1000001', '2007-01-11', '2007-01-16')
insert into treat values ('S7222963R', 'PH1000002', '2007-01-11', '2007-01-18')
insert into treat values ('S7247817Y', 'PH1000001', '2007-04-14', '2007-04-21')
insert into treat values ('S7247817Y', 'PH1000002', '2007-04-14', '2007-04-18')
insert into treat values ('S7221604D', 'PH1000001', '2008-09-03', '2008-09-10')
insert into treat values ('S7221604D', 'PH1000002', '2008-09-03', '2008-09-09')
insert into treat values ('S7282601I', 'PH1000001', '2006-12-11', '2006-12-19')
insert into treat values ('S7282601I', 'PH1000002', '2006-12-11', '2006-12-16')
insert into treat values ('S8298153V', 'PH1000001', '2008-03-12', '2008-03-18')
insert into treat values ('S8298153V', 'PH1000002', '2008-03-12', '2008-03-18')
insert into treat values ('S8288407C', 'PH1000001', '2008-07-17', '2008-07-23')
insert into treat values ('S8288407C', 'PH1000002', '2008-07-17', '2008-07-24')
insert into treat values ('S8274666V', 'PH1000001', '2007-08-12', '2007-08-20')
insert into treat values ('S8274666V', 'PH1000002', '2007-08-12', '2007-08-19')
insert into treat values ('S6271838N', 'PH1000001', '2008-03-02', '2008-03-07')
insert into treat values ('S6271838N', 'PH1000002', '2008-03-02', '2008-03-08')
insert into treat values ('S8281351K', 'PH1000001', '2007-08-07', '2007-08-12')
insert into treat values ('S8281351K', 'PH1000002', '2007-08-07', '2007-08-12')
insert into treat values ('S6217328D', 'PH1000001', '2006-02-09', '2006-02-15')
insert into treat values ('S6217328D', 'PH1000002', '2006-02-09', '2006-02-16')
insert into treat values ('S8288231F', 'PH1000001', '2006-01-03', '2006-01-08')
insert into treat values ('S8288231F', 'PH1000002', '2006-01-03', '2006-01-08')
insert into treat values ('S8249545W', 'PH1000001', '2006-09-10', '2006-09-17')
insert into treat values ('S8249545W', 'PH1000002', '2006-09-10', '2006-09-15')
insert into treat values ('S7282780C', 'PH1000001', '2006-11-17', '2006-11-24')
insert into treat values ('S7282780C', 'PH1000002', '2006-11-17', '2006-11-22')
insert into treat values ('S7240835V', 'PH1000001', '2009-02-12', '2009-02-18')
insert into treat values ('S7240835V', 'PH1000002', '2009-02-12', '2009-02-18')
insert into treat values ('S8247415J', 'PH1000001', '2006-05-12', '2006-05-20')
insert into treat values ('S8247415J', 'PH1000002', '2006-05-12', '2006-05-17')
insert into treat values ('S7294207C', 'PH1000001', '2007-03-13', '2007-03-20')
insert into treat values ('S7294207C', 'PH1000002', '2007-03-13', '2007-03-19')
insert into treat values ('S7295777K', 'PH1000001', '2008-03-13', '2008-03-20')
insert into treat values ('S7295777K', 'PH1000002', '2008-03-13', '2008-03-21')
insert into treat values ('S7285360P', 'PH1000001', '2006-11-07', '2006-11-15')
insert into treat values ('S7285360P', 'PH1000002', '2006-11-07', '2006-11-12')
insert into treat values ('S7274457Z', 'PH1000001', '2007-06-17', '2007-06-22')
insert into treat values ('S7274457Z', 'PH1000002', '2007-06-17', '2007-06-23')
insert into treat values ('S7258437L', 'PH1000001', '2006-07-15', '2006-07-21')
insert into treat values ('S7258437L', 'PH1000002', '2006-07-15', '2006-07-23')
insert into treat values ('S7230255A', 'PH1000001', '2006-11-04', '2006-11-10')
insert into treat values ('S7230255A', 'PH1000002', '2006-11-04', '2006-11-11')
insert into treat values ('S7238936P', 'PH1000001', '2009-03-15', '2009-03-19')
insert into treat values ('S7238936P', 'PH1000002', '2009-03-15', '2009-03-21')
insert into treat values ('S6243849V', 'PH1000001', '2007-06-03', '2007-06-09')
insert into treat values ('S6243849V', 'PH1000002', '2007-06-03', '2007-06-10')
insert into treat values ('S8348105F', 'PH1000001', '2008-01-18', '2008-01-23')
insert into treat values ('S8348105F', 'PH1000002', '2008-01-18', '2008-01-23')
insert into treat values ('S7317401Y', 'PH1000001', '2008-12-05', '2008-12-11')
insert into treat values ('S7317401Y', 'PH1000002', '2008-12-05', '2008-12-12')
insert into treat values ('S8349644P', 'PH1000001', '2008-08-16', '2008-08-23')
insert into treat values ('S8349644P', 'PH1000002', '2008-08-16', '2008-08-20')
insert into treat values ('S6375477Q', 'PH1000001', '2007-07-15', '2007-07-19')
insert into treat values ('S6375477Q', 'PH1000002', '2007-07-15', '2007-07-20')
insert into treat values ('S8336253M', 'PH1000001', '2008-02-02', '2008-02-06')
insert into treat values ('S8336253M', 'PH1000002', '2008-02-02', '2008-02-07')
insert into treat values ('S7361771G', 'PH1000001', '2008-01-17', '2008-01-22')
insert into treat values ('S7361771G', 'PH1000002', '2008-01-17', '2008-01-24')
insert into treat values ('S8379412E', 'PH1000001', '2008-07-06', '2008-07-13')
insert into treat values ('S8379412E', 'PH1000002', '2008-07-06', '2008-07-11')
insert into treat values ('S7324994L', 'PH1000001', '2008-07-05', '2008-07-11')
insert into treat values ('S7324994L', 'PH1000002', '2008-07-05', '2008-07-10')
insert into treat values ('S7379896S', 'PH1000001', '2009-02-12', '2009-02-18')
insert into treat values ('S7379896S', 'PH1000002', '2009-02-12', '2009-02-18')
insert into treat values ('S6357862F', 'PH1000001', '2008-06-09', '2008-06-13')
insert into treat values ('S6357862F', 'PH1000002', '2008-06-09', '2008-06-15')
insert into treat values ('S8368619G', 'PH1000001', '2008-02-04', '2008-02-11')
insert into treat values ('S8368619G', 'PH1000002', '2008-02-04', '2008-02-11')
insert into treat values ('S6312939K', 'PH1000001', '2009-06-18', '2009-06-23')
insert into treat values ('S6312939K', 'PH1000002', '2009-06-18', '2009-06-26')
insert into treat values ('S7332153N', 'PH1000001', '2006-08-19', '2006-08-26')
insert into treat values ('S7332153N', 'PH1000002', '2006-08-19', '2006-08-23')
insert into treat values ('S6320248T', 'PH1000001', '2008-06-16', '2008-06-23')
insert into treat values ('S6320248T', 'PH1000002', '2008-06-16', '2008-06-23')
insert into treat values ('S7371894D', 'PH1000001', '2006-10-15', '2006-10-21')
insert into treat values ('S7371894D', 'PH1000002', '2006-10-15', '2006-10-19')
insert into treat values ('S8342326Q', 'PH1000001', '2006-10-14', '2006-10-19')
insert into treat values ('S8342326Q', 'PH1000002', '2006-10-14', '2006-10-20')
insert into treat values ('S8310633S', 'PH1000001', '2009-06-11', '2009-06-18')
insert into treat values ('S8310633S', 'PH1000002', '2009-06-11', '2009-06-18')
insert into treat values ('S8367171C', 'PH1000001', '2008-06-05', '2008-06-13')
insert into treat values ('S8367171C', 'PH1000002', '2008-06-05', '2008-06-09')
insert into treat values ('S7373602T', 'PH1000001', '2009-07-03', '2009-07-07')
insert into treat values ('S7373602T', 'PH1000002', '2009-07-03', '2009-07-11')
insert into treat values ('S8443268C', 'PH1000001', '2008-06-09', '2008-06-14')
insert into treat values ('S8443268C', 'PH1000002', '2008-06-09', '2008-06-16')
insert into treat values ('S6456314P', 'PH1000001', '2007-10-13', '2007-10-17')
insert into treat values ('S6456314P', 'PH1000002', '2007-10-13', '2007-10-19')
insert into treat values ('S7425592E', 'PH1000001', '2007-11-17', '2007-11-22')
insert into treat values ('S7425592E', 'PH1000002', '2007-11-17', '2007-11-22')
insert into treat values ('S8425758I', 'PH1000001', '2007-10-07', '2007-10-14')
insert into treat values ('S8425758I', 'PH1000002', '2007-10-07', '2007-10-15')
insert into treat values ('S6421532V', 'PH1000001', '2007-05-10', '2007-05-17')
insert into treat values ('S6421532V', 'PH1000002', '2007-05-10', '2007-05-15')
insert into treat values ('S8458523H', 'PH1000001', '2007-08-11', '2007-08-18')
insert into treat values ('S8458523H', 'PH1000002', '2007-08-11', '2007-08-16')
insert into treat values ('S7411581K', 'PH1000001', '2008-04-04', '2008-04-09')
insert into treat values ('S7411581K', 'PH1000002', '2008-04-04', '2008-04-08')
insert into treat values ('S7489185S', 'PH1000001', '2006-03-07', '2006-03-14')
insert into treat values ('S7489185S', 'PH1000002', '2006-03-07', '2006-03-14')
insert into treat values ('S6450563P', 'PH1000001', '2008-12-12', '2008-12-20')
insert into treat values ('S6450563P', 'PH1000002', '2008-12-12', '2008-12-18')
insert into treat values ('S7411390P', 'PH1000001', '2008-09-08', '2008-09-13')
insert into treat values ('S7411390P', 'PH1000002', '2008-09-08', '2008-09-16')
insert into treat values ('S7438497C', 'PH1000001', '2007-05-13', '2007-05-19')
insert into treat values ('S7438497C', 'PH1000002', '2007-05-13', '2007-05-19')
insert into treat values ('S8497138P', 'PH1000001', '2007-04-14', '2007-04-21')
insert into treat values ('S8497138P', 'PH1000002', '2007-04-14', '2007-04-22')
insert into treat values ('S7418166O', 'PH1000001', '2008-03-08', '2008-03-13')
insert into treat values ('S7418166O', 'PH1000002', '2008-03-08', '2008-03-14')
insert into treat values ('S6437581Y', 'PH1000001', '2008-10-20', '2008-10-27')
insert into treat values ('S6437581Y', 'PH1000002', '2008-10-20', '2008-10-25')
insert into treat values ('S7419644Q', 'PH1000001', '2007-08-06', '2007-08-12')
insert into treat values ('S7419644Q', 'PH1000002', '2007-08-06', '2007-08-10')
insert into treat values ('S8435240O', 'PH1000001', '2008-02-08', '2008-02-15')
insert into treat values ('S8435240O', 'PH1000002', '2008-02-08', '2008-02-15')
insert into treat values ('S7570667B', 'PH1000001', '2007-08-14', '2007-08-18')
insert into treat values ('S7570667B', 'PH1000002', '2007-08-14', '2007-08-21')
insert into treat values ('S7551588F', 'PH1000001', '2007-02-07', '2007-02-14')
insert into treat values ('S7551588F', 'PH1000002', '2007-02-07', '2007-02-11')
insert into treat values ('S7572327H', 'PH1000001', '2006-10-13', '2006-10-18')
insert into treat values ('S7572327H', 'PH1000002', '2006-10-13', '2006-10-17')
insert into treat values ('S8574938M', 'PH1000001', '2008-08-10', '2008-08-15')
insert into treat values ('S8574938M', 'PH1000002', '2008-08-10', '2008-08-15')
insert into treat values ('S7551347S', 'PH1000001', '2008-08-11', '2008-08-18')
insert into treat values ('S7551347S', 'PH1000002', '2008-08-11', '2008-08-16')
insert into treat values ('S6516357V', 'PH1000001', '2009-08-19', '2009-08-25')
insert into treat values ('S6516357V', 'PH1000002', '2009-08-19', '2009-08-24')
insert into treat values ('S7553175G', 'PH1000001', '2008-03-07', '2008-03-13')
insert into treat values ('S7553175G', 'PH1000002', '2008-03-07', '2008-03-12')
insert into treat values ('S7560551R', 'PH1000001', '2009-03-17', '2009-03-24')
insert into treat values ('S7560551R', 'PH1000002', '2009-03-17', '2009-03-24')
insert into treat values ('S8574638X', 'PH1000001', '2006-08-07', '2006-08-12')
insert into treat values ('S8574638X', 'PH1000002', '2006-08-07', '2006-08-12')
insert into treat values ('S8554846K', 'PH1000001', '2007-10-04', '2007-10-11')
insert into treat values ('S8554846K', 'PH1000002', '2007-10-04', '2007-10-11')
insert into treat values ('S7567359S', 'PH1000001', '2007-04-08', '2007-04-14')
insert into treat values ('S7567359S', 'PH1000002', '2007-04-08', '2007-04-14')
insert into treat values ('S7556818T', 'PH1000001', '2008-05-09', '2008-05-14')
insert into treat values ('S7556818T', 'PH1000002', '2008-05-09', '2008-05-16')
insert into treat values ('S6567620J', 'PH1000001', '2008-06-18', '2008-06-24')
insert into treat values ('S6567620J', 'PH1000002', '2008-06-18', '2008-06-25')
insert into treat values ('S7583889O', 'PH1000001', '2008-07-19', '2008-07-24')
insert into treat values ('S7583889O', 'PH1000002', '2008-07-19', '2008-07-26')
insert into treat values ('S7519334A', 'PH1000001', '2008-09-15', '2008-09-22')
insert into treat values ('S7519334A', 'PH1000002', '2008-09-15', '2008-09-22')
insert into treat values ('S6572776N', 'PH1000001', '2008-08-10', '2008-08-16')
insert into treat values ('S6572776N', 'PH1000002', '2008-08-10', '2008-08-18')
insert into treat values ('S7546913Q', 'PH1000001', '2009-06-13', '2009-06-21')
insert into treat values ('S7546913Q', 'PH1000002', '2009-06-13', '2009-06-18')
insert into treat values ('S7532173Q', 'PH1000001', '2007-12-11', '2007-12-18')
insert into treat values ('S7532173Q', 'PH1000002', '2007-12-11', '2007-12-18')
insert into treat values ('S6550989M', 'PH1000001', '2009-03-18', '2009-03-23')
insert into treat values ('S6550989M', 'PH1000002', '2009-03-18', '2009-03-24')
insert into treat values ('S7571837V', 'PH1000001', '2007-07-18', '2007-07-25')
insert into treat values ('S7571837V', 'PH1000002', '2007-07-18', '2007-07-26')
insert into treat values ('S7512999Y', 'PH1000001', '2007-07-02', '2007-07-09')
insert into treat values ('S7512999Y', 'PH1000002', '2007-07-02', '2007-07-07')
insert into treat values ('S8538193I', 'PH1000001', '2007-07-06', '2007-07-11')
insert into treat values ('S8538193I', 'PH1000002', '2007-07-06', '2007-07-10')
insert into treat values ('S8612707S', 'PH1000001', '2006-06-01', '2006-06-08')
insert into treat values ('S8612707S', 'PH1000002', '2006-06-01', '2006-06-07')
insert into treat values ('S8684993G', 'PH1000001', '2007-05-15', '2007-05-19')
insert into treat values ('S8684993G', 'PH1000002', '2007-05-15', '2007-05-21')
insert into treat values ('S7680197M', 'PH1000001', '2008-11-07', '2008-11-13')
insert into treat values ('S7680197M', 'PH1000002', '2008-11-07', '2008-11-14')
insert into treat values ('S7687312H', 'PH1000001', '2007-12-05', '2007-12-12')
insert into treat values ('S7687312H', 'PH1000002', '2007-12-05', '2007-12-13')
insert into treat values ('S6660623I', 'PH1000001', '2008-09-16', '2008-09-22')
insert into treat values ('S6660623I', 'PH1000002', '2008-09-16', '2008-09-20')
insert into treat values ('S8629269G', 'PH1000001', '2009-02-08', '2009-02-14')
insert into treat values ('S8629269G', 'PH1000002', '2009-02-08', '2009-02-14')
insert into treat values ('S7612103K', 'PH1000001', '2009-05-15', '2009-05-20')
insert into treat values ('S7612103K', 'PH1000002', '2009-05-15', '2009-05-21')
insert into treat values ('S7691378I', 'PH1000001', '2008-11-14', '2008-11-20')
insert into treat values ('S7691378I', 'PH1000002', '2008-11-14', '2008-11-22')
insert into treat values ('S7636847K', 'PH1000001', '2007-10-06', '2007-10-14')
insert into treat values ('S7636847K', 'PH1000002', '2007-10-06', '2007-10-10')
insert into treat values ('S7666944X', 'PH1000001', '2008-06-13', '2008-06-20')
insert into treat values ('S7666944X', 'PH1000002', '2008-06-13', '2008-06-21')
insert into treat values ('S7618137P', 'PH1000001', '2006-06-18', '2006-06-26')
insert into treat values ('S7618137P', 'PH1000002', '2006-06-18', '2006-06-24')
insert into treat values ('S8676589W', 'PH1000001', '2008-08-12', '2008-08-18')
insert into treat values ('S8676589W', 'PH1000002', '2008-08-12', '2008-08-17')
insert into treat values ('S8687187I', 'PH1000001', '2006-05-20', '2006-05-27')
insert into treat values ('S8687187I', 'PH1000002', '2006-05-20', '2006-05-26')
insert into treat values ('S7647622E', 'PH1000001', '2009-05-18', '2009-05-22')
insert into treat values ('S7647622E', 'PH1000002', '2009-05-18', '2009-05-26')
insert into treat values ('S7636200J', 'PH1000001', '2008-07-07', '2008-07-13')
insert into treat values ('S7636200J', 'PH1000002', '2008-07-07', '2008-07-12')
insert into treat values ('S6650749S', 'PH1000001', '2007-05-12', '2007-05-18')
insert into treat values ('S6650749S', 'PH1000002', '2007-05-12', '2007-05-16')
insert into treat values ('S6648445M', 'PH1000001', '2009-08-01', '2009-08-09')
insert into treat values ('S6648445M', 'PH1000002', '2009-08-01', '2009-08-05')
insert into treat values ('S7672862D', 'PH1000001', '2008-03-08', '2008-03-13')
insert into treat values ('S7672862D', 'PH1000002', '2008-03-08', '2008-03-14')
insert into treat values ('S6665107Z', 'PH1000001', '2006-04-15', '2006-04-22')
insert into treat values ('S6665107Z', 'PH1000002', '2006-04-15', '2006-04-20')
insert into treat values ('S6652817Y', 'PH1000001', '2008-10-09', '2008-10-15')
insert into treat values ('S6652817Y', 'PH1000002', '2008-10-09', '2008-10-16')
insert into treat values ('S7639431U', 'PH1000001', '2007-10-10', '2007-10-16')
insert into treat values ('S7639431U', 'PH1000002', '2007-10-10', '2007-10-18')
insert into treat values ('S7631906K', 'PH1000001', '2006-03-13', '2006-03-18')
insert into treat values ('S7631906K', 'PH1000002', '2006-03-13', '2006-03-18')
insert into treat values ('S7656376J', 'PH1000001', '2008-02-18', '2008-02-24')
insert into treat values ('S7656376J', 'PH1000002', '2008-02-18', '2008-02-22')
insert into treat values ('S7619280N', 'PH1000001', '2007-06-09', '2007-06-17')
insert into treat values ('S7619280N', 'PH1000002', '2007-06-09', '2007-06-16')
insert into treat values ('S8660744W', 'PH1000001', '2008-03-19', '2008-03-23')
insert into treat values ('S8660744W', 'PH1000002', '2008-03-19', '2008-03-26')
insert into treat values ('S7639502T', 'PH1000001', '2008-03-07', '2008-03-12')
insert into treat values ('S7639502T', 'PH1000002', '2008-03-07', '2008-03-12')

CREATE TABLE visit(patient_id text, visit_date text, location text, reason text)
insert into visit values ('S8284186E', '2008-10-04', 'Changi Hospital', 'respiratory problem')
insert into visit values ('S8285084H', '2007-04-03', 'Changi Hospital', 'cephalalgia')
insert into visit values ('S7177880B', '2008-02-13', 'Changi Hospital', 'stomach problem')
insert into visit values ('S7138722B', '2008-10-08', 'Changi Hospital', 'heart problem')
insert into visit values ('S6148824M', '2006-11-14', 'Changi Hospital', 'sore throat')
insert into visit values ('S7118261I', '2007-09-16', 'Changi Hospital', 'sore throat')
insert into visit values ('S8187643T', '2008-09-02', 'Changi Hospital', 'sore throat')
insert into visit values ('S7137927N', '2008-03-08', 'Changi Hospital', 'heart problem')
insert into visit values ('S7171753Z', '2007-04-08', 'Changi Hospital', 'fever')
insert into visit values ('S6122982N', '2007-10-11', 'Changi Hospital', 'respiratory problem')
insert into visit values ('S7145609I', '2008-05-17', 'Changi Hospital', 'stomach problem')
insert into visit values ('S8167571C', '2008-11-02', 'Changi Hospital', 'stomach problem')
insert into visit values ('S7187692Z', '2008-03-17', 'Changi Hospital', 'respiratory problem')
insert into visit values ('S6112171U', '2008-08-03', 'Changi Hospital', 'cephalalgia')
insert into visit values ('S8198765N', '2009-04-03', 'Changi Hospital', 'heart problem')
insert into visit values ('S7194736O', '2008-02-04', 'Changi Hospital', 'cough')
insert into visit values ('S6137306F', '2007-12-18', 'Changi Hospital', 'fever')
insert into visit values ('S8188226G', '2008-03-08', 'Changi Hospital', 'fever')
insert into visit values ('S6138744F', '2007-05-10', 'Changi Hospital', 'heart problem')
insert into visit values ('S7171157X', '2007-07-13', 'Changi Hospital', 'sore throat')
insert into visit values ('S7163297W', '2006-09-15', 'Changi Hospital', 'cough')
insert into visit values ('S7195982X', '2009-07-10', 'Changi Hospital', 'stomach problem')
insert into visit values ('S7189551N', '2007-09-05', 'Changi Hospital', 'respiratory problem')
insert into visit values ('S7180267D', '2006-06-12', 'Changi Hospital', 'cephalalgia')
insert into visit values ('S8179734S', '2008-01-17', 'Changi Hospital', 'fever')
insert into visit values ('S6137904U', '2008-02-10', 'Changi Hospital', 'stomach problem')
insert into visit values ('S6191759M', '2007-02-02', 'Changi Hospital', 'stomach problem')
insert into visit values ('S7118889U', '2009-02-17', 'Changi Hospital', 'fever')
insert into visit values ('S8216194K', '2007-03-06', 'Changi Hospital', 'cough')
insert into visit values ('S7239833C', '2008-08-18', 'Changi Hospital', 'backache')
insert into visit values ('S7266114H', '2009-01-07', 'Changi Hospital', 'stomach problem')
insert into visit values ('S8250763O', '2006-05-02', 'Changi Hospital', 'fever')
insert into visit values ('S7272623O', '2008-07-05', 'Changi Hospital', 'stomach problem')
insert into visit values ('S7295511D', '2008-06-10', 'Changi Hospital', 'fever')
insert into visit values ('S6264862V', '2009-04-01', 'Changi Hospital', 'fever')
insert into visit values ('S8214535T', '2006-04-16', 'Changi Hospital', 'heart problem')
insert into visit values ('S8221415T', '2007-05-16', 'Changi Hospital', 'fever')
insert into visit values ('S7222963R', '2007-01-11', 'Changi Hospital', 'heart problem')
insert into visit values ('S7247817Y', '2007-04-14', 'Changi Hospital', 'heart problem')
insert into visit values ('S7221604D', '2008-09-03', 'Changi Hospital', 'sore throat')
insert into visit values ('S7282601I', '2006-12-11', 'Changi Hospital', 'fever')
insert into visit values ('S8298153V', '2008-03-12', 'Changi Hospital', 'sore throat')
insert into visit values ('S8288407C', '2008-07-17', 'Changi Hospital', 'fever')
insert into visit values ('S8274666V', '2007-08-12', 'Changi Hospital', 'cough')
insert into visit values ('S6271838N', '2008-03-02', 'Changi Hospital', 'backache')
insert into visit values ('S8281351K', '2007-08-07', 'Changi Hospital', 'backache')
insert into visit values ('S6217328D', '2006-02-09', 'Changi Hospital', 'sore throat')
insert into visit values ('S8288231F', '2006-01-03', 'Changi Hospital', 'respiratory problem')
insert into visit values ('S8249545W', '2006-09-10', 'Changi Hospital', 'backache')
insert into visit values ('S7282780C', '2006-11-17', 'Changi Hospital', 'stomach problem')
insert into visit values ('S7240835V', '2009-02-12', 'Changi Hospital', 'fever')
insert into visit values ('S8247415J', '2006-05-12', 'Changi Hospital', 'backache')
insert into visit values ('S7294207C', '2007-03-13', 'Changi Hospital', 'fever')
insert into visit values ('S7295777K', '2008-03-13', 'Changi Hospital', 'sore throat')
insert into visit values ('S7285360P', '2006-11-07', 'Changi Hospital', 'backache')
insert into visit values ('S7274457Z', '2007-06-17', 'Changi Hospital', 'cough')
insert into visit values ('S7258437L', '2006-07-15', 'Changi Hospital', 'sore throat')
insert into visit values ('S7230255A', '2006-11-04', 'Changi Hospital', 'cough')
insert into visit values ('S7238936P', '2009-03-15', 'Changi Hospital', 'cough')
insert into visit values ('S6243849V', '2007-06-03', 'Changi Hospital', 'fever')
insert into visit values ('S8348105F', '2008-01-18', 'Changi Hospital', 'heart problem')
insert into visit values ('S7317401Y', '2008-12-05', 'Changi Hospital', 'sore throat')
insert into visit values ('S8349644P', '2008-08-16', 'Changi Hospital', 'cough')
insert into visit values ('S6375477Q', '2007-07-15', 'Changi Hospital', 'backache')
insert into visit values ('S8336253M', '2008-02-02', 'Changi Hospital', 'respiratory problem')
insert into visit values ('S7361771G', '2008-01-17', 'Changi Hospital', 'cough')
insert into visit values ('S8379412E', '2008-07-06', 'Changi Hospital', 'sore throat')
insert into visit values ('S7324994L', '2008-07-05', 'Changi Hospital', 'sore throat')
insert into visit values ('S7379896S', '2009-02-12', 'Changi Hospital', 'heart problem')
insert into visit values ('S6357862F', '2008-06-09', 'Changi Hospital', 'stomach problem')
insert into visit values ('S8368619G', '2008-02-04', 'Changi Hospital', 'backache')
insert into visit values ('S6312939K', '2009-06-18', 'Changi Hospital', 'cough')
insert into visit values ('S7332153N', '2006-08-19', 'Changi Hospital', 'heart problem')
insert into visit values ('S6320248T', '2008-06-16', 'Changi Hospital', 'cough')
insert into visit values ('S7371894D', '2006-10-15', 'Changi Hospital', 'respiratory problem')
insert into visit values ('S8342326Q', '2006-10-14', 'Changi Hospital', 'sore throat')
insert into visit values ('S8310633S', '2009-06-11', 'Changi Hospital', 'heart problem')
insert into visit values ('S8367171C', '2008-06-05', 'Changi Hospital', 'cephalalgia')
insert into visit values ('S7373602T', '2009-07-03', 'Changi Hospital', 'heart problem')
insert into visit values ('S8443268C', '2008-06-09', 'Changi Hospital', 'respiratory problem')
insert into visit values ('S6456314P', '2007-10-13', 'Changi Hospital', 'heart problem')
insert into visit values ('S7425592E', '2007-11-17', 'Changi Hospital', 'heart problem')
insert into visit values ('S8425758I', '2007-10-07', 'Changi Hospital', 'heart problem')
insert into visit values ('S6421532V', '2007-05-10', 'Changi Hospital', 'sore throat')
insert into visit values ('S8458523H', '2007-08-11', 'Changi Hospital', 'cough')
insert into visit values ('S7411581K', '2008-04-04', 'Changi Hospital', 'fever')
insert into visit values ('S7489185S', '2006-03-07', 'Changi Hospital', 'stomach problem')
insert into visit values ('S6450563P', '2008-12-12', 'Changi Hospital', 'cough')
insert into visit values ('S7411390P', '2008-09-08', 'Changi Hospital', 'heart problem')
insert into visit values ('S7438497C', '2007-05-13', 'Changi Hospital', 'cough')
insert into visit values ('S8497138P', '2007-04-14', 'Changi Hospital', 'respiratory problem')
insert into visit values ('S7418166O', '2008-03-08', 'Changi Hospital', 'cough')
insert into visit values ('S6437581Y', '2008-10-20', 'Changi Hospital', 'heart problem')
insert into visit values ('S7419644Q', '2007-08-06', 'Changi Hospital', 'cough')
insert into visit values ('S8435240O', '2008-02-08', 'Changi Hospital', 'stomach problem')
insert into visit values ('S7570667B', '2007-08-14', 'Changi Hospital', 'stomach problem')
insert into visit values ('S7551588F', '2007-02-07', 'Changi Hospital', 'stomach problem')
insert into visit values ('S7572327H', '2006-10-13', 'Changi Hospital', 'cough')
insert into visit values ('S8574938M', '2008-08-10', 'Changi Hospital', 'stomach problem')
insert into visit values ('S7551347S', '2008-08-11', 'Changi Hospital', 'fever')
insert into visit values ('S6516357V', '2009-08-19', 'Changi Hospital', 'cough')
insert into visit values ('S7553175G', '2008-03-07', 'Changi Hospital', 'sore throat')
insert into visit values ('S7560551R', '2009-03-17', 'Changi Hospital', 'fever')
insert into visit values ('S8574638X', '2006-08-07', 'Changi Hospital', 'cephalalgia')
insert into visit values ('S8554846K', '2007-10-04', 'Changi Hospital', 'cough')
insert into visit values ('S7567359S', '2007-04-08', 'Changi Hospital', 'cough')
insert into visit values ('S7556818T', '2008-05-09', 'Changi Hospital', 'fever')
insert into visit values ('S6567620J', '2008-06-18', 'Changi Hospital', 'cephalalgia')
insert into visit values ('S7583889O', '2008-07-19', 'Changi Hospital', 'cephalalgia')
insert into visit values ('S7519334A', '2008-09-15', 'Changi Hospital', 'fever')
insert into visit values ('S6572776N', '2008-08-10', 'Changi Hospital', 'cephalalgia')
insert into visit values ('S7546913Q', '2009-06-13', 'Changi Hospital', 'fever')
insert into visit values ('S7532173Q', '2007-12-11', 'Changi Hospital', 'heart problem')
insert into visit values ('S6550989M', '2009-03-18', 'Changi Hospital', 'heart problem')
insert into visit values ('S7571837V', '2007-07-18', 'Changi Hospital', 'sore throat')
insert into visit values ('S7512999Y', '2007-07-02', 'Changi Hospital', 'stomach problem')
insert into visit values ('S8538193I', '2007-07-06', 'Changi Hospital', 'stomach problem')
insert into visit values ('S8612707S', '2006-06-01', 'Changi Hospital', 'stomach problem')
insert into visit values ('S8684993G', '2007-05-15', 'Changi Hospital', 'sore throat')
insert into visit values ('S7680197M', '2008-11-07', 'Changi Hospital', 'backache')
insert into visit values ('S7687312H', '2007-12-05', 'Changi Hospital', 'respiratory problem')
insert into visit values ('S6660623I', '2008-09-16', 'Changi Hospital', 'cough')
insert into visit values ('S8629269G', '2009-02-08', 'Changi Hospital', 'fever')
insert into visit values ('S7612103K', '2009-05-15', 'Changi Hospital', 'cough')
insert into visit values ('S7691378I', '2008-11-14', 'Changi Hospital', 'heart problem')
insert into visit values ('S7636847K', '2007-10-06', 'Changi Hospital', 'respiratory problem')
insert into visit values ('S7666944X', '2008-06-13', 'Changi Hospital', 'fever')
insert into visit values ('S7618137P', '2006-06-18', 'Changi Hospital', 'fever')
insert into visit values ('S8676589W', '2008-08-12', 'Changi Hospital', 'cough')
insert into visit values ('S8687187I', '2006-05-20', 'Changi Hospital', 'cough')
insert into visit values ('S7647622E', '2009-05-18', 'Changi Hospital', 'heart problem')
insert into visit values ('S7636200J', '2008-07-07', 'Changi Hospital', 'heart problem')
insert into visit values ('S6650749S', '2007-05-12', 'Changi Hospital', 'backache')
insert into visit values ('S6648445M', '2009-08-01', 'Changi Hospital', 'sore throat')
insert into visit values ('S7672862D', '2008-03-08', 'Changi Hospital', 'cephalalgia')
insert into visit values ('S6665107Z', '2006-04-15', 'Changi Hospital', 'sore throat')
insert into visit values ('S6652817Y', '2008-10-09', 'Changi Hospital', 'cephalalgia')
insert into visit values ('S7639431U', '2007-10-10', 'Changi Hospital', 'cephalalgia')
insert into visit values ('S7631906K', '2006-03-13', 'Changi Hospital', 'heart problem')
insert into visit values ('S7656376J', '2008-02-18', 'Changi Hospital', 'sore throat')
insert into visit values ('S7619280N', '2007-06-09', 'Changi Hospital', 'cough')
insert into visit values ('S8660744W', '2008-03-19', 'Changi Hospital', 'fever')
insert into visit values ('S7639502T', '2008-03-07', 'Changi Hospital', 'fever')

CREATE TABLE medical_test(patient_id varchar(30), test_name text, value text, test_date text)
insert into medical_test values ('S8284186E', 'TIBC', '290 mcg/dl', '2008-10-04')
insert into medical_test values ('S8285084H', 'MCV', '82 fl', '2007-04-03')
insert into medical_test values ('S7177880B', 'MCH', '34 pg', '2008-02-13')
insert into medical_test values ('S7138722B', 'heart rate', '71', '2008-10-08')
insert into medical_test values ('S6148824M', 'heart rate', '56', '2006-11-14')
insert into medical_test values ('S7118261I', 'RDW', '14.5%', '2007-09-16')
insert into medical_test values ('S8187643T', 'MCHC', '35 g/dl', '2008-09-02')
insert into medical_test values ('S7137927N', 'RDW', '13.6%', '2008-03-08')
insert into medical_test values ('S7171753Z', 'heart rate', '69', '2007-04-08')
insert into medical_test values ('S6122982N', 'ABG', ' 7.37 pH', '2007-10-11')
insert into medical_test values ('S7145609I', 'TIBC', '410 mcg/dl', '2008-05-17')
insert into medical_test values ('S8167571C', 'heart rate', '51', '2008-11-02')
insert into medical_test values ('S7187692Z', 'ABG', ' 7.48 pH', '2008-03-17')
insert into medical_test values ('S6112171U', 'RDW', '13.6%', '2008-08-03')
insert into medical_test values ('S8198765N', 'RDW', '11.9%', '2009-04-03')
insert into medical_test values ('S7194736O', 'MCHC', '37 g/dl', '2008-02-04')
insert into medical_test values ('S6137306F', 'ABG', ' 7.41 pH', '2007-12-18')
insert into medical_test values ('S8188226G', 'RDW', '11.9%', '2008-03-08')
insert into medical_test values ('S6138744F', 'MCH', '29 pg', '2007-05-10')
insert into medical_test values ('S7171157X', 'ABG', '7.25 pH', '2007-07-13')
insert into medical_test values ('S7163297W', 'RDW', '11.9%', '2006-09-15')
insert into medical_test values ('S7195982X', 'MCHC', '33 g/dl', '2009-07-10')
insert into medical_test values ('S7189551N', 'RDW', '11.9%', '2007-09-05')
insert into medical_test values ('S7180267D', 'MCH', '29 pg', '2006-06-12')
insert into medical_test values ('S8179734S', 'heart rate', '51', '2008-01-17')
insert into medical_test values ('S6137904U', 'MCV', '82 fl', '2008-02-10')
insert into medical_test values ('S6191759M', 'heart rate', '69', '2007-02-02')
insert into medical_test values ('S7118889U', 'TIBC', '290 mcg/dl', '2009-02-17')
insert into medical_test values ('S8216194K', 'RDW', '14.5%', '2007-03-06')
insert into medical_test values ('S7239833C', 'TIBC', '290 mcg/dl', '2008-08-18')
insert into medical_test values ('S7266114H', 'MCV', '99 fl', '2009-01-07')
insert into medical_test values ('S8250763O', 'RDW', '13.6%', '2006-05-02')
insert into medical_test values ('S7272623O', 'ABG', ' 7.37 pH', '2008-07-05')
insert into medical_test values ('S7295511D', 'MCV', '99 fl', '2008-06-10')
insert into medical_test values ('S6264862V', 'MCH', '34 pg', '2009-04-01')
insert into medical_test values ('S8214535T', 'ABG', ' 7.37 pH', '2006-04-16')
insert into medical_test values ('S8221415T', 'MCV', '85 fl', '2007-05-16')
insert into medical_test values ('S7222963R', 'ABG', '7.13 pH', '2007-01-11')
insert into medical_test values ('S7247817Y', 'TIBC', '320 mcg/dl', '2007-04-14')
insert into medical_test values ('S7221604D', 'ABG', '7.25 pH', '2008-09-03')
insert into medical_test values ('S7282601I', 'TIBC', '450 mcg/dl', '2006-12-11')
insert into medical_test values ('S8298153V', 'MCH', '34 pg', '2008-03-12')
insert into medical_test values ('S8288407C', 'ABG', ' 7.37 pH', '2008-07-17')
insert into medical_test values ('S8274666V', 'MCV', '82 fl', '2007-08-12')
insert into medical_test values ('S6271838N', 'MCV', '82 fl', '2008-03-02')
insert into medical_test values ('S8281351K', 'heart rate', '51', '2007-08-07')
insert into medical_test values ('S6217328D', 'MCH', '26 pg', '2006-02-09')
insert into medical_test values ('S8288231F', 'TIBC', '410 mcg/dl', '2006-01-03')
insert into medical_test values ('S8249545W', 'MCH', '26 pg', '2006-09-10')
insert into medical_test values ('S7282780C', 'MCV', '82 fl', '2006-11-17')
insert into medical_test values ('S7240835V', 'ABG', '7.25 pH', '2009-02-12')
insert into medical_test values ('S8247415J', 'RDW', '13.6%', '2006-05-12')
insert into medical_test values ('S7294207C', 'MCH', '34 pg', '2007-03-13')
insert into medical_test values ('S7295777K', 'TIBC', '320 mcg/dl', '2008-03-13')
insert into medical_test values ('S7285360P', 'MCV', '89 fl', '2006-11-07')
insert into medical_test values ('S7274457Z', 'TIBC', '400 mcg/dl', '2007-06-17')
insert into medical_test values ('S7258437L', 'ABG', ' 7.41 pH', '2006-07-15')
insert into medical_test values ('S7230255A', 'RDW', '13.6%', '2006-11-04')
insert into medical_test values ('S7238936P', 'ABG', ' 7.41 pH', '2009-03-15')
insert into medical_test values ('S6243849V', 'ABG', ' 7.41 pH', '2007-06-03')
insert into medical_test values ('S8348105F', 'RDW', '13.6%', '2008-01-18')
insert into medical_test values ('S7317401Y', 'MCV', '89 fl', '2008-12-05')
insert into medical_test values ('S8349644P', 'MCV', '82 fl', '2008-08-16')
insert into medical_test values ('S6375477Q', 'MCHC', '33 g/dl', '2007-07-15')
insert into medical_test values ('S8336253M', 'TIBC', '320 mcg/dl', '2008-02-02')
insert into medical_test values ('S7361771G', 'TIBC', '450 mcg/dl', '2008-01-17')
insert into medical_test values ('S8379412E', 'ABG', '7.25 pH', '2008-07-06')
insert into medical_test values ('S7324994L', 'TIBC', '240 mcg/dl', '2008-07-05')
insert into medical_test values ('S7379896S', 'ABG', '7.25 pH', '2009-02-12')
insert into medical_test values ('S6357862F', 'MCH', '29 pg', '2008-06-09')
insert into medical_test values ('S8368619G', 'MCV', '82 fl', '2008-02-04')
insert into medical_test values ('S6312939K', 'ABG', '7.13 pH', '2009-06-18')
insert into medical_test values ('S7332153N', 'RDW', '13.6%', '2006-08-19')
insert into medical_test values ('S6320248T', 'RDW', '13.6%', '2008-06-16')
insert into medical_test values ('S7371894D', 'MCH', '31 pg', '2006-10-15')
insert into medical_test values ('S8342326Q', 'TIBC', '320 mcg/dl', '2006-10-14')
insert into medical_test values ('S8310633S', 'TIBC', '400 mcg/dl', '2009-06-11')
insert into medical_test values ('S8367171C', 'ABG', ' 7.41 pH', '2008-06-05')
insert into medical_test values ('S7373602T', 'TIBC', '320 mcg/dl', '2009-07-03')
insert into medical_test values ('S8443268C', 'MCH', '29 pg', '2008-06-09')
insert into medical_test values ('S6456314P', 'ABG', '7.13 pH', '2007-10-13')
insert into medical_test values ('S7425592E', 'TIBC', '410 mcg/dl', '2007-11-17')
insert into medical_test values ('S8425758I', 'heart rate', '56', '2007-10-07')
insert into medical_test values ('S6421532V', 'TIBC', '320 mcg/dl', '2007-05-10')
insert into medical_test values ('S8458523H', 'MCH', '31 pg', '2007-08-11')
insert into medical_test values ('S7411581K', 'MCH', '29 pg', '2008-04-04')
insert into medical_test values ('S7489185S', 'ABG', '7.13 pH', '2006-03-07')
insert into medical_test values ('S6450563P', 'MCHC', '33 g/dl', '2008-12-12')
insert into medical_test values ('S7411390P', 'heart rate', '69', '2008-09-08')
insert into medical_test values ('S7438497C', 'MCV', '85 fl', '2007-05-13')
insert into medical_test values ('S8497138P', 'MCV', '85 fl', '2007-04-14')
insert into medical_test values ('S7418166O', 'heart rate', '51', '2008-03-08')
insert into medical_test values ('S6437581Y', 'MCV', '82 fl', '2008-10-20')
insert into medical_test values ('S7419644Q', 'ABG', '7.25 pH', '2007-08-06')
insert into medical_test values ('S8435240O', 'RDW', '11.5%', '2008-02-08')
insert into medical_test values ('S7570667B', 'TIBC', '290 mcg/dl', '2007-08-14')
insert into medical_test values ('S7551588F', 'heart rate', '63', '2007-02-07')
insert into medical_test values ('S7572327H', 'MCV', '82 fl', '2006-10-13')
insert into medical_test values ('S8574938M', 'MCV', '89 fl', '2008-08-10')
insert into medical_test values ('S7551347S', 'ABG', '7.25 pH', '2008-08-11')
insert into medical_test values ('S6516357V', 'MCH', '34 pg', '2009-08-19')
insert into medical_test values ('S7553175G', 'TIBC', '290 mcg/dl', '2008-03-07')
insert into medical_test values ('S7560551R', 'heart rate', '71', '2009-03-17')
insert into medical_test values ('S8574638X', 'MCH', '29 pg', '2006-08-07')
insert into medical_test values ('S8554846K', 'RDW', '13.6%', '2007-10-04')
insert into medical_test values ('S7567359S', 'RDW', '11.5%', '2007-04-08')
insert into medical_test values ('S7556818T', 'ABG', ' 7.41 pH', '2008-05-09')
insert into medical_test values ('S6567620J', 'TIBC', '320 mcg/dl', '2008-06-18')
insert into medical_test values ('S7583889O', 'MCHC', '33 g/dl', '2008-07-19')
insert into medical_test values ('S7519334A', 'ABG', ' 7.41 pH', '2008-09-15')
insert into medical_test values ('S6572776N', 'ABG', '7.25 pH', '2008-08-10')
insert into medical_test values ('S7546913Q', 'ABG', '7.25 pH', '2009-06-13')
insert into medical_test values ('S7532173Q', 'heart rate', '56', '2007-12-11')
insert into medical_test values ('S6550989M', 'RDW', '11.5%', '2009-03-18')
insert into medical_test values ('S7571837V', 'MCH', '34 pg', '2007-07-18')
insert into medical_test values ('S7512999Y', 'RDW', '13.6%', '2007-07-02')
insert into medical_test values ('S8538193I', 'TIBC', '290 mcg/dl', '2007-07-06')
insert into medical_test values ('S8612707S', 'RDW', '13.6%', '2006-06-01')
insert into medical_test values ('S8684993G', 'ABG', '7.25 pH', '2007-05-15')
insert into medical_test values ('S7680197M', 'RDW', '11.5%', '2008-11-07')
insert into medical_test values ('S7687312H', 'RDW', '14.5%', '2007-12-05')
insert into medical_test values ('S6660623I', 'RDW', '11.5%', '2008-09-16')
insert into medical_test values ('S8629269G', 'RDW', '11.9%', '2009-02-08')
insert into medical_test values ('S7612103K', 'heart rate', '71', '2009-05-15')
insert into medical_test values ('S7691378I', 'TIBC', '290 mcg/dl', '2008-11-14')
insert into medical_test values ('S7636847K', 'RDW', '11.9%', '2007-10-06')
insert into medical_test values ('S7666944X', 'ABG', '7.13 pH', '2008-06-13')
insert into medical_test values ('S7618137P', 'heart rate', '71', '2006-06-18')
insert into medical_test values ('S8676589W', 'MCH', '31 pg', '2008-08-12')
insert into medical_test values ('S8687187I', 'MCH', '26 pg', '2006-05-20')
insert into medical_test values ('S7647622E', 'heart rate', '51', '2009-05-18')
insert into medical_test values ('S7636200J', 'MCHC', '33 g/dl', '2008-07-07')
insert into medical_test values ('S6650749S', 'RDW', '14.5%', '2007-05-12')
insert into medical_test values ('S6648445M', 'MCV', '99 fl', '2009-08-01')
insert into medical_test values ('S7672862D', 'TIBC', '320 mcg/dl', '2008-03-08')
insert into medical_test values ('S6665107Z', 'RDW', '11.9%', '2006-04-15')
insert into medical_test values ('S6652817Y', 'TIBC', '320 mcg/dl', '2008-10-09')
insert into medical_test values ('S7639431U', 'MCH', '29 pg', '2007-10-10')
insert into medical_test values ('S7631906K', 'MCH', '29 pg', '2006-03-13')
insert into medical_test values ('S7656376J', 'MCH', '29 pg', '2008-02-18')
insert into medical_test values ('S7619280N', 'heart rate', '51', '2007-06-09')
insert into medical_test values ('S8660744W', 'TIBC', '410 mcg/dl', '2008-03-19')
insert into medical_test values ('S7639502T', 'TIBC', '290 mcg/dl', '2008-03-07')
insert into medical_test values ('S7371733P', 'H1N1', 'positive', '2009-07-19')
insert into medical_test values ('S6567620J', 'H1N1', 'positive', '2009-07-18')
insert into medical_test values ('S8250568M', 'H1N1', 'positive', '2009-07-16')
insert into medical_test values ('S8583120X', 'H1N1', 'positive', '2009-07-25')
insert into medical_test values ('S6530324Q', 'H1N1', 'positive', '2009-07-15')
insert into medical_test values ('S6645887O', 'H1N1', 'positive', '2009-07-23')
insert into medical_test values ('S7387472D', 'dengue', 'positive', '2009-07-25')
insert into medical_test values ('S8369191Q', 'dengue', 'positive', '2009-07-15')
insert into medical_test values ('S8222313R', 'dengue', 'positive', '2009-07-15')
insert into medical_test values ('S7187692Z', 'dengue', 'positive', '2009-07-12')
insert into medical_test values ('S6657199A', 'dengue', 'positive', '2009-07-04')
insert into medical_test values ('S7238936P', 'dengue', 'positive', '2009-07-11')
insert into medical_test values ('S8542330I', 'dengue', 'positive', '2009-07-12')
insert into medical_test values ('S8559817D', 'dengue', 'positive', '2009-07-20')

CREATE TABLE allergy(patient_id varchar(30), allergy_name text)
insert into allergy values ('S8284186E', 'Celecoxib')
insert into allergy values ('S7177880B', 'Celecoxib')
insert into allergy values ('S7137927N', 'Albumin')
insert into allergy values ('S7171753Z', 'Androgens')
insert into allergy values ('S8167571C', 'Benzyl Alcohol')
insert into allergy values ('S7187692Z', 'Celecoxib')
insert into allergy values ('S6112171U', 'Androgens')
insert into allergy values ('S8198765N', 'Albumin')
insert into allergy values ('S7194736O', 'Celecoxib')
insert into allergy values ('S8188226G', 'Albumin')
insert into allergy values ('S6138744F', 'Albumin')
insert into allergy values ('S7195982X', 'Androgens')
insert into allergy values ('S7180267D', 'Androgens')
insert into allergy values ('S8179734S', 'Albumin')
insert into allergy values ('S6137904U', 'Vancomcyn')
insert into allergy values ('S6191759M', 'Albumin')
insert into allergy values ('S8216194K', 'Benzyl Alcohol')
insert into allergy values ('S7266114H', 'Albumin')
insert into allergy values ('S8250763O', 'Celecoxib')
insert into allergy values ('S7272623O', 'Androgens')
insert into allergy values ('S7295511D', 'Albumin')
insert into allergy values ('S6264862V', 'Albumin')
insert into allergy values ('S7247817Y', 'Celecoxib')
insert into allergy values ('S7282601I', 'Albumin')
insert into allergy values ('S8298153V', 'Albumin')
insert into allergy values ('S8281351K', 'Androgens')
insert into allergy values ('S8249545W', 'Benzyl Alcohol')
insert into allergy values ('S7282780C', 'Benzyl Alcohol')
insert into allergy values ('S8247415J', 'Benzyl Alcohol')
insert into allergy values ('S7294207C', 'Benzyl Alcohol')
insert into allergy values ('S7295777K', 'Albumin')
insert into allergy values ('S7285360P', 'Albumin')
insert into allergy values ('S7258437L', 'Albumin')
insert into allergy values ('S7230255A', 'Celecoxib')
insert into allergy values ('S7238936P', 'Androgens')
insert into allergy values ('S6243849V', 'Benzyl Alcohol')
insert into allergy values ('S8348105F', 'Benzyl Alcohol')
insert into allergy values ('S7317401Y', 'Vancomcyn')
insert into allergy values ('S8349644P', 'Alumnium')
insert into allergy values ('S8336253M', 'Albumin')
insert into allergy values ('S7361771G', 'Androgens')
insert into allergy values ('S8379412E', 'Albumin')
insert into allergy values ('S7324994L', 'Celecoxib')
insert into allergy values ('S6357862F', 'Benzyl Alcohol')
insert into allergy values ('S8368619G', 'Albumin')
insert into allergy values ('S6312939K', 'Vancomcyn')
insert into allergy values ('S7332153N', 'Androgens')
insert into allergy values ('S8310633S', 'Albumin')
insert into allergy values ('S8367171C', 'Benzyl Alcohol')
insert into allergy values ('S8443268C', 'Albumin')
insert into allergy values ('S7425592E', 'Androgens')
insert into allergy values ('S8425758I', 'Androgens')
insert into allergy values ('S6421532V', 'Benzyl Alcohol')
insert into allergy values ('S8458523H', 'Albumin')
insert into allergy values ('S7411581K', 'Vancomcyn')
insert into allergy values ('S6450563P', 'Benzyl Alcohol')
insert into allergy values ('S7411390P', 'Benzyl Alcohol')
insert into allergy values ('S6437581Y', 'Androgens')
insert into allergy values ('S7419644Q', 'Androgens')
insert into allergy values ('S7570667B', 'Benzyl Alcohol')
insert into allergy values ('S7551588F', 'Benzyl Alcohol')
insert into allergy values ('S7572327H', 'Benzyl Alcohol')
insert into allergy values ('S8574938M', 'Albumin')
insert into allergy values ('S7551347S', 'Celecoxib')
insert into allergy values ('S7553175G', 'Androgens')
insert into allergy values ('S8574638X', 'Benzyl Alcohol')
insert into allergy values ('S7567359S', 'Androgens')
insert into allergy values ('S6572776N', 'Androgens')
insert into allergy values ('S7546913Q', 'Celecoxib')
insert into allergy values ('S6550989M', 'Albumin')
insert into allergy values ('S8538193I', 'Androgens')
insert into allergy values ('S7687312H', 'Vancomcyn')
insert into allergy values ('S6660623I', 'Benzyl Alcohol')
insert into allergy values ('S8629269G', 'Albumin')
insert into allergy values ('S7612103K', 'Albumin')
insert into allergy values ('S7691378I', 'Vancomcyn')
insert into allergy values ('S7618137P', 'Celecoxib')
insert into allergy values ('S6650749S', 'Androgens')
insert into allergy values ('S6648445M', 'Vancomcyn')
insert into allergy values ('S7672862D', 'Vancomcyn')
insert into allergy values ('S6652817Y', 'Vancomcyn')
insert into allergy values ('S7639431U', 'Androgens')
insert into allergy values ('S7631906K', 'Benzyl Alcohol')
insert into allergy values ('S7619280N', 'Vancomcyn')
insert into allergy values ('S8660744W', 'Celecoxib')

CREATE TABLE medication(patient_id varchar(30), medicine text, dosage text, start_date text, end_date text)
insert into medication values ('S8284186E', 'Ibufprofen 400mg', 'three times a day', '2008-10-04', '2008-10-09')
insert into medication values ('S8285084H', 'Amiodarone 20mg', 'once a day, 1 tablet by mouth', '2007-04-03', '2007-04-08')
insert into medication values ('S7177880B', 'Ceftin 500mg', 'three times a day, 1 tablet by mouth', '2008-02-13', '2008-02-20')
insert into medication values ('S7138722B', 'Simvastatin 40mg', 'once a day, at night', '2008-10-08', '2008-10-14')
insert into medication values ('S6148824M', 'Simvastatin 40mg', 'once a day, at night', '2006-11-14', '2006-11-20')
insert into medication values ('S7118261I', 'Ibufprofen 400mg', 'three times a day', '2007-09-16', '2007-09-23')
insert into medication values ('S8187643T', 'Amiodarone 20mg', 'once a day, 1 tablet by mouth', '2008-09-02', '2008-09-09')
insert into medication values ('S7137927N', 'Azythromycine 500mg', 'once a day, 1 injectable solution intravenously', '2008-03-08', '2008-03-15')
insert into medication values ('S7171753Z', 'Amiodarone 20mg', 'once a day, 1 tablet by mouth', '2007-04-08', '2007-04-14')
insert into medication values ('S6122982N', 'Ceftin 500mg', 'three times a day, 1 tablet by mouth', '2007-10-11', '2007-10-17')
insert into medication values ('S7145609I', 'Amiodarone 20mg', 'once a day, 1 tablet by mouth', '2008-05-17', '2008-05-24')
insert into medication values ('S8167571C', 'Simvastatin 40mg', 'once a day, at night', '2008-11-02', '2008-11-10')
insert into medication values ('S7187692Z', 'Azythromycine 500mg', 'once a day, 1 injectable solution intravenously', '2008-03-17', '2008-03-22')
insert into medication values ('S6112171U', 'Lactulose 10mg', 'two times a day, 5ml by mouth', '2008-08-03', '2008-08-07')
insert into medication values ('S8198765N', 'Azythromycine 500mg', 'once a day, 1 injectable solution intravenously', '2009-04-03', '2009-04-08')
insert into medication values ('S7194736O', 'Ibufprofen 400mg', 'three times a day', '2008-02-04', '2008-02-08')
insert into medication values ('S6137306F', 'Lactulose 10mg', 'two times a day, 5ml by mouth', '2007-12-18', '2007-12-24')
insert into medication values ('S8188226G', 'Ceftin 500mg', 'three times a day, 1 tablet by mouth', '2008-03-08', '2008-03-13')
insert into medication values ('S6138744F', 'Azythromycine 500mg', 'once a day, 1 injectable solution intravenously', '2007-05-10', '2007-05-16')
insert into medication values ('S7171157X', 'Azythromycine 500mg', 'once a day, 1 injectable solution intravenously', '2007-07-13', '2007-07-18')
insert into medication values ('S7163297W', 'Amiodarone 20mg', 'once a day, 1 tablet by mouth', '2006-09-15', '2006-09-22')
insert into medication values ('S7195982X', 'Amiodarone 20mg', 'once a day, 1 tablet by mouth', '2009-07-10', '2009-07-17')
insert into medication values ('S7189551N', 'Lipitor 20mg', 'once a day, at night', '2007-09-05', '2007-09-11')
insert into medication values ('S7180267D', 'Lactulose 10mg', 'two times a day, 5ml by mouth', '2006-06-12', '2006-06-18')
insert into medication values ('S8179734S', 'Lipitor 20mg', 'once a day, at night', '2008-01-17', '2008-01-22')
insert into medication values ('S6137904U', 'Simvastatin 40mg', 'once a day, at night', '2008-02-10', '2008-02-16')
insert into medication values ('S6191759M', 'Ibufprofen 400mg', 'three times a day', '2007-02-02', '2007-02-07')
insert into medication values ('S7118889U', 'Amiodarone 20mg', 'once a day, 1 tablet by mouth', '2009-02-17', '2009-02-23')
insert into medication values ('S8216194K', 'Lipitor 20mg', 'once a day, at night', '2007-03-06', '2007-03-13')
insert into medication values ('S7239833C', 'Azythromycine 500mg', 'once a day, 1 injectable solution intravenously', '2008-08-18', '2008-08-23')
insert into medication values ('S7266114H', 'Amiodarone 20mg', 'once a day, 1 tablet by mouth', '2009-01-07', '2009-01-12')
insert into medication values ('S8250763O', 'Simvastatin 40mg', 'once a day, at night', '2006-05-02', '2006-05-07')
insert into medication values ('S7272623O', 'Amiodarone 20mg', 'once a day, 1 tablet by mouth', '2008-07-05', '2008-07-10')
insert into medication values ('S7295511D', 'Lactulose 10mg', 'two times a day, 5ml by mouth', '2008-06-10', '2008-06-17')
insert into medication values ('S6264862V', 'Ceftin 500mg', 'three times a day, 1 tablet by mouth', '2009-04-01', '2009-04-06')
insert into medication values ('S8214535T', 'Lactulose 10mg', 'two times a day, 5ml by mouth', '2006-04-16', '2006-04-22')
insert into medication values ('S8221415T', 'Simvastatin 40mg', 'once a day, at night', '2007-05-16', '2007-05-22')
insert into medication values ('S7222963R', 'Simvastatin 40mg', 'once a day, at night', '2007-01-11', '2007-01-17')
insert into medication values ('S7247817Y', 'Simvastatin 40mg', 'once a day, at night', '2007-04-14', '2007-04-19')
insert into medication values ('S7221604D', 'Ceftriaxone 1g', 'once a day, 1 injectable solution intravenously', '2008-09-03', '2008-09-09')
insert into medication values ('S7282601I', 'Amiodarone 20mg', 'once a day, 1 tablet by mouth', '2006-12-11', '2006-12-17')
insert into medication values ('S8298153V', 'Ceftriaxone 1g', 'once a day, 1 injectable solution intravenously', '2008-03-12', '2008-03-20')
insert into medication values ('S8288407C', 'Lactulose 10mg', 'two times a day, 5ml by mouth', '2008-07-17', '2008-07-22')
insert into medication values ('S8274666V', 'Lipitor 20mg', 'once a day, at night', '2007-08-12', '2007-08-18')
insert into medication values ('S6271838N', 'Azythromycine 500mg', 'once a day, 1 injectable solution intravenously', '2008-03-02', '2008-03-09')
insert into medication values ('S8281351K', 'Ceftin 500mg', 'three times a day, 1 tablet by mouth', '2007-08-07', '2007-08-14')
insert into medication values ('S6217328D', 'Lipitor 20mg', 'once a day, at night', '2006-02-09', '2006-02-15')
insert into medication values ('S8288231F', 'Amiodarone 20mg', 'once a day, 1 tablet by mouth', '2006-01-03', '2006-01-09')
insert into medication values ('S8249545W', 'Lipitor 20mg', 'once a day, at night', '2006-09-10', '2006-09-15')
insert into medication values ('S7282780C', 'Azythromycine 500mg', 'once a day, 1 injectable solution intravenously', '2006-11-17', '2006-11-22')
insert into medication values ('S7240835V', 'Ibufprofen 400mg', 'three times a day', '2009-02-12', '2009-02-17')
insert into medication values ('S8247415J', 'Ceftin 500mg', 'three times a day, 1 tablet by mouth', '2006-05-12', '2006-05-19')
insert into medication values ('S7294207C', 'Lipitor 20mg', 'once a day, at night', '2007-03-13', '2007-03-19')
insert into medication values ('S7295777K', 'Lipitor 20mg', 'once a day, at night', '2008-03-13', '2008-03-18')
insert into medication values ('S7285360P', 'Lactulose 10mg', 'two times a day, 5ml by mouth', '2006-11-07', '2006-11-12')
insert into medication values ('S7274457Z', 'Lipitor 20mg', 'once a day, at night', '2007-06-17', '2007-06-21')
insert into medication values ('S7258437L', 'Amiodarone 20mg', 'once a day, 1 tablet by mouth', '2006-07-15', '2006-07-20')
insert into medication values ('S7230255A', 'Ibufprofen 400mg', 'three times a day', '2006-11-04', '2006-11-10')
insert into medication values ('S7238936P', 'Simvastatin 40mg', 'once a day, at night', '2009-03-15', '2009-03-22')
insert into medication values ('S6243849V', 'Lipitor 20mg', 'once a day, at night', '2007-06-03', '2007-06-08')
insert into medication values ('S8348105F', 'Simvastatin 40mg', 'once a day, at night', '2008-01-18', '2008-01-23')
insert into medication values ('S7317401Y', 'Ibufprofen 400mg', 'three times a day', '2008-12-05', '2008-12-10')
insert into medication values ('S8349644P', 'Azythromycine 500mg', 'once a day, 1 injectable solution intravenously', '2008-08-16', '2008-08-23')
insert into medication values ('S6375477Q', 'Ceftriaxone 1g', 'once a day, 1 injectable solution intravenously', '2007-07-15', '2007-07-21')
insert into medication values ('S8336253M', 'Lactulose 10mg', 'two times a day, 5ml by mouth', '2008-02-02', '2008-02-06')
insert into medication values ('S7361771G', 'Simvastatin 40mg', 'once a day, at night', '2008-01-17', '2008-01-23')
insert into medication values ('S8379412E', 'Amiodarone 20mg', 'once a day, 1 tablet by mouth', '2008-07-06', '2008-07-11')
insert into medication values ('S7324994L', 'Ibufprofen 400mg', 'three times a day', '2008-07-05', '2008-07-10')
insert into medication values ('S7379896S', 'Lipitor 20mg', 'once a day, at night', '2009-02-12', '2009-02-17')
insert into medication values ('S6357862F', 'Lactulose 10mg', 'two times a day, 5ml by mouth', '2008-06-09', '2008-06-14')
insert into medication values ('S8368619G', 'Ceftin 500mg', 'three times a day, 1 tablet by mouth', '2008-02-04', '2008-02-10')
insert into medication values ('S6312939K', 'Azythromycine 500mg', 'once a day, 1 injectable solution intravenously', '2009-06-18', '2009-06-24')
insert into medication values ('S7332153N', 'Azythromycine 500mg', 'once a day, 1 injectable solution intravenously', '2006-08-19', '2006-08-23')
insert into medication values ('S6320248T', 'Ibufprofen 400mg', 'three times a day', '2008-06-16', '2008-06-22')
insert into medication values ('S7371894D', 'Ceftin 500mg', 'three times a day, 1 tablet by mouth', '2006-10-15', '2006-10-21')
insert into medication values ('S8342326Q', 'Ceftriaxone 1g', 'once a day, 1 injectable solution intravenously', '2006-10-14', '2006-10-20')
insert into medication values ('S8310633S', 'Amiodarone 20mg', 'once a day, 1 tablet by mouth', '2009-06-11', '2009-06-16')
insert into medication values ('S8367171C', 'Ibufprofen 400mg', 'three times a day', '2008-06-05', '2008-06-11')
insert into medication values ('S7373602T', 'Ceftriaxone 1g', 'once a day, 1 injectable solution intravenously', '2009-07-03', '2009-07-09')
insert into medication values ('S8443268C', 'Ibufprofen 400mg', 'three times a day', '2008-06-09', '2008-06-15')
insert into medication values ('S6456314P', 'Simvastatin 40mg', 'once a day, at night', '2007-10-13', '2007-10-20')
insert into medication values ('S7425592E', 'Ceftin 500mg', 'three times a day, 1 tablet by mouth', '2007-11-17', '2007-11-23')
insert into medication values ('S8425758I', 'Azythromycine 500mg', 'once a day, 1 injectable solution intravenously', '2007-10-07', '2007-10-12')
insert into medication values ('S6421532V', 'Amiodarone 20mg', 'once a day, 1 tablet by mouth', '2007-05-10', '2007-05-18')
insert into medication values ('S8458523H', 'Ceftin 500mg', 'three times a day, 1 tablet by mouth', '2007-08-11', '2007-08-17')
insert into medication values ('S7411581K', 'Lipitor 20mg', 'once a day, at night', '2008-04-04', '2008-04-11')
insert into medication values ('S7489185S', 'Ceftriaxone 1g', 'once a day, 1 injectable solution intravenously', '2006-03-07', '2006-03-13')
insert into medication values ('S6450563P', 'Azythromycine 500mg', 'once a day, 1 injectable solution intravenously', '2008-12-12', '2008-12-16')
insert into medication values ('S7411390P', 'Amiodarone 20mg', 'once a day, 1 tablet by mouth', '2008-09-08', '2008-09-13')
insert into medication values ('S7438497C', 'Azythromycine 500mg', 'once a day, 1 injectable solution intravenously', '2007-05-13', '2007-05-18')
insert into medication values ('S8497138P', 'Ceftin 500mg', 'three times a day, 1 tablet by mouth', '2007-04-14', '2007-04-19')
insert into medication values ('S7418166O', 'Simvastatin 40mg', 'once a day, at night', '2008-03-08', '2008-03-15')
insert into medication values ('S6437581Y', 'Ibufprofen 400mg', 'three times a day', '2008-10-20', '2008-10-27')
insert into medication values ('S7419644Q', 'Lactulose 10mg', 'two times a day, 5ml by mouth', '2007-08-06', '2007-08-13')
insert into medication values ('S8435240O', 'Lactulose 10mg', 'two times a day, 5ml by mouth', '2008-02-08', '2008-02-15')
insert into medication values ('S7570667B', 'Amiodarone 20mg', 'once a day, 1 tablet by mouth', '2007-08-14', '2007-08-20')
insert into medication values ('S7551588F', 'Ibufprofen 400mg', 'three times a day', '2007-02-07', '2007-02-14')
insert into medication values ('S7572327H', 'Azythromycine 500mg', 'once a day, 1 injectable solution intravenously', '2006-10-13', '2006-10-19')
insert into medication values ('S8574938M', 'Ceftin 500mg', 'three times a day, 1 tablet by mouth', '2008-08-10', '2008-08-17')
insert into medication values ('S7551347S', 'Simvastatin 40mg', 'once a day, at night', '2008-08-11', '2008-08-19')
insert into medication values ('S6516357V', 'Ceftriaxone 1g', 'once a day, 1 injectable solution intravenously', '2009-08-19', '2009-08-23')
insert into medication values ('S7553175G', 'Ceftin 500mg', 'three times a day, 1 tablet by mouth', '2008-03-07', '2008-03-12')
insert into medication values ('S7560551R', 'Simvastatin 40mg', 'once a day, at night', '2009-03-17', '2009-03-25')
insert into medication values ('S8574638X', 'Ibufprofen 400mg', 'three times a day', '2006-08-07', '2006-08-14')
insert into medication values ('S8554846K', 'Ceftriaxone 1g', 'once a day, 1 injectable solution intravenously', '2007-10-04', '2007-10-10')
insert into medication values ('S7567359S', 'Simvastatin 40mg', 'once a day, at night', '2007-04-08', '2007-04-14')
insert into medication values ('S7556818T', 'Azythromycine 500mg', 'once a day, 1 injectable solution intravenously', '2008-05-09', '2008-05-15')
insert into medication values ('S6567620J', 'Ceftriaxone 1g', 'once a day, 1 injectable solution intravenously', '2008-06-18', '2008-06-22')
insert into medication values ('S7583889O', 'Ibufprofen 400mg', 'three times a day', '2008-07-19', '2008-07-27')
insert into medication values ('S7519334A', 'Lipitor 20mg', 'once a day, at night', '2008-09-15', '2008-09-20')
insert into medication values ('S6572776N', 'Azythromycine 500mg', 'once a day, 1 injectable solution intravenously', '2008-08-10', '2008-08-16')
insert into medication values ('S7546913Q', 'Lactulose 10mg', 'two times a day, 5ml by mouth', '2009-06-13', '2009-06-20')
insert into medication values ('S7532173Q', 'Ibufprofen 400mg', 'three times a day', '2007-12-11', '2007-12-17')
insert into medication values ('S6550989M', 'Ceftriaxone 1g', 'once a day, 1 injectable solution intravenously', '2009-03-18', '2009-03-23')
insert into medication values ('S7571837V', 'Ceftin 500mg', 'three times a day, 1 tablet by mouth', '2007-07-18', '2007-07-25')
insert into medication values ('S7512999Y', 'Azythromycine 500mg', 'once a day, 1 injectable solution intravenously', '2007-07-02', '2007-07-10')
insert into medication values ('S8538193I', 'Azythromycine 500mg', 'once a day, 1 injectable solution intravenously', '2007-07-06', '2007-07-13')
insert into medication values ('S8612707S', 'Simvastatin 40mg', 'once a day, at night', '2006-06-01', '2006-06-06')
insert into medication values ('S8684993G', 'Amiodarone 20mg', 'once a day, 1 tablet by mouth', '2007-05-15', '2007-05-20')
insert into medication values ('S7680197M', 'Simvastatin 40mg', 'once a day, at night', '2008-11-07', '2008-11-15')
insert into medication values ('S7687312H', 'Simvastatin 40mg', 'once a day, at night', '2007-12-05', '2007-12-12')
insert into medication values ('S6660623I', 'Ibufprofen 400mg', 'three times a day', '2008-09-16', '2008-09-22')
insert into medication values ('S8629269G', 'Lactulose 10mg', 'two times a day, 5ml by mouth', '2009-02-08', '2009-02-16')
insert into medication values ('S7612103K', 'Simvastatin 40mg', 'once a day, at night', '2009-05-15', '2009-05-23')
insert into medication values ('S7691378I', 'Ceftriaxone 1g', 'once a day, 1 injectable solution intravenously', '2008-11-14', '2008-11-20')
insert into medication values ('S7636847K', 'Amiodarone 20mg', 'once a day, 1 tablet by mouth', '2007-10-06', '2007-10-11')
insert into medication values ('S7666944X', 'Ceftin 500mg', 'three times a day, 1 tablet by mouth', '2008-06-13', '2008-06-20')
insert into medication values ('S7618137P', 'Lactulose 10mg', 'two times a day, 5ml by mouth', '2006-06-18', '2006-06-24')
insert into medication values ('S8676589W', 'Amiodarone 20mg', 'once a day, 1 tablet by mouth', '2008-08-12', '2008-08-17')
insert into medication values ('S8687187I', 'Lactulose 10mg', 'two times a day, 5ml by mouth', '2006-05-20', '2006-05-27')
insert into medication values ('S7647622E', 'Azythromycine 500mg', 'once a day, 1 injectable solution intravenously', '2009-05-18', '2009-05-22')
insert into medication values ('S7636200J', 'Ceftriaxone 1g', 'once a day, 1 injectable solution intravenously', '2008-07-07', '2008-07-14')
insert into medication values ('S6650749S', 'Ceftin 500mg', 'three times a day, 1 tablet by mouth', '2007-05-12', '2007-05-18')
insert into medication values ('S6648445M', 'Simvastatin 40mg', 'once a day, at night', '2009-08-01', '2009-08-09')
insert into medication values ('S7672862D', 'Amiodarone 20mg', 'once a day, 1 tablet by mouth', '2008-03-08', '2008-03-15')
insert into medication values ('S6665107Z', 'Ibufprofen 400mg', 'three times a day', '2006-04-15', '2006-04-20')
insert into medication values ('S6652817Y', 'Ceftin 500mg', 'three times a day, 1 tablet by mouth', '2008-10-09', '2008-10-13')
insert into medication values ('S7639431U', 'Azythromycine 500mg', 'once a day, 1 injectable solution intravenously', '2007-10-10', '2007-10-16')
insert into medication values ('S7631906K', 'Simvastatin 40mg', 'once a day, at night', '2006-03-13', '2006-03-19')
insert into medication values ('S7656376J', 'Ceftin 500mg', 'three times a day, 1 tablet by mouth', '2008-02-18', '2008-02-24')
insert into medication values ('S7619280N', 'Ceftriaxone 1g', 'once a day, 1 injectable solution intravenously', '2007-06-09', '2007-06-14')
insert into medication values ('S8660744W', 'Ibufprofen 400mg', 'three times a day', '2008-03-19', '2008-03-25')
insert into medication values ('S7639502T', 'Lactulose 10mg', 'two times a day, 5ml by mouth', '2008-03-07', '2008-03-12')
