drop database if exists localdb
create database if not exists localdb
use localdb

CREATE TABLE patient(patient_id varchar(30) NOT NULL, first_name text, last_name text, date_of_birth text, age integer, gender text, address text, nationality text, CONSTRAINT patient_pkey PRIMARY KEY (patient_id))
insert into patient values ('S7428900D', 'LAY KUAN', 'PANG', '1977-07-04', 32, 'female', 'Dover', 'Singaporean')
insert into patient values ('S8481341Q', 'MIEN LING', 'CHONG', '1986-09-06', 23, 'female', 'Punggol', 'Singaporean')
insert into patient values ('S8449693Y', 'YON CHI GABRIEL', 'YEE', '1979-05-10', 30, 'female', 'Toa Payo', 'Singaporean')
insert into patient values ('S7436189Y', 'HUI LING', 'CHAN', '1976-07-25', 33, 'female', 'Bedok', 'Singaporean')
insert into patient values ('S8491287H', 'KEL VIN', 'WONG', '1989-11-06', 20, 'male', 'Bedok', 'Singaporean')
insert into patient values ('S8443268C', 'SOO SING', 'CHOI', '1976-07-13', 33, 'male', 'Changi', 'Singaporean')
insert into patient values ('S8428905E', 'WAN YIN', 'NG', '1980-09-24', 29, 'male', 'Changi', 'Singaporean')
insert into patient values ('S6443848D', 'ZI LI', 'POON', '1979-04-13', 30, 'male', 'Dover', 'Singaporean')
insert into patient values ('S7472108S', 'WIN SUN', 'CHOONG', '1986-03-06', 23, 'female', 'Keppel', 'Singaporean')
insert into patient values ('S7486233G', 'CHUN', 'NG', '1972-09-24', 37, 'male', 'Bedok', 'Singaporean')
insert into patient values ('S8490219L', 'JUNEY', 'FOO', '1986-12-16', 23, 'female', 'Dover', 'Singaporean')
insert into patient values ('S7424433H', 'WEE BOON', 'TAN', '1969-10-24', 40, 'female', 'Changi', 'Singaporean')
insert into patient values ('S8454610O', 'CHERN YANG', 'LEOW', '1978-11-23', 31, 'female', 'Bedok', 'Singaporean')
insert into patient values ('S8493499U', 'HEIRIL BIN MOHAMED OSMAN', 'MOHAMMAD', '1971-04-20', 38, 'male', 'Keppel', 'Singaporean')
insert into patient values ('S6476150F', 'CHUN WEI', 'NG', '1974-04-13', 35, 'male', 'Toa Payo', 'Singaporean')
insert into patient values ('S8454785X', 'WEI KUN NICHOLAS', 'LIM', '1977-04-07', 32, 'male', 'Keppel', 'Singaporean')
insert into patient values ('S7481387R', 'SIM YEE', 'NEO', '1983-01-14', 26, 'male', 'Toa Payo', 'Singaporean')
insert into patient values ('S8467294E', 'GEE TIONG', 'NG', '1975-01-15', 34, 'male', 'Changi', 'Singaporean')
insert into patient values ('S6419291O', 'CHIN HAN', 'PANG', '1987-07-21', 22, 'female', 'Punggol', 'Singaporean')
insert into patient values ('S8446934V', 'YULIANTO', 'MARTIN', '1986-06-03', 23, 'male', 'Punggol', 'Singaporean')
insert into patient values ('S8491525E', 'CHUN LEONG WINSTON', 'WEE', '1984-09-18', 25, 'female', 'Bedok', 'Singaporean')
insert into patient values ('S7459423W', 'SUPARMAN', 'EDWIN', '1974-02-28', 35, 'male', 'Toa Payo', 'Singaporean')
insert into patient values ('S6469432G', 'WEE KOON', 'KOH', '1974-02-01', 35, 'female', 'Keppel', 'Singaporean')
insert into patient values ('S8422653S', 'HAN CHIN MICHAEL', 'LEONG', '1984-04-15', 25, 'female', 'Dover', 'Singaporean')
insert into patient values ('S7473769S', 'HAUW SHEONG', 'LOE', '1972-01-17', 37, 'female', 'Bedok', 'Singaporean')
insert into patient values ('S7432257T', 'EE CHEONG KEVIN', 'WONG', '1977-05-04', 32, 'male', 'Changi', 'Singaporean')
insert into patient values ('S6456314P', 'GOY TECK', 'LIM', '1987-12-27', 22, 'female', 'Bedok', 'Singaporean')
insert into patient values ('S8473423Q', 'HONG KEAT EDDY', 'KUNG', '1981-05-13', 28, 'male', 'Dover', 'Singaporean')
insert into patient values ('S7461727I', 'TSU REN', 'LOY', '1972-11-15', 37, 'male', 'Dover', 'Singaporean')
insert into patient values ('S6457328N', 'BOON CHING', 'HOW', '1975-11-12', 34, 'female', 'Changi', 'Singaporean')
insert into patient values ('S8450152X', 'WEI LIM', 'NG', '1972-12-03', 37, 'male', 'Toa Payo', 'Singaporean')
insert into patient values ('S7436929H', 'ZHE', 'ZHAO', '1983-11-24', 26, 'female', 'Bedok', 'Singaporean')
insert into patient values ('S8480277S', 'CHEE SEONG', 'KOK', '1973-12-21', 36, 'female', 'Keppel', 'Singaporean')
insert into patient values ('S8474192J', 'SOO JIN ADRIAN', 'KOH', '1981-09-27', 28, 'male', 'Chinatown', 'Singaporean')
insert into patient values ('S7425592E', 'SEONG HIAN', 'CHUA', '1977-03-03', 32, 'male', 'Punggol', 'Singaporean')
insert into patient values ('S8425758I', 'MENG WAH', 'TAN', '1976-08-15', 33, 'female', 'Toa Payo', 'Singaporean')
insert into patient values ('S6421532V', 'MEI HUA', 'LIM', '1979-04-13', 30, 'female', 'Punggol', 'Singaporean')
insert into patient values ('S8482105R', 'KIANG MENG', 'TAN', '1969-01-27', 40, 'female', 'Punggol', 'Singaporean')
insert into patient values ('S7483748O', 'CHOON YANG', 'TOH', '1972-08-11', 37, 'male', 'Changi', 'Singaporean')
insert into patient values ('S6466812N', 'YEW YEOW MICHAEL', 'TEO', '1987-02-12', 22, 'male', 'Toa Payo', 'Singaporean')
insert into patient values ('S6497406N', 'PUI KWAN', 'LOK', '1989-03-23', 20, 'male', 'Changi', 'Singaporean')
insert into patient values ('S8472663W', 'HOA KONG', 'KAAN', '1989-05-04', 20, 'male', 'Dover', 'Singaporean')
insert into patient values ('S7439155E', 'CHEE YONG', 'CHNG', '1977-01-06', 32, 'female', 'Keppel', 'Singaporean')
insert into patient values ('S8428637T', 'CHEONG HOE', 'YOW', '1982-04-02', 27, 'male', 'Punggol', 'Singaporean')
insert into patient values ('S7456927C', 'KIEN LENG LAWRENCE', 'LEE', '1982-02-27', 27, 'male', 'Chinatown', 'Singaporean')
insert into patient values ('S8427862T', 'WING SHAN SHIRLEY', 'ONG', '1981-04-07', 28, 'female', 'Keppel', 'Singaporean')
insert into patient values ('S8420600V', 'CHUEN SENG', 'LAM', '1981-11-18', 28, 'male', 'Bedok', 'Singaporean')
insert into patient values ('S7415571Y', 'CHUN KEONG KELVIN', 'GOH', '1988-12-22', 21, 'male', 'Dover', 'Singaporean')
insert into patient values ('S6457657X', 'WEE KIAT JEREMY', 'KEE', '1979-02-27', 30, 'female', 'Toa Payo', 'Singaporean')
insert into patient values ('S7432415G', 'CHEE KEONG', 'PAN', '1972-07-17', 37, 'female', 'Punggol', 'Singaporean')
insert into patient values ('S7462200G', 'YEOW CHERN ANDRE', 'TOK', '1973-04-11', 36, 'male', 'Changi', 'Singaporean')
insert into patient values ('S7470297Z', 'KIM HOCK', 'LIM', '1975-12-26', 34, 'male', 'Keppel', 'Singaporean')
insert into patient values ('S8435660B', 'CHOON MENG JASON', 'LEONG', '1981-09-08', 28, 'female', 'Chinatown', 'Singaporean')
insert into patient values ('S8483483E', 'DENISE', 'HENG', '1986-10-21', 23, 'male', 'Keppel', 'Singaporean')
insert into patient values ('S7497824P', 'QIUYAN TERESA', 'TAN', '1974-10-08', 35, 'male', 'Changi', 'Singaporean')
insert into patient values ('S8458523H', 'MENG HONG', 'KOH', '1971-08-22', 38, 'female', 'Dover', 'Singaporean')
insert into patient values ('S6494574X', 'GEE TIONG', 'NG', '1974-03-19', 35, 'male', 'Katong', 'Singaporean')
insert into patient values ('S7411581K', 'KRISHNA', 'SUBRAMANIAN', '1986-06-20', 23, 'male', 'Dover', 'Singaporean')
insert into patient values ('S6416577D', 'CHEE FAI', 'LEE', '1986-06-06', 23, 'male', 'Toa Payo', 'Singaporean')
insert into patient values ('S7441162N', 'LOO ANN', 'TAN', '1988-09-19', 21, 'female', 'Toa Payo', 'Singaporean')
insert into patient values ('S8424636X', 'WHYE KHUEN', 'CHONG', '1976-02-27', 33, 'male', 'Toa Payo', 'Singaporean')
insert into patient values ('S7489185S', 'CHIN WAI', 'LEE', '1981-09-08', 28, 'male', 'Changi', 'Singaporean')
insert into patient values ('S6425527H', 'KIT YING', 'CHAN', '1975-07-19', 34, 'male', 'Katong', 'Singaporean')
insert into patient values ('S6417239D', 'TIEN JIN KELVIN', 'SEOW', '1979-02-15', 30, 'female', 'Toa Payo', 'Singaporean')
insert into patient values ('S7424210F', 'SHING CHI', 'MOK', '1981-09-19', 28, 'female', 'Dover', 'Singaporean')
insert into patient values ('S7456115L', 'KWOK WAH', 'CHENG', '1981-07-03', 28, 'male', 'Katong', 'Singaporean')
insert into patient values ('S7498986R', 'TERH CHIA', 'OH', '1970-03-01', 39, 'female', 'Changi', 'Singaporean')
insert into patient values ('S8461604R', 'LEE-EE PATRICK', 'LING', '1974-09-07', 35, 'female', 'Toa Payo', 'Singaporean')
insert into patient values ('S7493455H', 'CHIN CHYE', 'SIM', '1973-10-02', 36, 'male', 'Keppel', 'Singaporean')
insert into patient values ('S6470522K', 'HENG SOON', 'LIM', '1987-02-20', 22, 'male', 'Toa Payo', 'Singaporean')
insert into patient values ('S7479355D', 'KWAN YEW', 'YEE', '1987-05-23', 22, 'female', 'Toa Payo', 'Singaporean')
insert into patient values ('S7417668G', 'SOON HENG NIGEL', 'TENG', '1971-08-26', 38, 'male', 'Bedok', 'Singaporean')
insert into patient values ('S7413819W', 'KOK ONN', 'KONG', '1976-06-02', 33, 'female', 'Changi', 'Singaporean')
insert into patient values ('S7482452B', 'DONG', 'LIN', '1975-09-09', 34, 'female', 'Keppel', 'Singaporean')
insert into patient values ('S7444596U', 'SOON HONG', 'TAN', '1984-02-05', 25, 'male', 'Punggol', 'Singaporean')
insert into patient values ('S6426142N', 'HUI ZHI REBECCA', 'LIN', '1974-08-23', 35, 'male', 'Keppel', 'Singaporean')
insert into patient values ('S6450563P', 'ADAM', 'UBAIDULLA', '1975-11-24', 34, 'female', 'Keppel', 'Singaporean')
insert into patient values ('S8473310M', 'HUEY MIIN', 'LIM', '1979-09-19', 30, 'male', 'Dover', 'Singaporean')
insert into patient values ('S8459887X', 'WEN SIONG', 'NGIAM', '1986-04-04', 23, 'female', 'Changi', 'Singaporean')
insert into patient values ('S7483198X', 'AIK KEONG ERIC', 'TOH', '1978-03-27', 31, 'male', 'Toa Payo', 'Singaporean')
insert into patient values ('S7411390P', 'MIN HAU', 'SOON', '1980-08-22', 29, 'male', 'Dover', 'Singaporean')
insert into patient values ('S7438497C', 'YANG CHANG MERVYN', 'TAN', '1989-09-12', 20, 'female', 'Toa Payo', 'Singaporean')
insert into patient values ('S8422599R', 'SIU LAN', 'LEE', '1978-07-20', 31, 'male', 'Katong', 'Singaporean')
insert into patient values ('S7466144P', 'SHUIT FUN', 'CHAN', '1978-07-10', 31, 'female', 'Changi', 'Singaporean')
insert into patient values ('S8497138P', 'PEI EOEN ANGELA', 'LEE', '1973-05-13', 36, 'male', 'Toa Payo', 'Singaporean')
insert into patient values ('S8439265T', 'MENG HWI', 'GOH', '1972-02-15', 37, 'male', 'Changi', 'Singaporean')
insert into patient values ('S7460349D', 'CHONG CHERT WILLIAM', 'CHAN', '1977-07-24', 32, 'female', 'Katong', 'Singaporean')
insert into patient values ('S7438817I', 'YU ENG', 'ONG', '1987-04-19', 22, 'female', 'Bedok', 'Singaporean')
insert into patient values ('S7418166O', 'CHUEN HUA BENJAMIN', 'CHUA', '1980-02-15', 29, 'male', 'Toa Payo', 'Singaporean')
insert into patient values ('S8492824P', 'AI GEE', 'TAN', '1981-05-28', 28, 'female', 'Toa Payo', 'Singaporean')
insert into patient values ('S8430684Q', 'CHIN CHIN', 'KOH', '1987-12-07', 22, 'male', 'Punggol', 'Singaporean')
insert into patient values ('S6452778G', 'TOONG WUAY', 'TAN', '1975-07-13', 34, 'female', 'Katong', 'Singaporean')
insert into patient values ('S7480590L', 'SHU YING', 'WEE', '1976-06-16', 33, 'male', 'Bedok', 'Singaporean')
insert into patient values ('S6437581Y', 'YU ENG', 'ONG', '1976-07-16', 33, 'female', 'Punggol', 'Singaporean')
insert into patient values ('S7419644Q', 'GEOK HAR', 'CHIEW', '1975-12-21', 34, 'male', 'Dover', 'Singaporean')
insert into patient values ('S8439138O', 'WIN SUN', 'CHOONG', '1980-09-13', 29, 'female', 'Toa Payo', 'Singaporean')
insert into patient values ('S8410631G', 'ERIC BASUKI', 'MICHAEL', '1970-08-16', 39, 'male', 'Dover', 'Singaporean')
insert into patient values ('S8441921W', 'CHEE HOONG', 'CHAN', '1973-11-18', 36, 'female', 'Bedok', 'Singaporean')
insert into patient values ('S8435240O', 'SWEE LIEN SARAH', 'LIM', '1970-10-25', 39, 'female', 'Katong', 'Singaporean')
insert into patient values ('S7499776C', 'YICHEN', 'LEE', '1975-11-27', 34, 'female', 'Dover', 'Singaporean')
insert into patient values ('S6496301Q', 'CHONG KEAT RENE', 'YEO', '1988-05-16', 21, 'female', 'Punggol', 'Singaporean')
insert into patient values ('S7495526S', 'CHOONG KHIANG', 'LIM', '1983-09-02', 26, 'male', 'Keppel', 'Singaporean')
insert into patient values ('S8481123S', 'YEW KOK', 'LEE', '1984-01-05', 25, 'male', 'Punggol', 'Singaporean')
insert into patient values ('S7468706R', 'KOK HIONG HENRY', 'LIM', '1983-05-08', 26, 'female', 'Changi', 'Singaporean')
insert into patient values ('S7473400B', 'WAI KUAN', 'SUM', '1979-09-12', 30, 'male', 'Bedok', 'Singaporean')
insert into patient values ('S7476241V', 'JUING YOUNG', 'LEE', '1976-05-22', 33, 'male', 'Toa Payo', 'Singaporean')
insert into patient values ('S6436671G', 'KOK JOONG', 'SEAH', '1988-09-14', 21, 'male', 'Dover', 'Singaporean')
insert into patient values ('S6424119R', 'TZE WEI', 'NG', '1971-04-20', 38, 'male', 'Chinatown', 'Singaporean')
insert into patient values ('S8454368K', 'WEI CHUN', 'CHAN', '1984-05-20', 25, 'female', 'Changi', 'Singaporean')
insert into patient values ('S7434960M', 'KENG SENG', 'MAK', '1973-12-15', 36, 'male', 'Dover', 'Singaporean')

CREATE TABLE physician(physician_id varchar(30) NOT NULL, first_name text, last_name text, CONSTRAINT patient_pkey PRIMARY KEY (physician_id))
insert into physician values ('PH4000001', 'TEO', 'KOK LEONG')
insert into physician values ('PH4000002', 'WANG', 'MIN')

CREATE TABLE treat(patient_id varchar(30), physician_id varchar(30), start_date text, end_date text)
insert into treat values ('S8284186E', 'PH4000001', '2008-10-07', '2008-10-12')
insert into treat values ('S8284186E', 'PH4000002', '2008-10-07', '2008-10-13')
insert into treat values ('S8285084H', 'PH4000001', '2007-09-06', '2007-09-12')
insert into treat values ('S8285084H', 'PH4000002', '2007-09-06', '2007-09-13')
insert into treat values ('S7177880B', 'PH4000001', '2009-04-20', '2009-04-25')
insert into treat values ('S7177880B', 'PH4000002', '2009-04-20', '2009-04-27')
insert into treat values ('S7138722B', 'PH4000001', '2009-05-14', '2009-05-20')
insert into treat values ('S7138722B', 'PH4000002', '2009-05-14', '2009-05-21')
insert into treat values ('S6148824M', 'PH4000001', '2008-08-04', '2008-08-10')
insert into treat values ('S6148824M', 'PH4000002', '2008-08-04', '2008-08-09')
insert into treat values ('S7118261I', 'PH4000001', '2007-06-13', '2007-06-18')
insert into treat values ('S7118261I', 'PH4000002', '2007-06-13', '2007-06-19')
insert into treat values ('S8187643T', 'PH4000001', '2009-03-07', '2009-03-14')
insert into treat values ('S8187643T', 'PH4000002', '2009-03-07', '2009-03-13')
insert into treat values ('S7137927N', 'PH4000001', '2007-05-02', '2007-05-07')
insert into treat values ('S7137927N', 'PH4000002', '2007-05-02', '2007-05-09')
insert into treat values ('S7171753Z', 'PH4000001', '2007-12-06', '2007-12-11')
insert into treat values ('S7171753Z', 'PH4000002', '2007-12-06', '2007-12-13')
insert into treat values ('S6122982N', 'PH4000001', '2009-04-02', '2009-04-08')
insert into treat values ('S6122982N', 'PH4000002', '2009-04-02', '2009-04-09')
insert into treat values ('S7145609I', 'PH4000001', '2007-05-16', '2007-05-24')
insert into treat values ('S7145609I', 'PH4000002', '2007-05-16', '2007-05-24')
insert into treat values ('S8167571C', 'PH4000001', '2009-02-09', '2009-02-16')
insert into treat values ('S8167571C', 'PH4000002', '2009-02-09', '2009-02-16')
insert into treat values ('S7187692Z', 'PH4000001', '2008-12-12', '2008-12-16')
insert into treat values ('S7187692Z', 'PH4000002', '2008-12-12', '2008-12-19')
insert into treat values ('S6112171U', 'PH4000001', '2009-05-08', '2009-05-15')
insert into treat values ('S6112171U', 'PH4000002', '2009-05-08', '2009-05-13')
insert into treat values ('S8198765N', 'PH4000001', '2008-03-16', '2008-03-22')
insert into treat values ('S8198765N', 'PH4000002', '2008-03-16', '2008-03-23')
insert into treat values ('S7194736O', 'PH4000001', '2008-01-17', '2008-01-23')
insert into treat values ('S7194736O', 'PH4000002', '2008-01-17', '2008-01-25')
insert into treat values ('S6137306F', 'PH4000001', '2008-05-09', '2008-05-17')
insert into treat values ('S6137306F', 'PH4000002', '2008-05-09', '2008-05-17')
insert into treat values ('S8188226G', 'PH4000001', '2006-09-06', '2006-09-12')
insert into treat values ('S8188226G', 'PH4000002', '2006-09-06', '2006-09-14')
insert into treat values ('S6138744F', 'PH4000001', '2006-05-18', '2006-05-26')
insert into treat values ('S6138744F', 'PH4000002', '2006-05-18', '2006-05-26')
insert into treat values ('S7171157X', 'PH4000001', '2007-02-15', '2007-02-20')
insert into treat values ('S7171157X', 'PH4000002', '2007-02-15', '2007-02-20')
insert into treat values ('S7163297W', 'PH4000001', '2008-03-12', '2008-03-18')
insert into treat values ('S7163297W', 'PH4000002', '2008-03-12', '2008-03-16')
insert into treat values ('S7195982X', 'PH4000001', '2007-08-12', '2007-08-20')
insert into treat values ('S7195982X', 'PH4000002', '2007-08-12', '2007-08-17')
insert into treat values ('S7189551N', 'PH4000001', '2007-08-06', '2007-08-10')
insert into treat values ('S7189551N', 'PH4000002', '2007-08-06', '2007-08-10')
insert into treat values ('S7180267D', 'PH4000001', '2008-08-03', '2008-08-08')
insert into treat values ('S7180267D', 'PH4000002', '2008-08-03', '2008-08-08')
insert into treat values ('S8179734S', 'PH4000001', '2007-03-15', '2007-03-21')
insert into treat values ('S8179734S', 'PH4000002', '2007-03-15', '2007-03-20')
insert into treat values ('S6137904U', 'PH4000001', '2008-09-13', '2008-09-20')
insert into treat values ('S6137904U', 'PH4000002', '2008-09-13', '2008-09-21')
insert into treat values ('S6191759M', 'PH4000001', '2008-02-02', '2008-02-09')
insert into treat values ('S6191759M', 'PH4000002', '2008-02-02', '2008-02-08')
insert into treat values ('S7118889U', 'PH4000001', '2009-08-08', '2009-08-14')
insert into treat values ('S7118889U', 'PH4000002', '2009-08-08', '2009-08-14')
insert into treat values ('S8216194K', 'PH4000001', '2007-11-11', '2007-11-18')
insert into treat values ('S8216194K', 'PH4000002', '2007-11-11', '2007-11-17')
insert into treat values ('S7239833C', 'PH4000001', '2007-04-08', '2007-04-13')
insert into treat values ('S7239833C', 'PH4000002', '2007-04-08', '2007-04-13')
insert into treat values ('S7266114H', 'PH4000001', '2009-02-11', '2009-02-16')
insert into treat values ('S7266114H', 'PH4000002', '2009-02-11', '2009-02-19')
insert into treat values ('S8250763O', 'PH4000001', '2008-02-08', '2008-02-14')
insert into treat values ('S8250763O', 'PH4000002', '2008-02-08', '2008-02-14')
insert into treat values ('S7272623O', 'PH4000001', '2009-04-05', '2009-04-13')
insert into treat values ('S7272623O', 'PH4000002', '2009-04-05', '2009-04-13')
insert into treat values ('S7295511D', 'PH4000001', '2008-06-14', '2008-06-22')
insert into treat values ('S7295511D', 'PH4000002', '2008-06-14', '2008-06-21')
insert into treat values ('S6264862V', 'PH4000001', '2008-03-02', '2008-03-07')
insert into treat values ('S6264862V', 'PH4000002', '2008-03-02', '2008-03-09')
insert into treat values ('S8214535T', 'PH4000001', '2008-11-02', '2008-11-06')
insert into treat values ('S8214535T', 'PH4000002', '2008-11-02', '2008-11-07')
insert into treat values ('S8221415T', 'PH4000001', '2007-10-12', '2007-10-19')
insert into treat values ('S8221415T', 'PH4000002', '2007-10-12', '2007-10-19')
insert into treat values ('S7222963R', 'PH4000001', '2008-04-19', '2008-04-24')
insert into treat values ('S7222963R', 'PH4000002', '2008-04-19', '2008-04-24')
insert into treat values ('S7247817Y', 'PH4000001', '2008-04-15', '2008-04-22')
insert into treat values ('S7247817Y', 'PH4000002', '2008-04-15', '2008-04-19')
insert into treat values ('S7221604D', 'PH4000001', '2007-10-06', '2007-10-13')
insert into treat values ('S7221604D', 'PH4000002', '2007-10-06', '2007-10-11')
insert into treat values ('S7282601I', 'PH4000001', '2008-11-06', '2008-11-14')
insert into treat values ('S7282601I', 'PH4000002', '2008-11-06', '2008-11-13')
insert into treat values ('S8298153V', 'PH4000001', '2007-02-01', '2007-02-08')
insert into treat values ('S8298153V', 'PH4000002', '2007-02-01', '2007-02-08')
insert into treat values ('S8288407C', 'PH4000001', '2008-04-18', '2008-04-25')
insert into treat values ('S8288407C', 'PH4000002', '2008-04-18', '2008-04-24')
insert into treat values ('S8274666V', 'PH4000001', '2008-08-19', '2008-08-26')
insert into treat values ('S8274666V', 'PH4000002', '2008-08-19', '2008-08-23')
insert into treat values ('S6271838N', 'PH4000001', '2007-07-06', '2007-07-11')
insert into treat values ('S6271838N', 'PH4000002', '2007-07-06', '2007-07-13')
insert into treat values ('S8281351K', 'PH4000001', '2006-11-13', '2006-11-21')
insert into treat values ('S8281351K', 'PH4000002', '2006-11-13', '2006-11-18')
insert into treat values ('S6217328D', 'PH4000001', '2008-03-13', '2008-03-20')
insert into treat values ('S6217328D', 'PH4000002', '2008-03-13', '2008-03-21')
insert into treat values ('S8288231F', 'PH4000001', '2006-08-12', '2006-08-19')
insert into treat values ('S8288231F', 'PH4000002', '2006-08-12', '2006-08-18')
insert into treat values ('S8249545W', 'PH4000001', '2008-01-04', '2008-01-09')
insert into treat values ('S8249545W', 'PH4000002', '2008-01-04', '2008-01-09')
insert into treat values ('S7282780C', 'PH4000001', '2006-02-06', '2006-02-13')
insert into treat values ('S7282780C', 'PH4000002', '2006-02-06', '2006-02-13')
insert into treat values ('S7240835V', 'PH4000001', '2006-04-08', '2006-04-14')
insert into treat values ('S7240835V', 'PH4000002', '2006-04-08', '2006-04-15')
insert into treat values ('S8247415J', 'PH4000001', '2007-02-04', '2007-02-10')
insert into treat values ('S8247415J', 'PH4000002', '2007-02-04', '2007-02-09')
insert into treat values ('S7294207C', 'PH4000001', '2009-06-05', '2009-06-09')
insert into treat values ('S7294207C', 'PH4000002', '2009-06-05', '2009-06-13')
insert into treat values ('S7295777K', 'PH4000001', '2008-01-17', '2008-01-22')
insert into treat values ('S7295777K', 'PH4000002', '2008-01-17', '2008-01-21')
insert into treat values ('S7285360P', 'PH4000001', '2006-06-10', '2006-06-15')
insert into treat values ('S7285360P', 'PH4000002', '2006-06-10', '2006-06-16')
insert into treat values ('S7274457Z', 'PH4000001', '2006-03-14', '2006-03-18')
insert into treat values ('S7274457Z', 'PH4000002', '2006-03-14', '2006-03-21')
insert into treat values ('S7258437L', 'PH4000001', '2008-11-09', '2008-11-17')
insert into treat values ('S7258437L', 'PH4000002', '2008-11-09', '2008-11-17')
insert into treat values ('S7230255A', 'PH4000001', '2007-12-13', '2007-12-21')
insert into treat values ('S7230255A', 'PH4000002', '2007-12-13', '2007-12-18')
insert into treat values ('S7238936P', 'PH4000001', '2008-05-18', '2008-05-25')
insert into treat values ('S7238936P', 'PH4000002', '2008-05-18', '2008-05-24')
insert into treat values ('S6243849V', 'PH4000001', '2008-12-19', '2008-12-26')
insert into treat values ('S6243849V', 'PH4000002', '2008-12-19', '2008-12-23')
insert into treat values ('S8348105F', 'PH4000001', '2007-05-02', '2007-05-08')
insert into treat values ('S8348105F', 'PH4000002', '2007-05-02', '2007-05-08')
insert into treat values ('S7317401Y', 'PH4000001', '2007-11-07', '2007-11-12')
insert into treat values ('S7317401Y', 'PH4000002', '2007-11-07', '2007-11-12')
insert into treat values ('S8349644P', 'PH4000001', '2008-06-12', '2008-06-19')
insert into treat values ('S8349644P', 'PH4000002', '2008-06-12', '2008-06-16')
insert into treat values ('S6375477Q', 'PH4000001', '2008-07-13', '2008-07-21')
insert into treat values ('S6375477Q', 'PH4000002', '2008-07-13', '2008-07-20')
insert into treat values ('S8336253M', 'PH4000001', '2008-11-14', '2008-11-22')
insert into treat values ('S8336253M', 'PH4000002', '2008-11-14', '2008-11-21')
insert into treat values ('S7361771G', 'PH4000001', '2007-02-10', '2007-02-14')
insert into treat values ('S7361771G', 'PH4000002', '2007-02-10', '2007-02-17')
insert into treat values ('S8379412E', 'PH4000001', '2008-08-18', '2008-08-26')
insert into treat values ('S8379412E', 'PH4000002', '2008-08-18', '2008-08-22')
insert into treat values ('S7324994L', 'PH4000001', '2007-11-06', '2007-11-11')
insert into treat values ('S7324994L', 'PH4000002', '2007-11-06', '2007-11-11')
insert into treat values ('S7379896S', 'PH4000001', '2007-06-14', '2007-06-22')
insert into treat values ('S7379896S', 'PH4000002', '2007-06-14', '2007-06-20')
insert into treat values ('S6357862F', 'PH4000001', '2007-11-03', '2007-11-09')
insert into treat values ('S6357862F', 'PH4000002', '2007-11-03', '2007-11-11')
insert into treat values ('S8368619G', 'PH4000001', '2008-11-12', '2008-11-17')
insert into treat values ('S8368619G', 'PH4000002', '2008-11-12', '2008-11-18')
insert into treat values ('S6312939K', 'PH4000001', '2009-02-15', '2009-02-22')
insert into treat values ('S6312939K', 'PH4000002', '2009-02-15', '2009-02-20')
insert into treat values ('S7332153N', 'PH4000001', '2009-01-02', '2009-01-10')
insert into treat values ('S7332153N', 'PH4000002', '2009-01-02', '2009-01-07')
insert into treat values ('S6320248T', 'PH4000001', '2007-03-10', '2007-03-16')
insert into treat values ('S6320248T', 'PH4000002', '2007-03-10', '2007-03-18')
insert into treat values ('S7371894D', 'PH4000001', '2007-01-12', '2007-01-17')
insert into treat values ('S7371894D', 'PH4000002', '2007-01-12', '2007-01-17')
insert into treat values ('S8342326Q', 'PH4000001', '2008-06-18', '2008-06-25')
insert into treat values ('S8342326Q', 'PH4000002', '2008-06-18', '2008-06-26')
insert into treat values ('S8310633S', 'PH4000001', '2008-04-03', '2008-04-09')
insert into treat values ('S8310633S', 'PH4000002', '2008-04-03', '2008-04-11')
insert into treat values ('S8367171C', 'PH4000001', '2009-07-10', '2009-07-15')
insert into treat values ('S8367171C', 'PH4000002', '2009-07-10', '2009-07-14')
insert into treat values ('S7373602T', 'PH4000001', '2007-04-09', '2007-04-13')
insert into treat values ('S7373602T', 'PH4000002', '2007-04-09', '2007-04-16')
insert into treat values ('S8443268C', 'PH4000001', '2008-08-20', '2008-08-24')
insert into treat values ('S8443268C', 'PH4000002', '2008-08-20', '2008-08-27')
insert into treat values ('S6456314P', 'PH4000001', '2008-11-15', '2008-11-22')
insert into treat values ('S6456314P', 'PH4000002', '2008-11-15', '2008-11-20')
insert into treat values ('S7425592E', 'PH4000001', '2009-04-04', '2009-04-10')
insert into treat values ('S7425592E', 'PH4000002', '2009-04-04', '2009-04-08')
insert into treat values ('S8425758I', 'PH4000001', '2008-03-12', '2008-03-20')
insert into treat values ('S8425758I', 'PH4000002', '2008-03-12', '2008-03-19')
insert into treat values ('S6421532V', 'PH4000001', '2006-05-14', '2006-05-20')
insert into treat values ('S6421532V', 'PH4000002', '2006-05-14', '2006-05-22')
insert into treat values ('S8458523H', 'PH4000001', '2009-08-06', '2009-08-11')
insert into treat values ('S8458523H', 'PH4000002', '2009-08-06', '2009-08-12')
insert into treat values ('S7411581K', 'PH4000001', '2008-08-14', '2008-08-20')
insert into treat values ('S7411581K', 'PH4000002', '2008-08-14', '2008-08-19')
insert into treat values ('S7489185S', 'PH4000001', '2008-10-07', '2008-10-11')
insert into treat values ('S7489185S', 'PH4000002', '2008-10-07', '2008-10-13')
insert into treat values ('S6450563P', 'PH4000001', '2007-01-14', '2007-01-20')
insert into treat values ('S6450563P', 'PH4000002', '2007-01-14', '2007-01-21')
insert into treat values ('S7411390P', 'PH4000001', '2007-03-20', '2007-03-26')
insert into treat values ('S7411390P', 'PH4000002', '2007-03-20', '2007-03-27')
insert into treat values ('S7438497C', 'PH4000001', '2006-06-03', '2006-06-10')
insert into treat values ('S7438497C', 'PH4000002', '2006-06-03', '2006-06-10')
insert into treat values ('S8497138P', 'PH4000001', '2006-10-05', '2006-10-11')
insert into treat values ('S8497138P', 'PH4000002', '2006-10-05', '2006-10-10')
insert into treat values ('S7418166O', 'PH4000001', '2008-05-13', '2008-05-19')
insert into treat values ('S7418166O', 'PH4000002', '2008-05-13', '2008-05-20')
insert into treat values ('S6437581Y', 'PH4000001', '2009-07-10', '2009-07-18')
insert into treat values ('S6437581Y', 'PH4000002', '2009-07-10', '2009-07-15')
insert into treat values ('S7419644Q', 'PH4000001', '2009-02-18', '2009-02-23')
insert into treat values ('S7419644Q', 'PH4000002', '2009-02-18', '2009-02-23')
insert into treat values ('S8435240O', 'PH4000001', '2008-02-16', '2008-02-21')
insert into treat values ('S8435240O', 'PH4000002', '2008-02-16', '2008-02-23')
insert into treat values ('S7570667B', 'PH4000001', '2006-02-03', '2006-02-08')
insert into treat values ('S7570667B', 'PH4000002', '2006-02-03', '2006-02-07')
insert into treat values ('S7551588F', 'PH4000001', '2006-05-18', '2006-05-23')
insert into treat values ('S7551588F', 'PH4000002', '2006-05-18', '2006-05-24')
insert into treat values ('S7572327H', 'PH4000001', '2008-07-18', '2008-07-24')
insert into treat values ('S7572327H', 'PH4000002', '2008-07-18', '2008-07-23')
insert into treat values ('S8574938M', 'PH4000001', '2006-08-15', '2006-08-20')
insert into treat values ('S8574938M', 'PH4000002', '2006-08-15', '2006-08-21')
insert into treat values ('S7551347S', 'PH4000001', '2006-04-18', '2006-04-24')
insert into treat values ('S7551347S', 'PH4000002', '2006-04-18', '2006-04-25')
insert into treat values ('S6516357V', 'PH4000001', '2007-06-15', '2007-06-22')
insert into treat values ('S6516357V', 'PH4000002', '2007-06-15', '2007-06-20')
insert into treat values ('S7553175G', 'PH4000001', '2007-03-05', '2007-03-09')
insert into treat values ('S7553175G', 'PH4000002', '2007-03-05', '2007-03-13')
insert into treat values ('S7560551R', 'PH4000001', '2008-05-08', '2008-05-12')
insert into treat values ('S7560551R', 'PH4000002', '2008-05-08', '2008-05-16')
insert into treat values ('S8574638X', 'PH4000001', '2007-12-13', '2007-12-18')
insert into treat values ('S8574638X', 'PH4000002', '2007-12-13', '2007-12-20')
insert into treat values ('S8554846K', 'PH4000001', '2007-07-10', '2007-07-17')
insert into treat values ('S8554846K', 'PH4000002', '2007-07-10', '2007-07-18')
insert into treat values ('S7567359S', 'PH4000001', '2008-06-10', '2008-06-17')
insert into treat values ('S7567359S', 'PH4000002', '2008-06-10', '2008-06-16')
insert into treat values ('S7556818T', 'PH4000001', '2008-11-18', '2008-11-22')
insert into treat values ('S7556818T', 'PH4000002', '2008-11-18', '2008-11-25')
insert into treat values ('S6567620J', 'PH4000001', '2008-05-13', '2008-05-19')
insert into treat values ('S6567620J', 'PH4000002', '2008-05-13', '2008-05-19')
insert into treat values ('S7583889O', 'PH4000001', '2009-07-03', '2009-07-10')
insert into treat values ('S7583889O', 'PH4000002', '2009-07-03', '2009-07-07')
insert into treat values ('S7519334A', 'PH4000001', '2008-10-09', '2008-10-16')
insert into treat values ('S7519334A', 'PH4000002', '2008-10-09', '2008-10-16')
insert into treat values ('S6572776N', 'PH4000001', '2008-05-15', '2008-05-19')
insert into treat values ('S6572776N', 'PH4000002', '2008-05-15', '2008-05-22')
insert into treat values ('S7546913Q', 'PH4000001', '2008-09-13', '2008-09-18')
insert into treat values ('S7546913Q', 'PH4000002', '2008-09-13', '2008-09-17')
insert into treat values ('S7532173Q', 'PH4000001', '2008-10-15', '2008-10-21')
insert into treat values ('S7532173Q', 'PH4000002', '2008-10-15', '2008-10-22')
insert into treat values ('S6550989M', 'PH4000001', '2007-09-18', '2007-09-23')
insert into treat values ('S6550989M', 'PH4000002', '2007-09-18', '2007-09-25')
insert into treat values ('S7571837V', 'PH4000001', '2009-05-04', '2009-05-09')
insert into treat values ('S7571837V', 'PH4000002', '2009-05-04', '2009-05-11')
insert into treat values ('S7512999Y', 'PH4000001', '2008-08-12', '2008-08-16')
insert into treat values ('S7512999Y', 'PH4000002', '2008-08-12', '2008-08-17')
insert into treat values ('S8538193I', 'PH4000001', '2008-03-04', '2008-03-10')
insert into treat values ('S8538193I', 'PH4000002', '2008-03-04', '2008-03-10')
insert into treat values ('S8612707S', 'PH4000001', '2007-10-12', '2007-10-18')
insert into treat values ('S8612707S', 'PH4000002', '2007-10-12', '2007-10-19')
insert into treat values ('S8684993G', 'PH4000001', '2009-04-02', '2009-04-09')
insert into treat values ('S8684993G', 'PH4000002', '2009-04-02', '2009-04-06')
insert into treat values ('S7680197M', 'PH4000001', '2006-09-09', '2006-09-15')
insert into treat values ('S7680197M', 'PH4000002', '2006-09-09', '2006-09-16')
insert into treat values ('S7687312H', 'PH4000001', '2007-10-02', '2007-10-08')
insert into treat values ('S7687312H', 'PH4000002', '2007-10-02', '2007-10-07')
insert into treat values ('S6660623I', 'PH4000001', '2007-01-08', '2007-01-15')
insert into treat values ('S6660623I', 'PH4000002', '2007-01-08', '2007-01-13')
insert into treat values ('S8629269G', 'PH4000001', '2009-03-14', '2009-03-21')
insert into treat values ('S8629269G', 'PH4000002', '2009-03-14', '2009-03-20')
insert into treat values ('S7612103K', 'PH4000001', '2008-03-02', '2008-03-09')
insert into treat values ('S7612103K', 'PH4000002', '2008-03-02', '2008-03-08')
insert into treat values ('S7691378I', 'PH4000001', '2008-05-13', '2008-05-19')
insert into treat values ('S7691378I', 'PH4000002', '2008-05-13', '2008-05-17')
insert into treat values ('S7636847K', 'PH4000001', '2009-05-02', '2009-05-09')
insert into treat values ('S7636847K', 'PH4000002', '2009-05-02', '2009-05-06')
insert into treat values ('S7666944X', 'PH4000001', '2006-01-12', '2006-01-16')
insert into treat values ('S7666944X', 'PH4000002', '2006-01-12', '2006-01-17')
insert into treat values ('S7618137P', 'PH4000001', '2007-07-03', '2007-07-08')
insert into treat values ('S7618137P', 'PH4000002', '2007-07-03', '2007-07-09')
insert into treat values ('S8676589W', 'PH4000001', '2008-02-14', '2008-02-18')
insert into treat values ('S8676589W', 'PH4000002', '2008-02-14', '2008-02-20')
insert into treat values ('S8687187I', 'PH4000001', '2007-02-02', '2007-02-07')
insert into treat values ('S8687187I', 'PH4000002', '2007-02-02', '2007-02-10')
insert into treat values ('S7647622E', 'PH4000001', '2008-07-09', '2008-07-17')
insert into treat values ('S7647622E', 'PH4000002', '2008-07-09', '2008-07-16')
insert into treat values ('S7636200J', 'PH4000001', '2008-03-12', '2008-03-19')
insert into treat values ('S7636200J', 'PH4000002', '2008-03-12', '2008-03-18')
insert into treat values ('S6650749S', 'PH4000001', '2007-02-11', '2007-02-16')
insert into treat values ('S6650749S', 'PH4000002', '2007-02-11', '2007-02-17')
insert into treat values ('S6648445M', 'PH4000001', '2009-08-10', '2009-08-15')
insert into treat values ('S6648445M', 'PH4000002', '2009-08-10', '2009-08-14')
insert into treat values ('S7672862D', 'PH4000001', '2009-05-02', '2009-05-06')
insert into treat values ('S7672862D', 'PH4000002', '2009-05-02', '2009-05-09')
insert into treat values ('S6665107Z', 'PH4000001', '2008-02-09', '2008-02-13')
insert into treat values ('S6665107Z', 'PH4000002', '2008-02-09', '2008-02-15')
insert into treat values ('S6652817Y', 'PH4000001', '2008-04-14', '2008-04-21')
insert into treat values ('S6652817Y', 'PH4000002', '2008-04-14', '2008-04-21')
insert into treat values ('S7639431U', 'PH4000001', '2006-10-07', '2006-10-13')
insert into treat values ('S7639431U', 'PH4000002', '2006-10-07', '2006-10-13')
insert into treat values ('S7631906K', 'PH4000001', '2008-09-18', '2008-09-25')
insert into treat values ('S7631906K', 'PH4000002', '2008-09-18', '2008-09-22')
insert into treat values ('S7656376J', 'PH4000001', '2007-07-02', '2007-07-06')
insert into treat values ('S7656376J', 'PH4000002', '2007-07-02', '2007-07-07')
insert into treat values ('S7619280N', 'PH4000001', '2007-02-08', '2007-02-13')
insert into treat values ('S7619280N', 'PH4000002', '2007-02-08', '2007-02-16')
insert into treat values ('S8660744W', 'PH4000001', '2008-01-07', '2008-01-12')
insert into treat values ('S8660744W', 'PH4000002', '2008-01-07', '2008-01-14')
insert into treat values ('S7639502T', 'PH4000001', '2008-11-17', '2008-11-24')
insert into treat values ('S7639502T', 'PH4000002', '2008-11-17', '2008-11-23')

CREATE TABLE visit(patient_id text, visit_date text, location text, reason text)
insert into visit values ('S8284186E', '2008-10-07', 'National University Hospital', 'heart problem')
insert into visit values ('S8285084H', '2007-09-06', 'National University Hospital', 'cough')
insert into visit values ('S7177880B', '2009-04-20', 'National University Hospital', 'fever')
insert into visit values ('S7138722B', '2009-05-14', 'National University Hospital', 'sore throat')
insert into visit values ('S6148824M', '2008-08-04', 'National University Hospital', 'backache')
insert into visit values ('S7118261I', '2007-06-13', 'National University Hospital', 'cough')
insert into visit values ('S8187643T', '2009-03-07', 'National University Hospital', 'cough')
insert into visit values ('S7137927N', '2007-05-02', 'National University Hospital', 'backache')
insert into visit values ('S7171753Z', '2007-12-06', 'National University Hospital', 'stomach problem')
insert into visit values ('S6122982N', '2009-04-02', 'National University Hospital', 'sore throat')
insert into visit values ('S7145609I', '2007-05-16', 'National University Hospital', 'stomach problem')
insert into visit values ('S8167571C', '2009-02-09', 'National University Hospital', 'sore throat')
insert into visit values ('S7187692Z', '2008-12-12', 'National University Hospital', 'fever')
insert into visit values ('S6112171U', '2009-05-08', 'National University Hospital', 'headache')
insert into visit values ('S8198765N', '2008-03-16', 'National University Hospital', 'headache')
insert into visit values ('S7194736O', '2008-01-17', 'National University Hospital', 'heart problem')
insert into visit values ('S6137306F', '2008-05-09', 'National University Hospital', 'backache')
insert into visit values ('S8188226G', '2006-09-06', 'National University Hospital', 'sore throat')
insert into visit values ('S6138744F', '2006-05-18', 'National University Hospital', 'cough')
insert into visit values ('S7171157X', '2007-02-15', 'National University Hospital', 'sore throat')
insert into visit values ('S7163297W', '2008-03-12', 'National University Hospital', 'respiratory problem')
insert into visit values ('S7195982X', '2007-08-12', 'National University Hospital', 'sore throat')
insert into visit values ('S7189551N', '2007-08-06', 'National University Hospital', 'sore throat')
insert into visit values ('S7180267D', '2008-08-03', 'National University Hospital', 'headache')
insert into visit values ('S8179734S', '2007-03-15', 'National University Hospital', 'cough')
insert into visit values ('S6137904U', '2008-09-13', 'National University Hospital', 'backache')
insert into visit values ('S6191759M', '2008-02-02', 'National University Hospital', 'backache')
insert into visit values ('S7118889U', '2009-08-08', 'National University Hospital', 'stomach problem')
insert into visit values ('S8216194K', '2007-11-11', 'National University Hospital', 'sore throat')
insert into visit values ('S7239833C', '2007-04-08', 'National University Hospital', 'cough')
insert into visit values ('S7266114H', '2009-02-11', 'National University Hospital', 'heart problem')
insert into visit values ('S8250763O', '2008-02-08', 'National University Hospital', 'cough')
insert into visit values ('S7272623O', '2009-04-05', 'National University Hospital', 'fever')
insert into visit values ('S7295511D', '2008-06-14', 'National University Hospital', 'heart problem')
insert into visit values ('S6264862V', '2008-03-02', 'National University Hospital', 'backache')
insert into visit values ('S8214535T', '2008-11-02', 'National University Hospital', 'backache')
insert into visit values ('S8221415T', '2007-10-12', 'National University Hospital', 'sore throat')
insert into visit values ('S7222963R', '2008-04-19', 'National University Hospital', 'fever')
insert into visit values ('S7247817Y', '2008-04-15', 'National University Hospital', 'heart problem')
insert into visit values ('S7221604D', '2007-10-06', 'National University Hospital', 'respiratory problem')
insert into visit values ('S7282601I', '2008-11-06', 'National University Hospital', 'headache')
insert into visit values ('S8298153V', '2007-02-01', 'National University Hospital', 'stomach problem')
insert into visit values ('S8288407C', '2008-04-18', 'National University Hospital', 'fever')
insert into visit values ('S8274666V', '2008-08-19', 'National University Hospital', 'sore throat')
insert into visit values ('S6271838N', '2007-07-06', 'National University Hospital', 'sore throat')
insert into visit values ('S8281351K', '2006-11-13', 'National University Hospital', 'respiratory problem')
insert into visit values ('S6217328D', '2008-03-13', 'National University Hospital', 'heart problem')
insert into visit values ('S8288231F', '2006-08-12', 'National University Hospital', 'headache')
insert into visit values ('S8249545W', '2008-01-04', 'National University Hospital', 'fever')
insert into visit values ('S7282780C', '2006-02-06', 'National University Hospital', 'sore throat')
insert into visit values ('S7240835V', '2006-04-08', 'National University Hospital', 'backache')
insert into visit values ('S8247415J', '2007-02-04', 'National University Hospital', 'backache')
insert into visit values ('S7294207C', '2009-06-05', 'National University Hospital', 'sore throat')
insert into visit values ('S7295777K', '2008-01-17', 'National University Hospital', 'sore throat')
insert into visit values ('S7285360P', '2006-06-10', 'National University Hospital', 'heart problem')
insert into visit values ('S7274457Z', '2006-03-14', 'National University Hospital', 'heart problem')
insert into visit values ('S7258437L', '2008-11-09', 'National University Hospital', 'stomach problem')
insert into visit values ('S7230255A', '2007-12-13', 'National University Hospital', 'stomach problem')
insert into visit values ('S7238936P', '2008-05-18', 'National University Hospital', 'backache')
insert into visit values ('S6243849V', '2008-12-19', 'National University Hospital', 'headache')
insert into visit values ('S8348105F', '2007-05-02', 'National University Hospital', 'stomach problem')
insert into visit values ('S7317401Y', '2007-11-07', 'National University Hospital', 'cough')
insert into visit values ('S8349644P', '2008-06-12', 'National University Hospital', 'heart problem')
insert into visit values ('S6375477Q', '2008-07-13', 'National University Hospital', 'sore throat')
insert into visit values ('S8336253M', '2008-11-14', 'National University Hospital', 'stomach problem')
insert into visit values ('S7361771G', '2007-02-10', 'National University Hospital', 'backache')
insert into visit values ('S8379412E', '2008-08-18', 'National University Hospital', 'sore throat')
insert into visit values ('S7324994L', '2007-11-06', 'National University Hospital', 'sore throat')
insert into visit values ('S7379896S', '2007-06-14', 'National University Hospital', 'fever')
insert into visit values ('S6357862F', '2007-11-03', 'National University Hospital', 'fever')
insert into visit values ('S8368619G', '2008-11-12', 'National University Hospital', 'headache')
insert into visit values ('S6312939K', '2009-02-15', 'National University Hospital', 'backache')
insert into visit values ('S7332153N', '2009-01-02', 'National University Hospital', 'sore throat')
insert into visit values ('S6320248T', '2007-03-10', 'National University Hospital', 'respiratory problem')
insert into visit values ('S7371894D', '2007-01-12', 'National University Hospital', 'backache')
insert into visit values ('S8342326Q', '2008-06-18', 'National University Hospital', 'stomach problem')
insert into visit values ('S8310633S', '2008-04-03', 'National University Hospital', 'heart problem')
insert into visit values ('S8367171C', '2009-07-10', 'National University Hospital', 'backache')
insert into visit values ('S7373602T', '2007-04-09', 'National University Hospital', 'headache')
insert into visit values ('S8443268C', '2008-08-20', 'National University Hospital', 'headache')
insert into visit values ('S6456314P', '2008-11-15', 'National University Hospital', 'cough')
insert into visit values ('S7425592E', '2009-04-04', 'National University Hospital', 'cough')
insert into visit values ('S8425758I', '2008-03-12', 'National University Hospital', 'sore throat')
insert into visit values ('S6421532V', '2006-05-14', 'National University Hospital', 'backache')
insert into visit values ('S8458523H', '2009-08-06', 'National University Hospital', 'respiratory problem')
insert into visit values ('S7411581K', '2008-08-14', 'National University Hospital', 'sore throat')
insert into visit values ('S7489185S', '2008-10-07', 'National University Hospital', 'cough')
insert into visit values ('S6450563P', '2007-01-14', 'National University Hospital', 'cough')
insert into visit values ('S7411390P', '2007-03-20', 'National University Hospital', 'stomach problem')
insert into visit values ('S7438497C', '2006-06-03', 'National University Hospital', 'backache')
insert into visit values ('S8497138P', '2006-10-05', 'National University Hospital', 'stomach problem')
insert into visit values ('S7418166O', '2008-05-13', 'National University Hospital', 'sore throat')
insert into visit values ('S6437581Y', '2009-07-10', 'National University Hospital', 'cough')
insert into visit values ('S7419644Q', '2009-02-18', 'National University Hospital', 'respiratory problem')
insert into visit values ('S8435240O', '2008-02-16', 'National University Hospital', 'backache')
insert into visit values ('S7570667B', '2006-02-03', 'National University Hospital', 'backache')
insert into visit values ('S7551588F', '2006-05-18', 'National University Hospital', 'heart problem')
insert into visit values ('S7572327H', '2008-07-18', 'National University Hospital', 'backache')
insert into visit values ('S8574938M', '2006-08-15', 'National University Hospital', 'stomach problem')
insert into visit values ('S7551347S', '2006-04-18', 'National University Hospital', 'heart problem')
insert into visit values ('S6516357V', '2007-06-15', 'National University Hospital', 'cough')
insert into visit values ('S7553175G', '2007-03-05', 'National University Hospital', 'fever')
insert into visit values ('S7560551R', '2008-05-08', 'National University Hospital', 'stomach problem')
insert into visit values ('S8574638X', '2007-12-13', 'National University Hospital', 'stomach problem')
insert into visit values ('S8554846K', '2007-07-10', 'National University Hospital', 'headache')
insert into visit values ('S7567359S', '2008-06-10', 'National University Hospital', 'respiratory problem')
insert into visit values ('S7556818T', '2008-11-18', 'National University Hospital', 'respiratory problem')
insert into visit values ('S6567620J', '2008-05-13', 'National University Hospital', 'backache')
insert into visit values ('S7583889O', '2009-07-03', 'National University Hospital', 'sore throat')
insert into visit values ('S7519334A', '2008-10-09', 'National University Hospital', 'fever')
insert into visit values ('S6572776N', '2008-05-15', 'National University Hospital', 'stomach problem')
insert into visit values ('S7546913Q', '2008-09-13', 'National University Hospital', 'headache')
insert into visit values ('S7532173Q', '2008-10-15', 'National University Hospital', 'stomach problem')
insert into visit values ('S6550989M', '2007-09-18', 'National University Hospital', 'headache')
insert into visit values ('S7571837V', '2009-05-04', 'National University Hospital', 'sore throat')
insert into visit values ('S7512999Y', '2008-08-12', 'National University Hospital', 'backache')
insert into visit values ('S8538193I', '2008-03-04', 'National University Hospital', 'heart problem')
insert into visit values ('S8612707S', '2007-10-12', 'National University Hospital', 'cough')
insert into visit values ('S8684993G', '2009-04-02', 'National University Hospital', 'heart problem')
insert into visit values ('S7680197M', '2006-09-09', 'National University Hospital', 'heart problem')
insert into visit values ('S7687312H', '2007-10-02', 'National University Hospital', 'backache')
insert into visit values ('S6660623I', '2007-01-08', 'National University Hospital', 'sore throat')
insert into visit values ('S8629269G', '2009-03-14', 'National University Hospital', 'heart problem')
insert into visit values ('S7612103K', '2008-03-02', 'National University Hospital', 'heart problem')
insert into visit values ('S7691378I', '2008-05-13', 'National University Hospital', 'sore throat')
insert into visit values ('S7636847K', '2009-05-02', 'National University Hospital', 'backache')
insert into visit values ('S7666944X', '2006-01-12', 'National University Hospital', 'cough')
insert into visit values ('S7618137P', '2007-07-03', 'National University Hospital', 'backache')
insert into visit values ('S8676589W', '2008-02-14', 'National University Hospital', 'backache')
insert into visit values ('S8687187I', '2007-02-02', 'National University Hospital', 'fever')
insert into visit values ('S7647622E', '2008-07-09', 'National University Hospital', 'heart problem')
insert into visit values ('S7636200J', '2008-03-12', 'National University Hospital', 'sore throat')
insert into visit values ('S6650749S', '2007-02-11', 'National University Hospital', 'headache')
insert into visit values ('S6648445M', '2009-08-10', 'National University Hospital', 'heart problem')
insert into visit values ('S7672862D', '2009-05-02', 'National University Hospital', 'sore throat')
insert into visit values ('S6665107Z', '2008-02-09', 'National University Hospital', 'heart problem')
insert into visit values ('S6652817Y', '2008-04-14', 'National University Hospital', 'headache')
insert into visit values ('S7639431U', '2006-10-07', 'National University Hospital', 'fever')
insert into visit values ('S7631906K', '2008-09-18', 'National University Hospital', 'sore throat')
insert into visit values ('S7656376J', '2007-07-02', 'National University Hospital', 'stomach problem')
insert into visit values ('S7619280N', '2007-02-08', 'National University Hospital', 'cough')
insert into visit values ('S8660744W', '2008-01-07', 'National University Hospital', 'sore throat')
insert into visit values ('S7639502T', '2008-11-17', 'National University Hospital', 'respiratory problem')

CREATE TABLE medical_test(patient_id varchar(30), test_name text, value text, test_date text)
insert into medical_test values ('S8284186E', 'arterial blood gas', ' 7.37 pH', '2008-10-07')
insert into medical_test values ('S8285084H', 'total iron binding capacity', '290 mcg/dl', '2007-09-06')
insert into medical_test values ('S7177880B', 'red cell distribution width', '13.6%', '2009-04-20')
insert into medical_test values ('S7138722B', 'arterial blood gas', ' 7.48 pH', '2009-05-14')
insert into medical_test values ('S6148824M', 'total iron binding capacity', '320 mcg/dl', '2008-08-04')
insert into medical_test values ('S7118261I', 'total iron binding capacity', '290 mcg/dl', '2007-06-13')
insert into medical_test values ('S8187643T', 'heart rate', '56', '2009-03-07')
insert into medical_test values ('S7137927N', 'heart rate', '69', '2007-05-02')
insert into medical_test values ('S7171753Z', 'total iron binding capacity', '290 mcg/dl', '2007-12-06')
insert into medical_test values ('S6122982N', 'mean corpuscular volume', '82 fl', '2009-04-02')
insert into medical_test values ('S7145609I', 'mean corpuscular volume', '89 fl', '2007-05-16')
insert into medical_test values ('S8167571C', 'red cell distribution width', '11.5%', '2009-02-09')
insert into medical_test values ('S7187692Z', 'heart rate', '51', '2008-12-12')
insert into medical_test values ('S6112171U', 'mean corpuscular hemoglobin', '31 pg', '2009-05-08')
insert into medical_test values ('S8198765N', 'heart rate', '71', '2008-03-16')
insert into medical_test values ('S7194736O', 'mean corpuscular volume', '85 fl', '2008-01-17')
insert into medical_test values ('S6137306F', 'mean corpuscular hemoglobin', '31 pg', '2008-05-09')
insert into medical_test values ('S8188226G', 'arterial blood gas', ' 7.37 pH', '2006-09-06')
insert into medical_test values ('S6138744F', 'mean corpuscular volume', '85 fl', '2006-05-18')
insert into medical_test values ('S7171157X', 'MCHC', '35 g/dl', '2007-02-15')
insert into medical_test values ('S7163297W', 'total iron binding capacity', '240 mcg/dl', '2008-03-12')
insert into medical_test values ('S7195982X', 'total iron binding capacity', '290 mcg/dl', '2007-08-12')
insert into medical_test values ('S7189551N', 'arterial blood gas', '7.25 pH', '2007-08-06')
insert into medical_test values ('S7180267D', 'arterial blood gas', '7.25 pH', '2008-08-03')
insert into medical_test values ('S8179734S', 'arterial blood gas', ' 7.41 pH', '2007-03-15')
insert into medical_test values ('S6137904U', 'arterial blood gas', ' 7.37 pH', '2008-09-13')
insert into medical_test values ('S6191759M', 'red cell distribution width', '13.6%', '2008-02-02')
insert into medical_test values ('S7118889U', 'arterial blood gas', ' 7.37 pH', '2009-08-08')
insert into medical_test values ('S8216194K', 'total iron binding capacity', '240 mcg/dl', '2007-11-11')
insert into medical_test values ('S7239833C', 'red cell distribution width', '13.6%', '2007-04-08')
insert into medical_test values ('S7266114H', 'mean corpuscular hemoglobin', '31 pg', '2009-02-11')
insert into medical_test values ('S8250763O', 'heart rate', '69', '2008-02-08')
insert into medical_test values ('S7272623O', 'red cell distribution width', '13.6%', '2009-04-05')
insert into medical_test values ('S7295511D', 'total iron binding capacity', '290 mcg/dl', '2008-06-14')
insert into medical_test values ('S6264862V', 'arterial blood gas', '7.25 pH', '2008-03-02')
insert into medical_test values ('S8214535T', 'mean corpuscular volume', '85 fl', '2008-11-02')
insert into medical_test values ('S8221415T', 'total iron binding capacity', '290 mcg/dl', '2007-10-12')
insert into medical_test values ('S7222963R', 'heart rate', '56', '2008-04-19')
insert into medical_test values ('S7247817Y', 'MCHC', '33 g/dl', '2008-04-15')
insert into medical_test values ('S7221604D', 'red cell distribution width', '11.9%', '2007-10-06')
insert into medical_test values ('S7282601I', 'red cell distribution width', '11.5%', '2008-11-06')
insert into medical_test values ('S8298153V', 'total iron binding capacity', '240 mcg/dl', '2007-02-01')
insert into medical_test values ('S8288407C', 'heart rate', '51', '2008-04-18')
insert into medical_test values ('S8274666V', 'heart rate', '56', '2008-08-19')
insert into medical_test values ('S6271838N', 'heart rate', '63', '2007-07-06')
insert into medical_test values ('S8281351K', 'mean corpuscular hemoglobin', '29 pg', '2006-11-13')
insert into medical_test values ('S6217328D', 'red cell distribution width', '13.6%', '2008-03-13')
insert into medical_test values ('S8288231F', 'heart rate', '51', '2006-08-12')
insert into medical_test values ('S8249545W', 'mean corpuscular volume', '99 fl', '2008-01-04')
insert into medical_test values ('S7282780C', 'mean corpuscular hemoglobin', '26 pg', '2006-02-06')
insert into medical_test values ('S7240835V', 'MCHC', '35 g/dl', '2006-04-08')
insert into medical_test values ('S8247415J', 'heart rate', '69', '2007-02-04')
insert into medical_test values ('S7294207C', 'heart rate', '56', '2009-06-05')
insert into medical_test values ('S7295777K', 'MCHC', '33 g/dl', '2008-01-17')
insert into medical_test values ('S7285360P', 'mean corpuscular hemoglobin', '29 pg', '2006-06-10')
insert into medical_test values ('S7274457Z', 'arterial blood gas', ' 7.41 pH', '2006-03-14')
insert into medical_test values ('S7258437L', 'mean corpuscular volume', '99 fl', '2008-11-09')
insert into medical_test values ('S7230255A', 'MCHC', '31 g/dl', '2007-12-13')
insert into medical_test values ('S7238936P', 'heart rate', '69', '2008-05-18')
insert into medical_test values ('S6243849V', 'MCHC', '35 g/dl', '2008-12-19')
insert into medical_test values ('S8348105F', 'arterial blood gas', '7.25 pH', '2007-05-02')
insert into medical_test values ('S7317401Y', 'total iron binding capacity', '410 mcg/dl', '2007-11-07')
insert into medical_test values ('S8349644P', 'heart rate', '51', '2008-06-12')
insert into medical_test values ('S6375477Q', 'arterial blood gas', '7.25 pH', '2008-07-13')
insert into medical_test values ('S8336253M', 'mean corpuscular volume', '89 fl', '2008-11-14')
insert into medical_test values ('S7361771G', 'red cell distribution width', '11.5%', '2007-02-10')
insert into medical_test values ('S8379412E', 'mean corpuscular volume', '89 fl', '2008-08-18')
insert into medical_test values ('S7324994L', 'heart rate', '63', '2007-11-06')
insert into medical_test values ('S7379896S', 'mean corpuscular hemoglobin', '31 pg', '2007-06-14')
insert into medical_test values ('S6357862F', 'heart rate', '56', '2007-11-03')
insert into medical_test values ('S8368619G', 'mean corpuscular hemoglobin', '29 pg', '2008-11-12')
insert into medical_test values ('S6312939K', 'mean corpuscular hemoglobin', '26 pg', '2009-02-15')
insert into medical_test values ('S7332153N', 'mean corpuscular volume', '82 fl', '2009-01-02')
insert into medical_test values ('S6320248T', 'heart rate', '69', '2007-03-10')
insert into medical_test values ('S7371894D', 'arterial blood gas', ' 7.37 pH', '2007-01-12')
insert into medical_test values ('S8342326Q', 'arterial blood gas', ' 7.37 pH', '2008-06-18')
insert into medical_test values ('S8310633S', 'MCHC', '33 g/dl', '2008-04-03')
insert into medical_test values ('S8367171C', 'total iron binding capacity', '320 mcg/dl', '2009-07-10')
insert into medical_test values ('S7373602T', 'red cell distribution width', '14.5%', '2007-04-09')
insert into medical_test values ('S8443268C', 'total iron binding capacity', '450 mcg/dl', '2008-08-20')
insert into medical_test values ('S6456314P', 'mean corpuscular hemoglobin', '31 pg', '2008-11-15')
insert into medical_test values ('S7425592E', 'mean corpuscular volume', '89 fl', '2009-04-04')
insert into medical_test values ('S8425758I', 'total iron binding capacity', '290 mcg/dl', '2008-03-12')
insert into medical_test values ('S6421532V', 'arterial blood gas', ' 7.48 pH', '2006-05-14')
insert into medical_test values ('S8458523H', 'mean corpuscular volume', '89 fl', '2009-08-06')
insert into medical_test values ('S7411581K', 'mean corpuscular volume', '85 fl', '2008-08-14')
insert into medical_test values ('S7489185S', 'red cell distribution width', '11.5%', '2008-10-07')
insert into medical_test values ('S6450563P', 'arterial blood gas', ' 7.48 pH', '2007-01-14')
insert into medical_test values ('S7411390P', 'mean corpuscular volume', '89 fl', '2007-03-20')
insert into medical_test values ('S7438497C', 'red cell distribution width', '14.5%', '2006-06-03')
insert into medical_test values ('S8497138P', 'arterial blood gas', '7.25 pH', '2006-10-05')
insert into medical_test values ('S7418166O', 'total iron binding capacity', '400 mcg/dl', '2008-05-13')
insert into medical_test values ('S6437581Y', 'heart rate', '63', '2009-07-10')
insert into medical_test values ('S7419644Q', 'heart rate', '56', '2009-02-18')
insert into medical_test values ('S8435240O', 'mean corpuscular hemoglobin', '31 pg', '2008-02-16')
insert into medical_test values ('S7570667B', 'heart rate', '63', '2006-02-03')
insert into medical_test values ('S7551588F', 'MCHC', '35 g/dl', '2006-05-18')
insert into medical_test values ('S7572327H', 'total iron binding capacity', '400 mcg/dl', '2008-07-18')
insert into medical_test values ('S8574938M', 'arterial blood gas', ' 7.37 pH', '2006-08-15')
insert into medical_test values ('S7551347S', 'mean corpuscular hemoglobin', '29 pg', '2006-04-18')
insert into medical_test values ('S6516357V', 'red cell distribution width', '11.9%', '2007-06-15')
insert into medical_test values ('S7553175G', 'mean corpuscular volume', '85 fl', '2007-03-05')
insert into medical_test values ('S7560551R', 'mean corpuscular hemoglobin', '31 pg', '2008-05-08')
insert into medical_test values ('S8574638X', 'red cell distribution width', '11.9%', '2007-12-13')
insert into medical_test values ('S8554846K', 'heart rate', '51', '2007-07-10')
insert into medical_test values ('S7567359S', 'arterial blood gas', ' 7.41 pH', '2008-06-10')
insert into medical_test values ('S7556818T', 'mean corpuscular volume', '89 fl', '2008-11-18')
insert into medical_test values ('S6567620J', 'red cell distribution width', '11.9%', '2008-05-13')
insert into medical_test values ('S7583889O', 'arterial blood gas', ' 7.37 pH', '2009-07-03')
insert into medical_test values ('S7519334A', 'red cell distribution width', '13.6%', '2008-10-09')
insert into medical_test values ('S6572776N', 'heart rate', '56', '2008-05-15')
insert into medical_test values ('S7546913Q', 'mean corpuscular hemoglobin', '31 pg', '2008-09-13')
insert into medical_test values ('S7532173Q', 'mean corpuscular volume', '82 fl', '2008-10-15')
insert into medical_test values ('S6550989M', 'arterial blood gas', ' 7.37 pH', '2007-09-18')
insert into medical_test values ('S7571837V', 'total iron binding capacity', '240 mcg/dl', '2009-05-04')
insert into medical_test values ('S7512999Y', 'mean corpuscular hemoglobin', '31 pg', '2008-08-12')
insert into medical_test values ('S8538193I', 'mean corpuscular hemoglobin', '31 pg', '2008-03-04')
insert into medical_test values ('S8612707S', 'mean corpuscular hemoglobin', '26 pg', '2007-10-12')
insert into medical_test values ('S8684993G', 'total iron binding capacity', '290 mcg/dl', '2009-04-02')
insert into medical_test values ('S7680197M', 'total iron binding capacity', '290 mcg/dl', '2006-09-09')
insert into medical_test values ('S7687312H', 'MCHC', '35 g/dl', '2007-10-02')
insert into medical_test values ('S6660623I', 'heart rate', '56', '2007-01-08')
insert into medical_test values ('S8629269G', 'arterial blood gas', ' 7.37 pH', '2009-03-14')
insert into medical_test values ('S7612103K', 'MCHC', '35 g/dl', '2008-03-02')
insert into medical_test values ('S7691378I', 'heart rate', '63', '2008-05-13')
insert into medical_test values ('S7636847K', 'mean corpuscular volume', '85 fl', '2009-05-02')
insert into medical_test values ('S7666944X', 'mean corpuscular hemoglobin', '29 pg', '2006-01-12')
insert into medical_test values ('S7618137P', 'mean corpuscular hemoglobin', '31 pg', '2007-07-03')
insert into medical_test values ('S8676589W', 'mean corpuscular volume', '89 fl', '2008-02-14')
insert into medical_test values ('S8687187I', 'arterial blood gas', ' 7.41 pH', '2007-02-02')
insert into medical_test values ('S7647622E', 'MCHC', '35 g/dl', '2008-07-09')
insert into medical_test values ('S7636200J', 'arterial blood gas', ' 7.37 pH', '2008-03-12')
insert into medical_test values ('S6650749S', 'total iron binding capacity', '290 mcg/dl', '2007-02-11')
insert into medical_test values ('S6648445M', 'arterial blood gas', ' 7.37 pH', '2009-08-10')
insert into medical_test values ('S7672862D', 'arterial blood gas', ' 7.41 pH', '2009-05-02')
insert into medical_test values ('S6665107Z', 'mean corpuscular hemoglobin', '31 pg', '2008-02-09')
insert into medical_test values ('S6652817Y', 'MCHC', '33 g/dl', '2008-04-14')
insert into medical_test values ('S7639431U', 'MCHC', '33 g/dl', '2006-10-07')
insert into medical_test values ('S7631906K', 'heart rate', '56', '2008-09-18')
insert into medical_test values ('S7656376J', 'MCHC', '33 g/dl', '2007-07-02')
insert into medical_test values ('S7619280N', 'arterial blood gas', ' 7.37 pH', '2007-02-08')
insert into medical_test values ('S8660744W', 'arterial blood gas', ' 7.37 pH', '2008-01-07')
insert into medical_test values ('S7639502T', 'heart rate', '63', '2008-11-17')
insert into medical_test values ('S6679517T', 'H1N1', 'positive', '2009-07-12')
insert into medical_test values ('S7383354B', 'H1N1', 'positive', '2009-07-07')
insert into medical_test values ('S7432257T', 'H1N1', 'positive', '2009-07-18')
insert into medical_test values ('S8439265T', 'H1N1', 'positive', '2009-07-10')
insert into medical_test values ('S8285084H', 'H1N1', 'positive', '2009-07-12')
insert into medical_test values ('S8342326Q', 'H1N1', 'positive', '2009-07-03')
insert into medical_test values ('S7493455H', 'H1N1', 'positive', '2009-07-24')
insert into medical_test values ('S7677824W', 'H1N1', 'positive', '2009-07-18')
insert into medical_test values ('S6299842U', 'H1N1', 'positive', '2009-07-19')

CREATE TABLE allergy(patient_id varchar(30), allergy_name text)
insert into allergy values ('S8284186E', 'Alumnium')
insert into allergy values ('S8285084H', 'Androgens')
insert into allergy values ('S7177880B', 'Alumnium')
insert into allergy values ('S7138722B', 'Androgens')
insert into allergy values ('S6148824M', 'Alumnium')
insert into allergy values ('S7118261I', 'Albumin')
insert into allergy values ('S8187643T', 'Albumin')
insert into allergy values ('S7137927N', 'Celecoxib')
insert into allergy values ('S7145609I', 'Albumin')
insert into allergy values ('S7187692Z', 'Vancomcyn')
insert into allergy values ('S8198765N', 'Celecoxib')
insert into allergy values ('S6137306F', 'Androgens')
insert into allergy values ('S6138744F', 'Androgens')
insert into allergy values ('S7171157X', 'Albumin')
insert into allergy values ('S7163297W', 'Celecoxib')
insert into allergy values ('S7180267D', 'Celecoxib')
insert into allergy values ('S8179734S', 'Alumnium')
insert into allergy values ('S6137904U', 'Celecoxib')
insert into allergy values ('S7118889U', 'Benzyl Alcohol')
insert into allergy values ('S7239833C', 'Benzyl Alcohol')
insert into allergy values ('S8250763O', 'Alumnium')
insert into allergy values ('S7272623O', 'Benzyl Alcohol')
insert into allergy values ('S7295511D', 'Benzyl Alcohol')
insert into allergy values ('S6264862V', 'Benzyl Alcohol')
insert into allergy values ('S8221415T', 'Benzyl Alcohol')
insert into allergy values ('S7222963R', 'Celecoxib')
insert into allergy values ('S7247817Y', 'Vancomcyn')
insert into allergy values ('S7221604D', 'Albumin')
insert into allergy values ('S8298153V', 'Vancomcyn')
insert into allergy values ('S8288407C', 'Benzyl Alcohol')
insert into allergy values ('S8274666V', 'Androgens')
insert into allergy values ('S6271838N', 'Celecoxib')
insert into allergy values ('S8281351K', 'Albumin')
insert into allergy values ('S6217328D', 'Alumnium')
insert into allergy values ('S8288231F', 'Vancomcyn')
insert into allergy values ('S8249545W', 'Androgens')
insert into allergy values ('S7240835V', 'Androgens')
insert into allergy values ('S8247415J', 'Androgens')
insert into allergy values ('S7295777K', 'Androgens')
insert into allergy values ('S7285360P', 'Celecoxib')
insert into allergy values ('S7274457Z', 'Albumin')
insert into allergy values ('S7258437L', 'Alumnium')
insert into allergy values ('S7238936P', 'Celecoxib')
insert into allergy values ('S6243849V', 'Vancomcyn')
insert into allergy values ('S8348105F', 'Celecoxib')
insert into allergy values ('S8349644P', 'Androgens')
insert into allergy values ('S6375477Q', 'Androgens')
insert into allergy values ('S8336253M', 'Alumnium')
insert into allergy values ('S8379412E', 'Androgens')
insert into allergy values ('S7379896S', 'Benzyl Alcohol')
insert into allergy values ('S6357862F', 'Albumin')
insert into allergy values ('S7332153N', 'Albumin')
insert into allergy values ('S7371894D', 'Albumin')
insert into allergy values ('S8342326Q', 'Albumin')
insert into allergy values ('S8310633S', 'Alumnium')
insert into allergy values ('S7373602T', 'Albumin')
insert into allergy values ('S8443268C', 'Androgens')
insert into allergy values ('S6456314P', 'Androgens')
insert into allergy values ('S7425592E', 'Alumnium')
insert into allergy values ('S7411581K', 'Benzyl Alcohol')
insert into allergy values ('S6450563P', 'Celecoxib')
insert into allergy values ('S7411390P', 'Albumin')
insert into allergy values ('S7438497C', 'Albumin')
insert into allergy values ('S8497138P', 'Benzyl Alcohol')
insert into allergy values ('S7418166O', 'Celecoxib')
insert into allergy values ('S6437581Y', 'Benzyl Alcohol')
insert into allergy values ('S7419644Q', 'Vancomcyn')
insert into allergy values ('S7570667B', 'Vancomcyn')
insert into allergy values ('S7551588F', 'Vancomcyn')
insert into allergy values ('S7572327H', 'Celecoxib')
insert into allergy values ('S7551347S', 'Alumnium')
insert into allergy values ('S6516357V', 'Albumin')
insert into allergy values ('S7560551R', 'Albumin')
insert into allergy values ('S8574638X', 'Albumin')
insert into allergy values ('S8554846K', 'Androgens')
insert into allergy values ('S7567359S', 'Albumin')
insert into allergy values ('S7556818T', 'Benzyl Alcohol')
insert into allergy values ('S7583889O', 'Albumin')
insert into allergy values ('S7519334A', 'Alumnium')
insert into allergy values ('S6572776N', 'Vancomcyn')
insert into allergy values ('S7546913Q', 'Albumin')
insert into allergy values ('S7512999Y', 'Alumnium')
insert into allergy values ('S8612707S', 'Alumnium')
insert into allergy values ('S8684993G', 'Albumin')
insert into allergy values ('S7680197M', 'Androgens')
insert into allergy values ('S7687312H', 'Benzyl Alcohol')
insert into allergy values ('S8629269G', 'Celecoxib')
insert into allergy values ('S7612103K', 'Alumnium')
insert into allergy values ('S7691378I', 'Benzyl Alcohol')
insert into allergy values ('S7636847K', 'Alumnium')
insert into allergy values ('S7666944X', 'Albumin')
insert into allergy values ('S7618137P', 'Alumnium')
insert into allergy values ('S8676589W', 'Celecoxib')
insert into allergy values ('S8687187I', 'Albumin')
insert into allergy values ('S7647622E', 'Androgens')
insert into allergy values ('S7636200J', 'Vancomcyn')
insert into allergy values ('S6648445M', 'Alumnium')
insert into allergy values ('S7672862D', 'Albumin')
insert into allergy values ('S6665107Z', 'Vancomcyn')
insert into allergy values ('S6652817Y', 'Benzyl Alcohol')
insert into allergy values ('S7619280N', 'Alumnium')
insert into allergy values ('S8660744W', 'Albumin')
insert into allergy values ('S7639502T', 'Benzyl Alcohol')

CREATE TABLE medication(patient_id varchar(30), medicine text, dosage text, start_date text, end_date text)
insert into medication values ('S8284186E', 'Ceftriaxone 1g', 'once a day, 1 injectable solution intravenously', '2008-10-07', '2008-10-14')
insert into medication values ('S8285084H', 'Simvastatin 40mg', 'once a day, at night', '2007-09-06', '2007-09-12')
insert into medication values ('S7177880B', 'Ibufprofen 400mg', 'three times a day', '2009-04-20', '2009-04-25')
insert into medication values ('S7138722B', 'Ceftin 500mg', 'three times a day, 1 tablet by mouth', '2009-05-14', '2009-05-19')
insert into medication values ('S6148824M', 'Azythromycine 500mg', 'once a day, 1 injectable solution intravenously', '2008-08-04', '2008-08-10')
insert into medication values ('S7118261I', 'Lipitor 20mg', 'once a day, at night', '2007-06-13', '2007-06-18')
insert into medication values ('S8187643T', 'Ibufprofen 400mg', 'three times a day', '2009-03-07', '2009-03-13')
insert into medication values ('S7137927N', 'Simvastatin 40mg', 'once a day, at night', '2007-05-02', '2007-05-07')
insert into medication values ('S7171753Z', 'Lactulose 10mg', 'two times a day, 5ml by mouth', '2007-12-06', '2007-12-13')
insert into medication values ('S6122982N', 'Ibufprofen 400mg', 'three times a day', '2009-04-02', '2009-04-06')
insert into medication values ('S7145609I', 'Amiodarone 20mg', 'once a day, 1 tablet by mouth', '2007-05-16', '2007-05-20')
insert into medication values ('S8167571C', 'Lactulose 10mg', 'two times a day, 5ml by mouth', '2009-02-09', '2009-02-15')
insert into medication values ('S7187692Z', 'Ibufprofen 400mg', 'three times a day', '2008-12-12', '2008-12-18')
insert into medication values ('S6112171U', 'Lactulose 10mg', 'two times a day, 5ml by mouth', '2009-05-08', '2009-05-13')
insert into medication values ('S8198765N', 'Ceftin 500mg', 'three times a day, 1 tablet by mouth', '2008-03-16', '2008-03-22')
insert into medication values ('S7194736O', 'Amiodarone 20mg', 'once a day, 1 tablet by mouth', '2008-01-17', '2008-01-22')
insert into medication values ('S6137306F', 'Amiodarone 20mg', 'once a day, 1 tablet by mouth', '2008-05-09', '2008-05-16')
insert into medication values ('S8188226G', 'Amiodarone 20mg', 'once a day, 1 tablet by mouth', '2006-09-06', '2006-09-14')
insert into medication values ('S6138744F', 'Simvastatin 40mg', 'once a day, at night', '2006-05-18', '2006-05-25')
insert into medication values ('S7171157X', 'Ibufprofen 400mg', 'three times a day', '2007-02-15', '2007-02-22')
insert into medication values ('S7163297W', 'Ibufprofen 400mg', 'three times a day', '2008-03-12', '2008-03-18')
insert into medication values ('S7195982X', 'Azythromycine 500mg', 'once a day, 1 injectable solution intravenously', '2007-08-12', '2007-08-18')
insert into medication values ('S7189551N', 'Azythromycine 500mg', 'once a day, 1 injectable solution intravenously', '2007-08-06', '2007-08-12')
insert into medication values ('S7180267D', 'Ibufprofen 400mg', 'three times a day', '2008-08-03', '2008-08-10')
insert into medication values ('S8179734S', 'Lactulose 10mg', 'two times a day, 5ml by mouth', '2007-03-15', '2007-03-21')
insert into medication values ('S6137904U', 'Simvastatin 40mg', 'once a day, at night', '2008-09-13', '2008-09-19')
insert into medication values ('S6191759M', 'Simvastatin 40mg', 'once a day, at night', '2008-02-02', '2008-02-08')
insert into medication values ('S7118889U', 'Ceftin 500mg', 'three times a day, 1 tablet by mouth', '2009-08-08', '2009-08-14')
insert into medication values ('S8216194K', 'Ceftin 500mg', 'three times a day, 1 tablet by mouth', '2007-11-11', '2007-11-16')
insert into medication values ('S7239833C', 'Azythromycine 500mg', 'once a day, 1 injectable solution intravenously', '2007-04-08', '2007-04-13')
insert into medication values ('S7266114H', 'Ceftin 500mg', 'three times a day, 1 tablet by mouth', '2009-02-11', '2009-02-17')
insert into medication values ('S8250763O', 'Ibufprofen 400mg', 'three times a day', '2008-02-08', '2008-02-14')
insert into medication values ('S7272623O', 'Lactulose 10mg', 'two times a day, 5ml by mouth', '2009-04-05', '2009-04-10')
insert into medication values ('S7295511D', 'Lipitor 20mg', 'once a day, at night', '2008-06-14', '2008-06-22')
insert into medication values ('S6264862V', 'Lipitor 20mg', 'once a day, at night', '2008-03-02', '2008-03-08')
insert into medication values ('S8214535T', 'Ibufprofen 400mg', 'three times a day', '2008-11-02', '2008-11-08')
insert into medication values ('S8221415T', 'Amiodarone 20mg', 'once a day, 1 tablet by mouth', '2007-10-12', '2007-10-16')
insert into medication values ('S7222963R', 'Azythromycine 500mg', 'once a day, 1 injectable solution intravenously', '2008-04-19', '2008-04-26')
insert into medication values ('S7247817Y', 'Azythromycine 500mg', 'once a day, 1 injectable solution intravenously', '2008-04-15', '2008-04-23')
insert into medication values ('S7221604D', 'Ceftriaxone 1g', 'once a day, 1 injectable solution intravenously', '2007-10-06', '2007-10-10')
insert into medication values ('S7282601I', 'Amiodarone 20mg', 'once a day, 1 tablet by mouth', '2008-11-06', '2008-11-14')
insert into medication values ('S8298153V', 'Amiodarone 20mg', 'once a day, 1 tablet by mouth', '2007-02-01', '2007-02-08')
insert into medication values ('S8288407C', 'Simvastatin 40mg', 'once a day, at night', '2008-04-18', '2008-04-25')
insert into medication values ('S8274666V', 'Lipitor 20mg', 'once a day, at night', '2008-08-19', '2008-08-25')
insert into medication values ('S6271838N', 'Simvastatin 40mg', 'once a day, at night', '2007-07-06', '2007-07-14')
insert into medication values ('S8281351K', 'Ceftin 500mg', 'three times a day, 1 tablet by mouth', '2006-11-13', '2006-11-17')
insert into medication values ('S6217328D', 'Ibufprofen 400mg', 'three times a day', '2008-03-13', '2008-03-18')
insert into medication values ('S8288231F', 'Amiodarone 20mg', 'once a day, 1 tablet by mouth', '2006-08-12', '2006-08-16')
insert into medication values ('S8249545W', 'Amiodarone 20mg', 'once a day, 1 tablet by mouth', '2008-01-04', '2008-01-10')
insert into medication values ('S7282780C', 'Ceftin 500mg', 'three times a day, 1 tablet by mouth', '2006-02-06', '2006-02-12')
insert into medication values ('S7240835V', 'Ibufprofen 400mg', 'three times a day', '2006-04-08', '2006-04-14')
insert into medication values ('S8247415J', 'Simvastatin 40mg', 'once a day, at night', '2007-02-04', '2007-02-09')
insert into medication values ('S7294207C', 'Simvastatin 40mg', 'once a day, at night', '2009-06-05', '2009-06-13')
insert into medication values ('S7295777K', 'Ceftin 500mg', 'three times a day, 1 tablet by mouth', '2008-01-17', '2008-01-23')
insert into medication values ('S7285360P', 'Ibufprofen 400mg', 'three times a day', '2006-06-10', '2006-06-15')
insert into medication values ('S7274457Z', 'Simvastatin 40mg', 'once a day, at night', '2006-03-14', '2006-03-22')
insert into medication values ('S7258437L', 'Ceftin 500mg', 'three times a day, 1 tablet by mouth', '2008-11-09', '2008-11-16')
insert into medication values ('S7230255A', 'Ceftin 500mg', 'three times a day, 1 tablet by mouth', '2007-12-13', '2007-12-20')
insert into medication values ('S7238936P', 'Simvastatin 40mg', 'once a day, at night', '2008-05-18', '2008-05-26')
insert into medication values ('S6243849V', 'Azythromycine 500mg', 'once a day, 1 injectable solution intravenously', '2008-12-19', '2008-12-24')
insert into medication values ('S8348105F', 'Azythromycine 500mg', 'once a day, 1 injectable solution intravenously', '2007-05-02', '2007-05-06')
insert into medication values ('S7317401Y', 'Lactulose 10mg', 'two times a day, 5ml by mouth', '2007-11-07', '2007-11-12')
insert into medication values ('S8349644P', 'Azythromycine 500mg', 'once a day, 1 injectable solution intravenously', '2008-06-12', '2008-06-20')
insert into medication values ('S6375477Q', 'Ceftin 500mg', 'three times a day, 1 tablet by mouth', '2008-07-13', '2008-07-20')
insert into medication values ('S8336253M', 'Lipitor 20mg', 'once a day, at night', '2008-11-14', '2008-11-19')
insert into medication values ('S7361771G', 'Lactulose 10mg', 'two times a day, 5ml by mouth', '2007-02-10', '2007-02-16')
insert into medication values ('S8379412E', 'Ibufprofen 400mg', 'three times a day', '2008-08-18', '2008-08-22')
insert into medication values ('S7324994L', 'Lipitor 20mg', 'once a day, at night', '2007-11-06', '2007-11-12')
insert into medication values ('S7379896S', 'Azythromycine 500mg', 'once a day, 1 injectable solution intravenously', '2007-06-14', '2007-06-22')
insert into medication values ('S6357862F', 'Lactulose 10mg', 'two times a day, 5ml by mouth', '2007-11-03', '2007-11-11')
insert into medication values ('S8368619G', 'Simvastatin 40mg', 'once a day, at night', '2008-11-12', '2008-11-16')
insert into medication values ('S6312939K', 'Ibufprofen 400mg', 'three times a day', '2009-02-15', '2009-02-19')
insert into medication values ('S7332153N', 'Simvastatin 40mg', 'once a day, at night', '2009-01-02', '2009-01-07')
insert into medication values ('S6320248T', 'Lactulose 10mg', 'two times a day, 5ml by mouth', '2007-03-10', '2007-03-15')
insert into medication values ('S7371894D', 'Ibufprofen 400mg', 'three times a day', '2007-01-12', '2007-01-18')
insert into medication values ('S8342326Q', 'Ibufprofen 400mg', 'three times a day', '2008-06-18', '2008-06-23')
insert into medication values ('S8310633S', 'Azythromycine 500mg', 'once a day, 1 injectable solution intravenously', '2008-04-03', '2008-04-10')
insert into medication values ('S8367171C', 'Lactulose 10mg', 'two times a day, 5ml by mouth', '2009-07-10', '2009-07-16')
insert into medication values ('S7373602T', 'Ceftriaxone 1g', 'once a day, 1 injectable solution intravenously', '2007-04-09', '2007-04-15')
insert into medication values ('S8443268C', 'Lactulose 10mg', 'two times a day, 5ml by mouth', '2008-08-20', '2008-08-27')
insert into medication values ('S6456314P', 'Simvastatin 40mg', 'once a day, at night', '2008-11-15', '2008-11-22')
insert into medication values ('S7425592E', 'Amiodarone 20mg', 'once a day, 1 tablet by mouth', '2009-04-04', '2009-04-09')
insert into medication values ('S8425758I', 'Simvastatin 40mg', 'once a day, at night', '2008-03-12', '2008-03-17')
insert into medication values ('S6421532V', 'Ibufprofen 400mg', 'three times a day', '2006-05-14', '2006-05-22')
insert into medication values ('S8458523H', 'Simvastatin 40mg', 'once a day, at night', '2009-08-06', '2009-08-12')
insert into medication values ('S7411581K', 'Azythromycine 500mg', 'once a day, 1 injectable solution intravenously', '2008-08-14', '2008-08-21')
insert into medication values ('S7489185S', 'Simvastatin 40mg', 'once a day, at night', '2008-10-07', '2008-10-13')
insert into medication values ('S6450563P', 'Lactulose 10mg', 'two times a day, 5ml by mouth', '2007-01-14', '2007-01-21')
insert into medication values ('S7411390P', 'Ceftin 500mg', 'three times a day, 1 tablet by mouth', '2007-03-20', '2007-03-26')
insert into medication values ('S7438497C', 'Azythromycine 500mg', 'once a day, 1 injectable solution intravenously', '2006-06-03', '2006-06-09')
insert into medication values ('S8497138P', 'Azythromycine 500mg', 'once a day, 1 injectable solution intravenously', '2006-10-05', '2006-10-10')
insert into medication values ('S7418166O', 'Amiodarone 20mg', 'once a day, 1 tablet by mouth', '2008-05-13', '2008-05-20')
insert into medication values ('S6437581Y', 'Simvastatin 40mg', 'once a day, at night', '2009-07-10', '2009-07-17')
insert into medication values ('S7419644Q', 'Lipitor 20mg', 'once a day, at night', '2009-02-18', '2009-02-24')
insert into medication values ('S8435240O', 'Amiodarone 20mg', 'once a day, 1 tablet by mouth', '2008-02-16', '2008-02-24')
insert into medication values ('S7570667B', 'Amiodarone 20mg', 'once a day, 1 tablet by mouth', '2006-02-03', '2006-02-11')
insert into medication values ('S7551588F', 'Azythromycine 500mg', 'once a day, 1 injectable solution intravenously', '2006-05-18', '2006-05-22')
insert into medication values ('S7572327H', 'Ceftin 500mg', 'three times a day, 1 tablet by mouth', '2008-07-18', '2008-07-23')
insert into medication values ('S8574938M', 'Amiodarone 20mg', 'once a day, 1 tablet by mouth', '2006-08-15', '2006-08-22')
insert into medication values ('S7551347S', 'Lipitor 20mg', 'once a day, at night', '2006-04-18', '2006-04-23')
insert into medication values ('S6516357V', 'Ibufprofen 400mg', 'three times a day', '2007-06-15', '2007-06-22')
insert into medication values ('S7553175G', 'Ibufprofen 400mg', 'three times a day', '2007-03-05', '2007-03-10')
insert into medication values ('S7560551R', 'Ceftin 500mg', 'three times a day, 1 tablet by mouth', '2008-05-08', '2008-05-14')
insert into medication values ('S8574638X', 'Azythromycine 500mg', 'once a day, 1 injectable solution intravenously', '2007-12-13', '2007-12-19')
insert into medication values ('S8554846K', 'Lipitor 20mg', 'once a day, at night', '2007-07-10', '2007-07-15')
insert into medication values ('S7567359S', 'Amiodarone 20mg', 'once a day, 1 tablet by mouth', '2008-06-10', '2008-06-15')
insert into medication values ('S7556818T', 'Ceftriaxone 1g', 'once a day, 1 injectable solution intravenously', '2008-11-18', '2008-11-24')
insert into medication values ('S6567620J', 'Azythromycine 500mg', 'once a day, 1 injectable solution intravenously', '2008-05-13', '2008-05-20')
insert into medication values ('S7583889O', 'Lactulose 10mg', 'two times a day, 5ml by mouth', '2009-07-03', '2009-07-11')
insert into medication values ('S7519334A', 'Lipitor 20mg', 'once a day, at night', '2008-10-09', '2008-10-16')
insert into medication values ('S6572776N', 'Lipitor 20mg', 'once a day, at night', '2008-05-15', '2008-05-21')
insert into medication values ('S7546913Q', 'Simvastatin 40mg', 'once a day, at night', '2008-09-13', '2008-09-20')
insert into medication values ('S7532173Q', 'Azythromycine 500mg', 'once a day, 1 injectable solution intravenously', '2008-10-15', '2008-10-22')
insert into medication values ('S6550989M', 'Ceftriaxone 1g', 'once a day, 1 injectable solution intravenously', '2007-09-18', '2007-09-25')
insert into medication values ('S7571837V', 'Lactulose 10mg', 'two times a day, 5ml by mouth', '2009-05-04', '2009-05-10')
insert into medication values ('S7512999Y', 'Lactulose 10mg', 'two times a day, 5ml by mouth', '2008-08-12', '2008-08-18')
insert into medication values ('S8538193I', 'Ceftin 500mg', 'three times a day, 1 tablet by mouth', '2008-03-04', '2008-03-11')
insert into medication values ('S8612707S', 'Amiodarone 20mg', 'once a day, 1 tablet by mouth', '2007-10-12', '2007-10-17')
insert into medication values ('S8684993G', 'Azythromycine 500mg', 'once a day, 1 injectable solution intravenously', '2009-04-02', '2009-04-09')
insert into medication values ('S7680197M', 'Amiodarone 20mg', 'once a day, 1 tablet by mouth', '2006-09-09', '2006-09-15')
insert into medication values ('S7687312H', 'Lactulose 10mg', 'two times a day, 5ml by mouth', '2007-10-02', '2007-10-09')
insert into medication values ('S6660623I', 'Simvastatin 40mg', 'once a day, at night', '2007-01-08', '2007-01-13')
insert into medication values ('S8629269G', 'Ibufprofen 400mg', 'three times a day', '2009-03-14', '2009-03-20')
insert into medication values ('S7612103K', 'Lactulose 10mg', 'two times a day, 5ml by mouth', '2008-03-02', '2008-03-10')
insert into medication values ('S7691378I', 'Amiodarone 20mg', 'once a day, 1 tablet by mouth', '2008-05-13', '2008-05-19')
insert into medication values ('S7636847K', 'Ibufprofen 400mg', 'three times a day', '2009-05-02', '2009-05-09')
insert into medication values ('S7666944X', 'Azythromycine 500mg', 'once a day, 1 injectable solution intravenously', '2006-01-12', '2006-01-20')
insert into medication values ('S7618137P', 'Ibufprofen 400mg', 'three times a day', '2007-07-03', '2007-07-09')
insert into medication values ('S8676589W', 'Ibufprofen 400mg', 'three times a day', '2008-02-14', '2008-02-19')
insert into medication values ('S8687187I', 'Lactulose 10mg', 'two times a day, 5ml by mouth', '2007-02-02', '2007-02-09')
insert into medication values ('S7647622E', 'Lipitor 20mg', 'once a day, at night', '2008-07-09', '2008-07-14')
insert into medication values ('S7636200J', 'Lactulose 10mg', 'two times a day, 5ml by mouth', '2008-03-12', '2008-03-20')
insert into medication values ('S6650749S', 'Simvastatin 40mg', 'once a day, at night', '2007-02-11', '2007-02-18')
insert into medication values ('S6648445M', 'Lipitor 20mg', 'once a day, at night', '2009-08-10', '2009-08-15')
insert into medication values ('S7672862D', 'Ibufprofen 400mg', 'three times a day', '2009-05-02', '2009-05-09')
insert into medication values ('S6665107Z', 'Lactulose 10mg', 'two times a day, 5ml by mouth', '2008-02-09', '2008-02-15')
insert into medication values ('S6652817Y', 'Simvastatin 40mg', 'once a day, at night', '2008-04-14', '2008-04-20')
insert into medication values ('S7639431U', 'Ibufprofen 400mg', 'three times a day', '2006-10-07', '2006-10-12')
insert into medication values ('S7631906K', 'Simvastatin 40mg', 'once a day, at night', '2008-09-18', '2008-09-22')
insert into medication values ('S7656376J', 'Amiodarone 20mg', 'once a day, 1 tablet by mouth', '2007-07-02', '2007-07-07')
insert into medication values ('S7619280N', 'Simvastatin 40mg', 'once a day, at night', '2007-02-08', '2007-02-13')
insert into medication values ('S8660744W', 'Amiodarone 20mg', 'once a day, 1 tablet by mouth', '2008-01-07', '2008-01-13')
insert into medication values ('S7639502T', 'Ceftriaxone 1g', 'once a day, 1 injectable solution intravenously', '2008-11-17', '2008-11-23')
