drop database if exists localdb
create database if not exists localdb
use localdb

CREATE TABLE patient(patient_id varchar(30) NOT NULL, first_name text, last_name text, date_of_birth text, age integer, gender text, address text, nationality text, CONSTRAINT patient_pkey PRIMARY KEY (patient_id))
insert into patient values ('S8653443P', 'XUE LI', 'KOR', '1978-05-21', 31, 'male', 'Changi', 'Singaporean')
insert into patient values ('S7666965L', 'CHOO KOK', 'TAN', '1973-09-18', 36, 'male', 'Bedok', 'Singaporean')
insert into patient values ('S6639618Q', 'WEE KIAT JEREMY', 'KEE', '1985-10-12', 24, 'male', 'Changi', 'Singaporean')
insert into patient values ('S8686834Q', 'SOOK WAI', 'LEONG', '1984-04-25', 25, 'male', 'Keppel', 'Singaporean')
insert into patient values ('S8612707S', 'YAO HSIANG', 'YANG', '1982-03-08', 27, 'female', 'Keppel', 'Singaporean')
insert into patient values ('S6657199A', 'PUAY KEONG', 'CHNG', '1975-10-19', 34, 'male', 'Chinatown', 'Singaporean')
insert into patient values ('S8684993G', 'SIEW CHUAN', 'TIA', '1985-05-19', 24, 'female', 'Keppel', 'Singaporean')
insert into patient values ('S8639284B', 'YU WENG BERNARD', 'THAM', '1984-04-02', 25, 'male', 'Chinatown', 'Singaporean')
insert into patient values ('S8669294Q', 'YIIN MING', 'HOO', '1975-10-18', 34, 'female', 'Keppel', 'Singaporean')
insert into patient values ('S6644407Y', 'JUN MUN VICTOR', 'YUEN', '1982-06-06', 27, 'female', 'Keppel', 'Singaporean')
insert into patient values ('S7640708E', 'HWEE LIM', 'WONG', '1979-02-23', 30, 'female', 'Keppel', 'Singaporean')
insert into patient values ('S8635881G', 'HSUEH MIN DAVID', 'ONG', '1972-04-14', 37, 'male', 'Toa Payo', 'Singaporean')
insert into patient values ('S6697173I', 'YUNTIAN', 'PHUA', '1981-08-15', 28, 'male', 'Dover', 'Singaporean')
insert into patient values ('S7629898W', 'MENG WAH', 'TAN', '1987-02-18', 22, 'female', 'Dover', 'Singaporean')
insert into patient values ('S7673475L', 'KOK WEE ANDY', 'GAN', '1978-02-04', 31, 'male', 'Chinatown', 'Singaporean')
insert into patient values ('S6675729E', 'HSIAO YUN', 'NEO', '1970-09-07', 39, 'male', 'Dover', 'Singaporean')
insert into patient values ('S7680197M', 'SUPARMAN', 'EDWIN', '1969-09-25', 40, 'female', 'Bedok', 'Singaporean')
insert into patient values ('S7622743B', 'POOI YOKE', 'CHEW', '1977-06-19', 32, 'male', 'Katong', 'Singaporean')
insert into patient values ('S7670678B', 'BOON SUEN', 'TAN', '1970-09-23', 39, 'female', 'Keppel', 'Singaporean')
insert into patient values ('S6650733M', 'WEN SIONG', 'NGIAM', '1988-08-21', 21, 'male', 'Katong', 'Singaporean')
insert into patient values ('S7687312H', 'HUI ZHI REBECCA', 'LIN', '1976-08-12', 33, 'male', 'Changi', 'Singaporean')
insert into patient values ('S7653585F', 'FANGXIANG MELVYN', 'LIM', '1973-04-20', 36, 'female', 'Keppel', 'Singaporean')
insert into patient values ('S7637329I', 'MENG HUAT', 'TAN', '1985-02-14', 24, 'female', 'Keppel', 'Singaporean')
insert into patient values ('S6659845P', 'LOY JIN LIONEL', 'ANG', '1971-11-08', 38, 'male', 'Chinatown', 'Singaporean')
insert into patient values ('S6679517T', 'WAN GIN SHIRLIN', 'TAY', '1981-09-06', 28, 'female', 'Toa Payo', 'Singaporean')
insert into patient values ('S7666170D', 'WEI LIM', 'NG', '1977-03-06', 32, 'male', 'Chinatown', 'Singaporean')
insert into patient values ('S7676397B', 'YIAN', 'LIM', '1970-05-25', 39, 'male', 'Dover', 'Singaporean')
insert into patient values ('S7629344F', 'NGEE FEI', 'KAN', '1985-07-19', 24, 'female', 'Dover', 'Singaporean')
insert into patient values ('S7630933N', 'DENISE', 'HENG', '1980-05-20', 29, 'female', 'Keppel', 'Singaporean')
insert into patient values ('S8617137Z', 'CHOOI NEE HAZEL', 'KHOO', '1974-02-22', 35, 'male', 'Dover', 'Singaporean')
insert into patient values ('S7690275M', 'BOON HSING', 'LIM', '1970-06-25', 39, 'female', 'Punggol', 'Singaporean')
insert into patient values ('S8675798V', 'CHEN CHUNG ANDREW', 'KHO', '1989-08-14', 20, 'male', 'Keppel', 'Singaporean')
insert into patient values ('S6660623I', 'CHEE HOONG', 'CHAN', '1978-08-14', 31, 'male', 'Toa Payo', 'Singaporean')
insert into patient values ('S7628430U', 'HON KIT', 'LAI', '1971-04-27', 38, 'female', 'Changi', 'Singaporean')
insert into patient values ('S6643410V', 'CHEE MENG', 'TAN', '1971-12-24', 38, 'male', 'Toa Payo', 'Singaporean')
insert into patient values ('S8660485J', 'SIN WAI', 'YUEN', '1985-06-11', 24, 'male', 'Keppel', 'Singaporean')
insert into patient values ('S7683105P', 'TJAHYONO', 'SINDHU', '1970-08-24', 39, 'male', 'Keppel', 'Singaporean')
insert into patient values ('S8629269G', 'KOK HOW', 'TAN', '1986-07-16', 23, 'male', 'Katong', 'Singaporean')
insert into patient values ('S7628774Z', 'POOI YOKE', 'CHEW', '1977-03-07', 32, 'female', 'Bedok', 'Singaporean')
insert into patient values ('S7687475K', 'SIEW LEE', 'SEAH', '1986-03-20', 23, 'male', 'Dover', 'Singaporean')
insert into patient values ('S7689822H', 'KWO YIN', 'LIM', '1971-03-05', 38, 'male', 'Chinatown', 'Singaporean')
insert into patient values ('S7683131L', 'SUNDARARAJAN', 'SANTOSH', '1985-09-21', 24, 'male', 'Punggol', 'Singaporean')
insert into patient values ('S7612103K', 'GEOK CHUAN', 'TOH', '1987-10-06', 22, 'female', 'Bedok', 'Singaporean')
insert into patient values ('S7691378I', 'SHIAW YONG', 'PHAN', '1982-03-23', 27, 'male', 'Punggol', 'Singaporean')
insert into patient values ('S7624231K', 'MING HSIEN', 'SEOW', '1972-03-22', 37, 'male', 'Changi', 'Singaporean')
insert into patient values ('S8624801C', 'YING YING ELICIA', 'AW', '1972-03-15', 37, 'female', 'Chinatown', 'Singaporean')
insert into patient values ('S8610856L', 'KWUN CHUNG', 'WONG', '1977-08-18', 32, 'male', 'Keppel', 'Singaporean')
insert into patient values ('S6616368Q', 'TECK CHENG JAN', 'TEO', '1983-02-03', 26, 'male', 'Toa Payo', 'Singaporean')
insert into patient values ('S7646908P', 'SHU YING', 'WEE', '1988-04-05', 21, 'female', 'Changi', 'Singaporean')
insert into patient values ('S7636847K', 'WAI MENG MATTHEW', 'WEE', '1974-08-11', 35, 'male', 'Dover', 'Singaporean')
insert into patient values ('S7621580U', 'KOK HENG', 'CHIA', '1982-09-18', 27, 'female', 'Katong', 'Singaporean')
insert into patient values ('S7666944X', 'WEN HUEI', 'SIE', '1972-02-11', 37, 'female', 'Punggol', 'Singaporean')
insert into patient values ('S7620892E', 'YI JUN KARA', 'TAY', '1984-05-08', 25, 'female', 'Dover', 'Singaporean')
insert into patient values ('S7618137P', 'CHUN', 'NG', '1989-08-27', 20, 'female', 'Keppel', 'Singaporean')
insert into patient values ('S7635661G', 'LEONG SENG', 'LEE', '1986-06-09', 23, 'female', 'Changi', 'Singaporean')
insert into patient values ('S6626896S', 'YUAN NEE ANNIE', 'KOH', '1975-10-27', 34, 'female', 'Chinatown', 'Singaporean')
insert into patient values ('S6697752M', 'SUI LIN', 'GOH', '1974-04-08', 35, 'male', 'Keppel', 'Singaporean')
insert into patient values ('S6673883F', 'WEE PING', 'KOH', '1987-10-06', 22, 'male', 'Katong', 'Singaporean')
insert into patient values ('S8676589W', 'WEE KIAN ROY', 'CHIA', '1973-11-21', 36, 'male', 'Keppel', 'Singaporean')
insert into patient values ('S8687187I', 'BOON HSING', 'LIM', '1984-08-24', 25, 'female', 'Changi', 'Singaporean')
insert into patient values ('S8694875W', 'WEE MING', 'KWOK', '1981-02-19', 28, 'female', 'Punggol', 'Singaporean')
insert into patient values ('S7633366Q', 'PEI SIA LINDA', 'LIM', '1982-04-08', 27, 'female', 'Chinatown', 'Singaporean')
insert into patient values ('S7647622E', 'CHEE MENG', 'PANG', '1985-10-27', 24, 'female', 'Changi', 'Singaporean')
insert into patient values ('S7624145P', 'CHI-YUAN HAROLD', 'GOH', '1975-02-26', 34, 'male', 'Toa Payo', 'Singaporean')
insert into patient values ('S7636200J', 'MAN HON', 'NG', '1979-01-06', 30, 'female', 'Bedok', 'Singaporean')
insert into patient values ('S7633933C', 'CHUNG HEE', 'LAI', '1971-09-15', 38, 'female', 'Bedok', 'Singaporean')
insert into patient values ('S6650749S', 'CHIEN KWOK AARON', 'HO', '1988-03-21', 21, 'female', 'Dover', 'Singaporean')
insert into patient values ('S8660485P', 'CHEH HSIEN', 'LEE', '1981-01-22', 28, 'male', 'Changi', 'Singaporean')
insert into patient values ('S6648445M', 'WENG KHEONG', 'LIM', '1979-04-24', 30, 'female', 'Punggol', 'Singaporean')
insert into patient values ('S8632910B', 'SIU LAN', 'LEE', '1971-07-12', 38, 'female', 'Dover', 'Singaporean')
insert into patient values ('S7672862D', 'WING YIN', 'LAM', '1985-10-10', 24, 'male', 'Dover', 'Singaporean')
insert into patient values ('S7677824W', 'PUAT SIONG', 'TUA', '1974-05-08', 35, 'male', 'Dover', 'Singaporean')
insert into patient values ('S6665107Z', 'YUEFEN JOCELYN', 'ZHUANG', '1974-02-02', 35, 'male', 'Chinatown', 'Singaporean')
insert into patient values ('S8622983T', 'FARESH BIN KAMISH', 'MUHAMAD', '1983-05-03', 26, 'male', 'Changi', 'Singaporean')
insert into patient values ('S6652817Y', 'SUNDARARAJAN', 'SANTOSH', '1988-04-06', 21, 'male', 'Dover', 'Singaporean')
insert into patient values ('S6676831D', 'HWEE CHUAN', 'GOH', '1981-06-16', 28, 'male', 'Bedok', 'Singaporean')
insert into patient values ('S6644238V', 'WEE SING', 'KOH', '1982-03-17', 27, 'male', 'Bedok', 'Singaporean')
insert into patient values ('S8671478Y', 'LUTCHIA', 'DEVA', '1971-07-17', 38, 'male', 'Dover', 'Singaporean')
insert into patient values ('S7622816I', 'KENG TAT EDWIN', 'TAN', '1970-08-24', 39, 'male', 'Keppel', 'Singaporean')
insert into patient values ('S7648370F', 'LEE-EE PATRICK', 'LING', '1980-12-10', 29, 'male', 'Changi', 'Singaporean')
insert into patient values ('S8695893W', 'YONG SIN JACOB', 'SNG', '1988-02-27', 21, 'male', 'Katong', 'Singaporean')
insert into patient values ('S7682132N', 'EE CHEONG KEVIN', 'WONG', '1986-08-16', 23, 'female', 'Keppel', 'Singaporean')
insert into patient values ('S6615771L', 'CHIN HONG', 'NEO', '1974-06-16', 35, 'male', 'Punggol', 'Singaporean')
insert into patient values ('S7620979P', 'TEE PHUANG DESMOND', 'LEONG', '1976-08-25', 33, 'male', 'Keppel', 'Singaporean')
insert into patient values ('S6638379T', 'MING HSIEN', 'SEOW', '1977-08-09', 32, 'male', 'Bedok', 'Singaporean')
insert into patient values ('S7699145P', 'POH LING', 'LEONG', '1974-05-19', 35, 'male', 'Punggol', 'Singaporean')
insert into patient values ('S6645887O', 'KRISHNA', 'SUBRAMANIAN', '1981-06-02', 28, 'male', 'Dover', 'Singaporean')
insert into patient values ('S6658150I', 'WEI TIONG', 'TAN', '1982-08-23', 27, 'male', 'Bedok', 'Singaporean')
insert into patient values ('S7639431U', 'PEI SIA LINDA', 'LIM', '1988-09-07', 21, 'male', 'Punggol', 'Singaporean')
insert into patient values ('S7654235L', 'PUI YEE JOANNE', 'CHEONG', '1983-03-11', 26, 'female', 'Toa Payo', 'Singaporean')
insert into patient values ('S7624330F', 'CHIN HOCK ADRIAN', 'TAN', '1971-12-17', 38, 'female', 'Toa Payo', 'Singaporean')
insert into patient values ('S6680423W', 'HWEE LIN', 'NG', '1985-08-04', 24, 'male', 'Changi', 'Singaporean')
insert into patient values ('S7645728B', 'CHIN CHYE', 'SIM', '1976-12-22', 33, 'female', 'Changi', 'Singaporean')
insert into patient values ('S6664364B', 'SWEE CHEONG', 'SIM', '1969-04-17', 40, 'male', 'Punggol', 'Singaporean')
insert into patient values ('S7623714Q', 'YANG CHANG MERVYN', 'TAN', '1972-03-11', 37, 'female', 'Changi', 'Singaporean')
insert into patient values ('S8675506I', 'YICHEN', 'LEE', '1976-05-01', 33, 'male', 'Punggol', 'Singaporean')
insert into patient values ('S6638236U', 'SIM POR', 'GOH', '1970-08-22', 39, 'female', 'Toa Payo', 'Singaporean')
insert into patient values ('S7688778Y', 'GANESH S/O JEYANATHAN', 'BALA', '1976-07-13', 33, 'male', 'Bedok', 'Singaporean')
insert into patient values ('S7633479P', 'TIAN YEOW', 'TAN', '1981-03-10', 28, 'female', 'Toa Payo', 'Singaporean')
insert into patient values ('S6642298T', 'YONG JIANN', 'LAU', '1984-09-14', 25, 'female', 'Bedok', 'Singaporean')
insert into patient values ('S8665451C', 'MEI MEI', 'SOO', '1979-05-18', 30, 'female', 'Keppel', 'Singaporean')
insert into patient values ('S7631906K', 'CHI KI GRACE', 'MUI', '1984-03-24', 25, 'male', 'Changi', 'Singaporean')
insert into patient values ('S7656376J', 'HOI MUN', 'CHIA', '1984-09-24', 25, 'female', 'Toa Payo', 'Singaporean')
insert into patient values ('S6666526E', 'TECK GUAN', 'NG', '1983-08-25', 26, 'female', 'Katong', 'Singaporean')
insert into patient values ('S7698213E', 'WAH TECK', 'TAN', '1987-09-10', 22, 'male', 'Chinatown', 'Singaporean')
insert into patient values ('S7619280N', 'WEI PIN EDWIN', 'LEONG', '1979-09-07', 30, 'female', 'Punggol', 'Singaporean')
insert into patient values ('S8660744W', 'JOO WEE WILSON', 'TAN', '1970-05-25', 39, 'female', 'Changi', 'Singaporean')
insert into patient values ('S8629112X', 'KRISHNA', 'SUBRAMANIAN', '1974-10-12', 35, 'female', 'Toa Payo', 'Singaporean')
insert into patient values ('S7639502T', 'HENG LENG', 'KWAN', '1988-07-11', 21, 'male', 'Toa Payo', 'Singaporean')
insert into patient values ('S6656113K', 'WEI YONG', 'SOH', '1970-10-05', 39, 'male', 'Changi', 'Singaporean')

CREATE TABLE physician(physician_id varchar(30) NOT NULL, first_name text, last_name text, CONSTRAINT patient_pkey PRIMARY KEY (physician_id))
insert into physician values ('PH6000001', 'CHEONG', 'FOOK KHA')
insert into physician values ('PH6000002', 'LIM', 'CHOONG KHIANG')

CREATE TABLE treat(patient_id varchar(30), physician_id varchar(30), start_date text, end_date text)
insert into treat values ('S8284186E', 'PH6000001', '2008-02-14', '2008-02-19')
insert into treat values ('S8284186E', 'PH6000002', '2008-02-14', '2008-02-19')
insert into treat values ('S8285084H', 'PH6000001', '2008-07-07', '2008-07-15')
insert into treat values ('S8285084H', 'PH6000002', '2008-07-07', '2008-07-12')
insert into treat values ('S7177880B', 'PH6000001', '2008-10-04', '2008-10-10')
insert into treat values ('S7177880B', 'PH6000002', '2008-10-04', '2008-10-10')
insert into treat values ('S7138722B', 'PH6000001', '2008-06-07', '2008-06-14')
insert into treat values ('S7138722B', 'PH6000002', '2008-06-07', '2008-06-11')
insert into treat values ('S6148824M', 'PH6000001', '2006-09-14', '2006-09-21')
insert into treat values ('S6148824M', 'PH6000002', '2006-09-14', '2006-09-19')
insert into treat values ('S7118261I', 'PH6000001', '2006-10-15', '2006-10-19')
insert into treat values ('S7118261I', 'PH6000002', '2006-10-15', '2006-10-22')
insert into treat values ('S8187643T', 'PH6000001', '2009-02-11', '2009-02-17')
insert into treat values ('S8187643T', 'PH6000002', '2009-02-11', '2009-02-18')
insert into treat values ('S7137927N', 'PH6000001', '2008-09-13', '2008-09-18')
insert into treat values ('S7137927N', 'PH6000002', '2008-09-13', '2008-09-18')
insert into treat values ('S7171753Z', 'PH6000001', '2009-07-20', '2009-07-25')
insert into treat values ('S7171753Z', 'PH6000002', '2009-07-20', '2009-07-27')
insert into treat values ('S6122982N', 'PH6000001', '2008-03-05', '2008-03-09')
insert into treat values ('S6122982N', 'PH6000002', '2008-03-05', '2008-03-10')
insert into treat values ('S7145609I', 'PH6000001', '2009-06-14', '2009-06-20')
insert into treat values ('S7145609I', 'PH6000002', '2009-06-14', '2009-06-19')
insert into treat values ('S8167571C', 'PH6000001', '2009-04-16', '2009-04-22')
insert into treat values ('S8167571C', 'PH6000002', '2009-04-16', '2009-04-22')
insert into treat values ('S7187692Z', 'PH6000001', '2007-07-05', '2007-07-11')
insert into treat values ('S7187692Z', 'PH6000002', '2007-07-05', '2007-07-10')
insert into treat values ('S6112171U', 'PH6000001', '2007-04-18', '2007-04-25')
insert into treat values ('S6112171U', 'PH6000002', '2007-04-18', '2007-04-25')
insert into treat values ('S8198765N', 'PH6000001', '2006-01-02', '2006-01-08')
insert into treat values ('S8198765N', 'PH6000002', '2006-01-02', '2006-01-10')
insert into treat values ('S7194736O', 'PH6000001', '2007-08-20', '2007-08-25')
insert into treat values ('S7194736O', 'PH6000002', '2007-08-20', '2007-08-28')
insert into treat values ('S6137306F', 'PH6000001', '2007-08-01', '2007-08-09')
insert into treat values ('S6137306F', 'PH6000002', '2007-08-01', '2007-08-07')
insert into treat values ('S8188226G', 'PH6000001', '2008-09-09', '2008-09-14')
insert into treat values ('S8188226G', 'PH6000002', '2008-09-09', '2008-09-16')
insert into treat values ('S6138744F', 'PH6000001', '2009-03-06', '2009-03-10')
insert into treat values ('S6138744F', 'PH6000002', '2009-03-06', '2009-03-10')
insert into treat values ('S7171157X', 'PH6000001', '2008-10-01', '2008-10-05')
insert into treat values ('S7171157X', 'PH6000002', '2008-10-01', '2008-10-07')
insert into treat values ('S7163297W', 'PH6000001', '2007-04-02', '2007-04-06')
insert into treat values ('S7163297W', 'PH6000002', '2007-04-02', '2007-04-06')
insert into treat values ('S7195982X', 'PH6000001', '2009-06-05', '2009-06-10')
insert into treat values ('S7195982X', 'PH6000002', '2009-06-05', '2009-06-10')
insert into treat values ('S7189551N', 'PH6000001', '2009-02-08', '2009-02-16')
insert into treat values ('S7189551N', 'PH6000002', '2009-02-08', '2009-02-16')
insert into treat values ('S7180267D', 'PH6000001', '2006-02-06', '2006-02-13')
insert into treat values ('S7180267D', 'PH6000002', '2006-02-06', '2006-02-13')
insert into treat values ('S8179734S', 'PH6000001', '2008-02-09', '2008-02-13')
insert into treat values ('S8179734S', 'PH6000002', '2008-02-09', '2008-02-13')
insert into treat values ('S6137904U', 'PH6000001', '2008-05-19', '2008-05-24')
insert into treat values ('S6137904U', 'PH6000002', '2008-05-19', '2008-05-25')
insert into treat values ('S6191759M', 'PH6000001', '2009-06-04', '2009-06-10')
insert into treat values ('S6191759M', 'PH6000002', '2009-06-04', '2009-06-09')
insert into treat values ('S7118889U', 'PH6000001', '2006-04-12', '2006-04-19')
insert into treat values ('S7118889U', 'PH6000002', '2006-04-12', '2006-04-18')
insert into treat values ('S8216194K', 'PH6000001', '2009-03-20', '2009-03-26')
insert into treat values ('S8216194K', 'PH6000002', '2009-03-20', '2009-03-27')
insert into treat values ('S7239833C', 'PH6000001', '2008-07-06', '2008-07-10')
insert into treat values ('S7239833C', 'PH6000002', '2008-07-06', '2008-07-13')
insert into treat values ('S7266114H', 'PH6000001', '2008-10-06', '2008-10-10')
insert into treat values ('S7266114H', 'PH6000002', '2008-10-06', '2008-10-13')
insert into treat values ('S8250763O', 'PH6000001', '2007-08-08', '2007-08-12')
insert into treat values ('S8250763O', 'PH6000002', '2007-08-08', '2007-08-13')
insert into treat values ('S7272623O', 'PH6000001', '2009-07-03', '2009-07-07')
insert into treat values ('S7272623O', 'PH6000002', '2009-07-03', '2009-07-10')
insert into treat values ('S7295511D', 'PH6000001', '2008-07-10', '2008-07-17')
insert into treat values ('S7295511D', 'PH6000002', '2008-07-10', '2008-07-16')
insert into treat values ('S6264862V', 'PH6000001', '2007-08-09', '2007-08-17')
insert into treat values ('S6264862V', 'PH6000002', '2007-08-09', '2007-08-16')
insert into treat values ('S8214535T', 'PH6000001', '2008-01-19', '2008-01-26')
insert into treat values ('S8214535T', 'PH6000002', '2008-01-19', '2008-01-25')
insert into treat values ('S8221415T', 'PH6000001', '2008-03-17', '2008-03-24')
insert into treat values ('S8221415T', 'PH6000002', '2008-03-17', '2008-03-21')
insert into treat values ('S7222963R', 'PH6000001', '2008-10-14', '2008-10-21')
insert into treat values ('S7222963R', 'PH6000002', '2008-10-14', '2008-10-21')
insert into treat values ('S7247817Y', 'PH6000001', '2008-06-03', '2008-06-09')
insert into treat values ('S7247817Y', 'PH6000002', '2008-06-03', '2008-06-07')
insert into treat values ('S7221604D', 'PH6000001', '2008-07-19', '2008-07-26')
insert into treat values ('S7221604D', 'PH6000002', '2008-07-19', '2008-07-25')
insert into treat values ('S7282601I', 'PH6000001', '2007-03-10', '2007-03-17')
insert into treat values ('S7282601I', 'PH6000002', '2007-03-10', '2007-03-16')
insert into treat values ('S8298153V', 'PH6000001', '2007-10-09', '2007-10-16')
insert into treat values ('S8298153V', 'PH6000002', '2007-10-09', '2007-10-16')
insert into treat values ('S8288407C', 'PH6000001', '2008-11-04', '2008-11-10')
insert into treat values ('S8288407C', 'PH6000002', '2008-11-04', '2008-11-12')
insert into treat values ('S8274666V', 'PH6000001', '2008-07-17', '2008-07-24')
insert into treat values ('S8274666V', 'PH6000002', '2008-07-17', '2008-07-22')
insert into treat values ('S6271838N', 'PH6000001', '2008-11-12', '2008-11-17')
insert into treat values ('S6271838N', 'PH6000002', '2008-11-12', '2008-11-18')
insert into treat values ('S8281351K', 'PH6000001', '2006-09-15', '2006-09-22')
insert into treat values ('S8281351K', 'PH6000002', '2006-09-15', '2006-09-22')
insert into treat values ('S6217328D', 'PH6000001', '2008-08-16', '2008-08-21')
insert into treat values ('S6217328D', 'PH6000002', '2008-08-16', '2008-08-24')
insert into treat values ('S8288231F', 'PH6000001', '2008-04-08', '2008-04-12')
insert into treat values ('S8288231F', 'PH6000002', '2008-04-08', '2008-04-14')
insert into treat values ('S8249545W', 'PH6000001', '2009-08-07', '2009-08-13')
insert into treat values ('S8249545W', 'PH6000002', '2009-08-07', '2009-08-14')
insert into treat values ('S7282780C', 'PH6000001', '2009-07-04', '2009-07-11')
insert into treat values ('S7282780C', 'PH6000002', '2009-07-04', '2009-07-10')
insert into treat values ('S7240835V', 'PH6000001', '2006-01-08', '2006-01-14')
insert into treat values ('S7240835V', 'PH6000002', '2006-01-08', '2006-01-14')
insert into treat values ('S8247415J', 'PH6000001', '2007-11-13', '2007-11-18')
insert into treat values ('S8247415J', 'PH6000002', '2007-11-13', '2007-11-21')
insert into treat values ('S7294207C', 'PH6000001', '2007-04-18', '2007-04-23')
insert into treat values ('S7294207C', 'PH6000002', '2007-04-18', '2007-04-23')
insert into treat values ('S7295777K', 'PH6000001', '2008-08-16', '2008-08-22')
insert into treat values ('S7295777K', 'PH6000002', '2008-08-16', '2008-08-20')
insert into treat values ('S7285360P', 'PH6000001', '2008-10-09', '2008-10-14')
insert into treat values ('S7285360P', 'PH6000002', '2008-10-09', '2008-10-16')
insert into treat values ('S7274457Z', 'PH6000001', '2006-03-17', '2006-03-25')
insert into treat values ('S7274457Z', 'PH6000002', '2006-03-17', '2006-03-22')
insert into treat values ('S7258437L', 'PH6000001', '2006-07-15', '2006-07-22')
insert into treat values ('S7258437L', 'PH6000002', '2006-07-15', '2006-07-19')
insert into treat values ('S7230255A', 'PH6000001', '2006-09-13', '2006-09-20')
insert into treat values ('S7230255A', 'PH6000002', '2006-09-13', '2006-09-21')
insert into treat values ('S7238936P', 'PH6000001', '2007-02-05', '2007-02-09')
insert into treat values ('S7238936P', 'PH6000002', '2007-02-05', '2007-02-10')
insert into treat values ('S6243849V', 'PH6000001', '2006-04-10', '2006-04-15')
insert into treat values ('S6243849V', 'PH6000002', '2006-04-10', '2006-04-18')
insert into treat values ('S8348105F', 'PH6000001', '2007-02-05', '2007-02-12')
insert into treat values ('S8348105F', 'PH6000002', '2007-02-05', '2007-02-12')
insert into treat values ('S7317401Y', 'PH6000001', '2006-09-02', '2006-09-07')
insert into treat values ('S7317401Y', 'PH6000002', '2006-09-02', '2006-09-07')
insert into treat values ('S8349644P', 'PH6000001', '2007-03-11', '2007-03-16')
insert into treat values ('S8349644P', 'PH6000002', '2007-03-11', '2007-03-18')
insert into treat values ('S6375477Q', 'PH6000001', '2007-09-10', '2007-09-14')
insert into treat values ('S6375477Q', 'PH6000002', '2007-09-10', '2007-09-16')
insert into treat values ('S8336253M', 'PH6000001', '2008-01-02', '2008-01-08')
insert into treat values ('S8336253M', 'PH6000002', '2008-01-02', '2008-01-10')
insert into treat values ('S7361771G', 'PH6000001', '2007-09-05', '2007-09-11')
insert into treat values ('S7361771G', 'PH6000002', '2007-09-05', '2007-09-12')
insert into treat values ('S8379412E', 'PH6000001', '2006-06-16', '2006-06-20')
insert into treat values ('S8379412E', 'PH6000002', '2006-06-16', '2006-06-23')
insert into treat values ('S7324994L', 'PH6000001', '2007-04-12', '2007-04-17')
insert into treat values ('S7324994L', 'PH6000002', '2007-04-12', '2007-04-20')
insert into treat values ('S7379896S', 'PH6000001', '2008-01-12', '2008-01-17')
insert into treat values ('S7379896S', 'PH6000002', '2008-01-12', '2008-01-16')
insert into treat values ('S6357862F', 'PH6000001', '2007-04-15', '2007-04-21')
insert into treat values ('S6357862F', 'PH6000002', '2007-04-15', '2007-04-20')
insert into treat values ('S8368619G', 'PH6000001', '2006-03-07', '2006-03-12')
insert into treat values ('S8368619G', 'PH6000002', '2006-03-07', '2006-03-11')
insert into treat values ('S6312939K', 'PH6000001', '2008-12-13', '2008-12-19')
insert into treat values ('S6312939K', 'PH6000002', '2008-12-13', '2008-12-18')
insert into treat values ('S7332153N', 'PH6000001', '2007-04-02', '2007-04-06')
insert into treat values ('S7332153N', 'PH6000002', '2007-04-02', '2007-04-10')
insert into treat values ('S6320248T', 'PH6000001', '2009-04-20', '2009-04-26')
insert into treat values ('S6320248T', 'PH6000002', '2009-04-20', '2009-04-28')
insert into treat values ('S7371894D', 'PH6000001', '2008-05-02', '2008-05-08')
insert into treat values ('S7371894D', 'PH6000002', '2008-05-02', '2008-05-10')
insert into treat values ('S8342326Q', 'PH6000001', '2008-02-19', '2008-02-24')
insert into treat values ('S8342326Q', 'PH6000002', '2008-02-19', '2008-02-24')
insert into treat values ('S8310633S', 'PH6000001', '2007-05-18', '2007-05-22')
insert into treat values ('S8310633S', 'PH6000002', '2007-05-18', '2007-05-23')
insert into treat values ('S8367171C', 'PH6000001', '2009-03-20', '2009-03-27')
insert into treat values ('S8367171C', 'PH6000002', '2009-03-20', '2009-03-27')
insert into treat values ('S7373602T', 'PH6000001', '2007-12-03', '2007-12-09')
insert into treat values ('S7373602T', 'PH6000002', '2007-12-03', '2007-12-07')
insert into treat values ('S8443268C', 'PH6000001', '2007-12-18', '2007-12-25')
insert into treat values ('S8443268C', 'PH6000002', '2007-12-18', '2007-12-23')
insert into treat values ('S6456314P', 'PH6000001', '2007-04-05', '2007-04-11')
insert into treat values ('S6456314P', 'PH6000002', '2007-04-05', '2007-04-12')
insert into treat values ('S7425592E', 'PH6000001', '2008-11-16', '2008-11-21')
insert into treat values ('S7425592E', 'PH6000002', '2008-11-16', '2008-11-23')
insert into treat values ('S8425758I', 'PH6000001', '2009-04-03', '2009-04-11')
insert into treat values ('S8425758I', 'PH6000002', '2009-04-03', '2009-04-11')
insert into treat values ('S6421532V', 'PH6000001', '2007-03-16', '2007-03-22')
insert into treat values ('S6421532V', 'PH6000002', '2007-03-16', '2007-03-22')
insert into treat values ('S8458523H', 'PH6000001', '2008-04-06', '2008-04-12')
insert into treat values ('S8458523H', 'PH6000002', '2008-04-06', '2008-04-13')
insert into treat values ('S7411581K', 'PH6000001', '2008-06-18', '2008-06-25')
insert into treat values ('S7411581K', 'PH6000002', '2008-06-18', '2008-06-24')
insert into treat values ('S7489185S', 'PH6000001', '2009-06-05', '2009-06-10')
insert into treat values ('S7489185S', 'PH6000002', '2009-06-05', '2009-06-10')
insert into treat values ('S6450563P', 'PH6000001', '2006-10-10', '2006-10-14')
insert into treat values ('S6450563P', 'PH6000002', '2006-10-10', '2006-10-16')
insert into treat values ('S7411390P', 'PH6000001', '2007-04-09', '2007-04-14')
insert into treat values ('S7411390P', 'PH6000002', '2007-04-09', '2007-04-13')
insert into treat values ('S7438497C', 'PH6000001', '2008-04-19', '2008-04-26')
insert into treat values ('S7438497C', 'PH6000002', '2008-04-19', '2008-04-25')
insert into treat values ('S8497138P', 'PH6000001', '2007-02-14', '2007-02-22')
insert into treat values ('S8497138P', 'PH6000002', '2007-02-14', '2007-02-18')
insert into treat values ('S7418166O', 'PH6000001', '2007-05-01', '2007-05-06')
insert into treat values ('S7418166O', 'PH6000002', '2007-05-01', '2007-05-07')
insert into treat values ('S6437581Y', 'PH6000001', '2009-03-17', '2009-03-21')
insert into treat values ('S6437581Y', 'PH6000002', '2009-03-17', '2009-03-24')
insert into treat values ('S7419644Q', 'PH6000001', '2007-02-13', '2007-02-20')
insert into treat values ('S7419644Q', 'PH6000002', '2007-02-13', '2007-02-17')
insert into treat values ('S8435240O', 'PH6000001', '2009-04-03', '2009-04-10')
insert into treat values ('S8435240O', 'PH6000002', '2009-04-03', '2009-04-11')
insert into treat values ('S7570667B', 'PH6000001', '2007-06-03', '2007-06-08')
insert into treat values ('S7570667B', 'PH6000002', '2007-06-03', '2007-06-10')
insert into treat values ('S7551588F', 'PH6000001', '2007-05-10', '2007-05-15')
insert into treat values ('S7551588F', 'PH6000002', '2007-05-10', '2007-05-15')
insert into treat values ('S7572327H', 'PH6000001', '2007-02-16', '2007-02-22')
insert into treat values ('S7572327H', 'PH6000002', '2007-02-16', '2007-02-21')
insert into treat values ('S8574938M', 'PH6000001', '2006-08-16', '2006-08-23')
insert into treat values ('S8574938M', 'PH6000002', '2006-08-16', '2006-08-22')
insert into treat values ('S7551347S', 'PH6000001', '2007-09-04', '2007-09-10')
insert into treat values ('S7551347S', 'PH6000002', '2007-09-04', '2007-09-12')
insert into treat values ('S6516357V', 'PH6000001', '2007-12-19', '2007-12-24')
insert into treat values ('S6516357V', 'PH6000002', '2007-12-19', '2007-12-25')
insert into treat values ('S7553175G', 'PH6000001', '2009-04-01', '2009-04-07')
insert into treat values ('S7553175G', 'PH6000002', '2009-04-01', '2009-04-09')
insert into treat values ('S7560551R', 'PH6000001', '2006-09-19', '2006-09-27')
insert into treat values ('S7560551R', 'PH6000002', '2006-09-19', '2006-09-25')
insert into treat values ('S8574638X', 'PH6000001', '2006-05-12', '2006-05-19')
insert into treat values ('S8574638X', 'PH6000002', '2006-05-12', '2006-05-17')
insert into treat values ('S8554846K', 'PH6000001', '2007-09-15', '2007-09-22')
insert into treat values ('S8554846K', 'PH6000002', '2007-09-15', '2007-09-22')
insert into treat values ('S7567359S', 'PH6000001', '2009-02-13', '2009-02-17')
insert into treat values ('S7567359S', 'PH6000002', '2009-02-13', '2009-02-19')
insert into treat values ('S7556818T', 'PH6000001', '2009-02-17', '2009-02-23')
insert into treat values ('S7556818T', 'PH6000002', '2009-02-17', '2009-02-23')
insert into treat values ('S6567620J', 'PH6000001', '2009-02-11', '2009-02-18')
insert into treat values ('S6567620J', 'PH6000002', '2009-02-11', '2009-02-18')
insert into treat values ('S7583889O', 'PH6000001', '2007-05-10', '2007-05-16')
insert into treat values ('S7583889O', 'PH6000002', '2007-05-10', '2007-05-18')
insert into treat values ('S7519334A', 'PH6000001', '2008-02-07', '2008-02-11')
insert into treat values ('S7519334A', 'PH6000002', '2008-02-07', '2008-02-11')
insert into treat values ('S6572776N', 'PH6000001', '2007-07-12', '2007-07-18')
insert into treat values ('S6572776N', 'PH6000002', '2007-07-12', '2007-07-19')
insert into treat values ('S7546913Q', 'PH6000001', '2008-04-11', '2008-04-18')
insert into treat values ('S7546913Q', 'PH6000002', '2008-04-11', '2008-04-15')
insert into treat values ('S7532173Q', 'PH6000001', '2009-08-16', '2009-08-23')
insert into treat values ('S7532173Q', 'PH6000002', '2009-08-16', '2009-08-20')
insert into treat values ('S6550989M', 'PH6000001', '2009-07-04', '2009-07-08')
insert into treat values ('S6550989M', 'PH6000002', '2009-07-04', '2009-07-11')
insert into treat values ('S7571837V', 'PH6000001', '2007-08-16', '2007-08-22')
insert into treat values ('S7571837V', 'PH6000002', '2007-08-16', '2007-08-24')
insert into treat values ('S7512999Y', 'PH6000001', '2008-02-11', '2008-02-16')
insert into treat values ('S7512999Y', 'PH6000002', '2008-02-11', '2008-02-17')
insert into treat values ('S8538193I', 'PH6000001', '2007-09-09', '2007-09-13')
insert into treat values ('S8538193I', 'PH6000002', '2007-09-09', '2007-09-15')
insert into treat values ('S8612707S', 'PH6000001', '2009-07-13', '2009-07-18')
insert into treat values ('S8612707S', 'PH6000002', '2009-07-13', '2009-07-20')
insert into treat values ('S8684993G', 'PH6000001', '2007-10-06', '2007-10-10')
insert into treat values ('S8684993G', 'PH6000002', '2007-10-06', '2007-10-11')
insert into treat values ('S7680197M', 'PH6000001', '2008-09-03', '2008-09-10')
insert into treat values ('S7680197M', 'PH6000002', '2008-09-03', '2008-09-07')
insert into treat values ('S7687312H', 'PH6000001', '2008-06-15', '2008-06-22')
insert into treat values ('S7687312H', 'PH6000002', '2008-06-15', '2008-06-20')
insert into treat values ('S6660623I', 'PH6000001', '2006-06-08', '2006-06-14')
insert into treat values ('S6660623I', 'PH6000002', '2006-06-08', '2006-06-12')
insert into treat values ('S8629269G', 'PH6000001', '2006-04-16', '2006-04-20')
insert into treat values ('S8629269G', 'PH6000002', '2006-04-16', '2006-04-24')
insert into treat values ('S7612103K', 'PH6000001', '2007-02-08', '2007-02-13')
insert into treat values ('S7612103K', 'PH6000002', '2007-02-08', '2007-02-13')
insert into treat values ('S7691378I', 'PH6000001', '2008-03-05', '2008-03-10')
insert into treat values ('S7691378I', 'PH6000002', '2008-03-05', '2008-03-10')
insert into treat values ('S7636847K', 'PH6000001', '2008-05-19', '2008-05-25')
insert into treat values ('S7636847K', 'PH6000002', '2008-05-19', '2008-05-25')
insert into treat values ('S7666944X', 'PH6000001', '2008-03-04', '2008-03-09')
insert into treat values ('S7666944X', 'PH6000002', '2008-03-04', '2008-03-11')
insert into treat values ('S7618137P', 'PH6000001', '2009-05-13', '2009-05-18')
insert into treat values ('S7618137P', 'PH6000002', '2009-05-13', '2009-05-19')
insert into treat values ('S8676589W', 'PH6000001', '2006-07-19', '2006-07-24')
insert into treat values ('S8676589W', 'PH6000002', '2006-07-19', '2006-07-26')
insert into treat values ('S8687187I', 'PH6000001', '2006-02-08', '2006-02-12')
insert into treat values ('S8687187I', 'PH6000002', '2006-02-08', '2006-02-13')
insert into treat values ('S7647622E', 'PH6000001', '2008-02-19', '2008-02-26')
insert into treat values ('S7647622E', 'PH6000002', '2008-02-19', '2008-02-23')
insert into treat values ('S7636200J', 'PH6000001', '2008-12-10', '2008-12-17')
insert into treat values ('S7636200J', 'PH6000002', '2008-12-10', '2008-12-14')
insert into treat values ('S6650749S', 'PH6000001', '2008-05-09', '2008-05-17')
insert into treat values ('S6650749S', 'PH6000002', '2008-05-09', '2008-05-14')
insert into treat values ('S6648445M', 'PH6000001', '2007-09-08', '2007-09-15')
insert into treat values ('S6648445M', 'PH6000002', '2007-09-08', '2007-09-14')
insert into treat values ('S7672862D', 'PH6000001', '2006-03-17', '2006-03-24')
insert into treat values ('S7672862D', 'PH6000002', '2006-03-17', '2006-03-23')
insert into treat values ('S6665107Z', 'PH6000001', '2008-04-07', '2008-04-12')
insert into treat values ('S6665107Z', 'PH6000002', '2008-04-07', '2008-04-14')
insert into treat values ('S6652817Y', 'PH6000001', '2008-12-16', '2008-12-24')
insert into treat values ('S6652817Y', 'PH6000002', '2008-12-16', '2008-12-22')
insert into treat values ('S7639431U', 'PH6000001', '2006-09-16', '2006-09-23')
insert into treat values ('S7639431U', 'PH6000002', '2006-09-16', '2006-09-23')
insert into treat values ('S7631906K', 'PH6000001', '2008-06-10', '2008-06-14')
insert into treat values ('S7631906K', 'PH6000002', '2008-06-10', '2008-06-14')
insert into treat values ('S7656376J', 'PH6000001', '2009-02-12', '2009-02-18')
insert into treat values ('S7656376J', 'PH6000002', '2009-02-12', '2009-02-19')
insert into treat values ('S7619280N', 'PH6000001', '2006-09-13', '2006-09-21')
insert into treat values ('S7619280N', 'PH6000002', '2006-09-13', '2006-09-21')
insert into treat values ('S8660744W', 'PH6000001', '2009-02-02', '2009-02-09')
insert into treat values ('S8660744W', 'PH6000002', '2009-02-02', '2009-02-06')
insert into treat values ('S7639502T', 'PH6000001', '2007-04-12', '2007-04-16')
insert into treat values ('S7639502T', 'PH6000002', '2007-04-12', '2007-04-19')

CREATE TABLE visit(patient_id text, visit_date text, location text, reason text)
insert into visit values ('S8284186E', '2008-02-14', 'Singapore General Hospital', 'stomach problem')
insert into visit values ('S8285084H', '2008-07-07', 'Singapore General Hospital', 'backache')
insert into visit values ('S7177880B', '2008-10-04', 'Singapore General Hospital', 'stomach problem')
insert into visit values ('S7138722B', '2008-06-07', 'Singapore General Hospital', 'heart problem')
insert into visit values ('S6148824M', '2006-09-14', 'Singapore General Hospital', 'heart problem')
insert into visit values ('S7118261I', '2006-10-15', 'Singapore General Hospital', 'heart problem')
insert into visit values ('S8187643T', '2009-02-11', 'Singapore General Hospital', 'cough')
insert into visit values ('S7137927N', '2008-09-13', 'Singapore General Hospital', 'sore throat')
insert into visit values ('S7171753Z', '2009-07-20', 'Singapore General Hospital', 'sore throat')
insert into visit values ('S6122982N', '2008-03-05', 'Singapore General Hospital', 'stomach problem')
insert into visit values ('S7145609I', '2009-06-14', 'Singapore General Hospital', 'heart problem')
insert into visit values ('S8167571C', '2009-04-16', 'Singapore General Hospital', 'sore throat')
insert into visit values ('S7187692Z', '2007-07-05', 'Singapore General Hospital', 'backache')
insert into visit values ('S6112171U', '2007-04-18', 'Singapore General Hospital', 'stomach problem')
insert into visit values ('S8198765N', '2006-01-02', 'Singapore General Hospital', 'cephalea')
insert into visit values ('S7194736O', '2007-08-20', 'Singapore General Hospital', 'cough')
insert into visit values ('S6137306F', '2007-08-01', 'Singapore General Hospital', 'cough')
insert into visit values ('S8188226G', '2008-09-09', 'Singapore General Hospital', 'cephalea')
insert into visit values ('S6138744F', '2009-03-06', 'Singapore General Hospital', 'heart problem')
insert into visit values ('S7171157X', '2008-10-01', 'Singapore General Hospital', 'fever')
insert into visit values ('S7163297W', '2007-04-02', 'Singapore General Hospital', 'sore throat')
insert into visit values ('S7195982X', '2009-06-05', 'Singapore General Hospital', 'fever')
insert into visit values ('S7189551N', '2009-02-08', 'Singapore General Hospital', 'backache')
insert into visit values ('S7180267D', '2006-02-06', 'Singapore General Hospital', 'sore throat')
insert into visit values ('S8179734S', '2008-02-09', 'Singapore General Hospital', 'stomach problem')
insert into visit values ('S6137904U', '2008-05-19', 'Singapore General Hospital', 'heart problem')
insert into visit values ('S6191759M', '2009-06-04', 'Singapore General Hospital', 'heart problem')
insert into visit values ('S7118889U', '2006-04-12', 'Singapore General Hospital', 'cough')
insert into visit values ('S8216194K', '2009-03-20', 'Singapore General Hospital', 'backache')
insert into visit values ('S7239833C', '2008-07-06', 'Singapore General Hospital', 'sore throat')
insert into visit values ('S7266114H', '2008-10-06', 'Singapore General Hospital', 'respiratory problem')
insert into visit values ('S8250763O', '2007-08-08', 'Singapore General Hospital', 'backache')
insert into visit values ('S7272623O', '2009-07-03', 'Singapore General Hospital', 'heart problem')
insert into visit values ('S7295511D', '2008-07-10', 'Singapore General Hospital', 'sore throat')
insert into visit values ('S6264862V', '2007-08-09', 'Singapore General Hospital', 'stomach problem')
insert into visit values ('S8214535T', '2008-01-19', 'Singapore General Hospital', 'stomach problem')
insert into visit values ('S8221415T', '2008-03-17', 'Singapore General Hospital', 'heart problem')
insert into visit values ('S7222963R', '2008-10-14', 'Singapore General Hospital', 'stomach problem')
insert into visit values ('S7247817Y', '2008-06-03', 'Singapore General Hospital', 'fever')
insert into visit values ('S7221604D', '2008-07-19', 'Singapore General Hospital', 'stomach problem')
insert into visit values ('S7282601I', '2007-03-10', 'Singapore General Hospital', 'sore throat')
insert into visit values ('S8298153V', '2007-10-09', 'Singapore General Hospital', 'heart problem')
insert into visit values ('S8288407C', '2008-11-04', 'Singapore General Hospital', 'backache')
insert into visit values ('S8274666V', '2008-07-17', 'Singapore General Hospital', 'heart problem')
insert into visit values ('S6271838N', '2008-11-12', 'Singapore General Hospital', 'respiratory problem')
insert into visit values ('S8281351K', '2006-09-15', 'Singapore General Hospital', 'stomach problem')
insert into visit values ('S6217328D', '2008-08-16', 'Singapore General Hospital', 'backache')
insert into visit values ('S8288231F', '2008-04-08', 'Singapore General Hospital', 'cough')
insert into visit values ('S8249545W', '2009-08-07', 'Singapore General Hospital', 'cephalea')
insert into visit values ('S7282780C', '2009-07-04', 'Singapore General Hospital', 'cephalea')
insert into visit values ('S7240835V', '2006-01-08', 'Singapore General Hospital', 'cephalea')
insert into visit values ('S8247415J', '2007-11-13', 'Singapore General Hospital', 'cephalea')
insert into visit values ('S7294207C', '2007-04-18', 'Singapore General Hospital', 'heart problem')
insert into visit values ('S7295777K', '2008-08-16', 'Singapore General Hospital', 'fever')
insert into visit values ('S7285360P', '2008-10-09', 'Singapore General Hospital', 'sore throat')
insert into visit values ('S7274457Z', '2006-03-17', 'Singapore General Hospital', 'sore throat')
insert into visit values ('S7258437L', '2006-07-15', 'Singapore General Hospital', 'cough')
insert into visit values ('S7230255A', '2006-09-13', 'Singapore General Hospital', 'stomach problem')
insert into visit values ('S7238936P', '2007-02-05', 'Singapore General Hospital', 'backache')
insert into visit values ('S6243849V', '2006-04-10', 'Singapore General Hospital', 'sore throat')
insert into visit values ('S8348105F', '2007-02-05', 'Singapore General Hospital', 'fever')
insert into visit values ('S7317401Y', '2006-09-02', 'Singapore General Hospital', 'respiratory problem')
insert into visit values ('S8349644P', '2007-03-11', 'Singapore General Hospital', 'cough')
insert into visit values ('S6375477Q', '2007-09-10', 'Singapore General Hospital', 'stomach problem')
insert into visit values ('S8336253M', '2008-01-02', 'Singapore General Hospital', 'backache')
insert into visit values ('S7361771G', '2007-09-05', 'Singapore General Hospital', 'backache')
insert into visit values ('S8379412E', '2006-06-16', 'Singapore General Hospital', 'heart problem')
insert into visit values ('S7324994L', '2007-04-12', 'Singapore General Hospital', 'fever')
insert into visit values ('S7379896S', '2008-01-12', 'Singapore General Hospital', 'fever')
insert into visit values ('S6357862F', '2007-04-15', 'Singapore General Hospital', 'sore throat')
insert into visit values ('S8368619G', '2006-03-07', 'Singapore General Hospital', 'heart problem')
insert into visit values ('S6312939K', '2008-12-13', 'Singapore General Hospital', 'fever')
insert into visit values ('S7332153N', '2007-04-02', 'Singapore General Hospital', 'backache')
insert into visit values ('S6320248T', '2009-04-20', 'Singapore General Hospital', 'heart problem')
insert into visit values ('S7371894D', '2008-05-02', 'Singapore General Hospital', 'backache')
insert into visit values ('S8342326Q', '2008-02-19', 'Singapore General Hospital', 'fever')
insert into visit values ('S8310633S', '2007-05-18', 'Singapore General Hospital', 'heart problem')
insert into visit values ('S8367171C', '2009-03-20', 'Singapore General Hospital', 'sore throat')
insert into visit values ('S7373602T', '2007-12-03', 'Singapore General Hospital', 'fever')
insert into visit values ('S8443268C', '2007-12-18', 'Singapore General Hospital', 'cough')
insert into visit values ('S6456314P', '2007-04-05', 'Singapore General Hospital', 'cough')
insert into visit values ('S7425592E', '2008-11-16', 'Singapore General Hospital', 'backache')
insert into visit values ('S8425758I', '2009-04-03', 'Singapore General Hospital', 'cough')
insert into visit values ('S6421532V', '2007-03-16', 'Singapore General Hospital', 'heart problem')
insert into visit values ('S8458523H', '2008-04-06', 'Singapore General Hospital', 'heart problem')
insert into visit values ('S7411581K', '2008-06-18', 'Singapore General Hospital', 'cough')
insert into visit values ('S7489185S', '2009-06-05', 'Singapore General Hospital', 'sore throat')
insert into visit values ('S6450563P', '2006-10-10', 'Singapore General Hospital', 'heart problem')
insert into visit values ('S7411390P', '2007-04-09', 'Singapore General Hospital', 'sore throat')
insert into visit values ('S7438497C', '2008-04-19', 'Singapore General Hospital', 'cough')
insert into visit values ('S8497138P', '2007-02-14', 'Singapore General Hospital', 'cephalea')
insert into visit values ('S7418166O', '2007-05-01', 'Singapore General Hospital', 'backache')
insert into visit values ('S6437581Y', '2009-03-17', 'Singapore General Hospital', 'heart problem')
insert into visit values ('S7419644Q', '2007-02-13', 'Singapore General Hospital', 'backache')
insert into visit values ('S8435240O', '2009-04-03', 'Singapore General Hospital', 'stomach problem')
insert into visit values ('S7570667B', '2007-06-03', 'Singapore General Hospital', 'stomach problem')
insert into visit values ('S7551588F', '2007-05-10', 'Singapore General Hospital', 'stomach problem')
insert into visit values ('S7572327H', '2007-02-16', 'Singapore General Hospital', 'backache')
insert into visit values ('S8574938M', '2006-08-16', 'Singapore General Hospital', 'cough')
insert into visit values ('S7551347S', '2007-09-04', 'Singapore General Hospital', 'respiratory problem')
insert into visit values ('S6516357V', '2007-12-19', 'Singapore General Hospital', 'cephalea')
insert into visit values ('S7553175G', '2009-04-01', 'Singapore General Hospital', 'cough')
insert into visit values ('S7560551R', '2006-09-19', 'Singapore General Hospital', 'respiratory problem')
insert into visit values ('S8574638X', '2006-05-12', 'Singapore General Hospital', 'respiratory problem')
insert into visit values ('S8554846K', '2007-09-15', 'Singapore General Hospital', 'stomach problem')
insert into visit values ('S7567359S', '2009-02-13', 'Singapore General Hospital', 'sore throat')
insert into visit values ('S7556818T', '2009-02-17', 'Singapore General Hospital', 'sore throat')
insert into visit values ('S6567620J', '2009-02-11', 'Singapore General Hospital', 'backache')
insert into visit values ('S7583889O', '2007-05-10', 'Singapore General Hospital', 'stomach problem')
insert into visit values ('S7519334A', '2008-02-07', 'Singapore General Hospital', 'stomach problem')
insert into visit values ('S6572776N', '2007-07-12', 'Singapore General Hospital', 'fever')
insert into visit values ('S7546913Q', '2008-04-11', 'Singapore General Hospital', 'fever')
insert into visit values ('S7532173Q', '2009-08-16', 'Singapore General Hospital', 'fever')
insert into visit values ('S6550989M', '2009-07-04', 'Singapore General Hospital', 'backache')
insert into visit values ('S7571837V', '2007-08-16', 'Singapore General Hospital', 'backache')
insert into visit values ('S7512999Y', '2008-02-11', 'Singapore General Hospital', 'sore throat')
insert into visit values ('S8538193I', '2007-09-09', 'Singapore General Hospital', 'heart problem')
insert into visit values ('S8612707S', '2009-07-13', 'Singapore General Hospital', 'heart problem')
insert into visit values ('S8684993G', '2007-10-06', 'Singapore General Hospital', 'backache')
insert into visit values ('S7680197M', '2008-09-03', 'Singapore General Hospital', 'stomach problem')
insert into visit values ('S7687312H', '2008-06-15', 'Singapore General Hospital', 'heart problem')
insert into visit values ('S6660623I', '2006-06-08', 'Singapore General Hospital', 'sore throat')
insert into visit values ('S8629269G', '2006-04-16', 'Singapore General Hospital', 'sore throat')
insert into visit values ('S7612103K', '2007-02-08', 'Singapore General Hospital', 'sore throat')
insert into visit values ('S7691378I', '2008-03-05', 'Singapore General Hospital', 'fever')
insert into visit values ('S7636847K', '2008-05-19', 'Singapore General Hospital', 'cough')
insert into visit values ('S7666944X', '2008-03-04', 'Singapore General Hospital', 'cephalea')
insert into visit values ('S7618137P', '2009-05-13', 'Singapore General Hospital', 'cough')
insert into visit values ('S8676589W', '2006-07-19', 'Singapore General Hospital', 'fever')
insert into visit values ('S8687187I', '2006-02-08', 'Singapore General Hospital', 'cephalea')
insert into visit values ('S7647622E', '2008-02-19', 'Singapore General Hospital', 'cough')
insert into visit values ('S7636200J', '2008-12-10', 'Singapore General Hospital', 'stomach problem')
insert into visit values ('S6650749S', '2008-05-09', 'Singapore General Hospital', 'backache')
insert into visit values ('S6648445M', '2007-09-08', 'Singapore General Hospital', 'stomach problem')
insert into visit values ('S7672862D', '2006-03-17', 'Singapore General Hospital', 'cough')
insert into visit values ('S6665107Z', '2008-04-07', 'Singapore General Hospital', 'heart problem')
insert into visit values ('S6652817Y', '2008-12-16', 'Singapore General Hospital', 'backache')
insert into visit values ('S7639431U', '2006-09-16', 'Singapore General Hospital', 'fever')
insert into visit values ('S7631906K', '2008-06-10', 'Singapore General Hospital', 'backache')
insert into visit values ('S7656376J', '2009-02-12', 'Singapore General Hospital', 'backache')
insert into visit values ('S7619280N', '2006-09-13', 'Singapore General Hospital', 'backache')
insert into visit values ('S8660744W', '2009-02-02', 'Singapore General Hospital', 'fever')
insert into visit values ('S7639502T', '2007-04-12', 'Singapore General Hospital', 'sore throat')

CREATE TABLE medical_test(patient_id varchar(30), test_name text, value text, test_date text)
insert into medical_test values ('S8284186E', 'mean corpuscular volume', '85 fl', '2008-02-14')
insert into medical_test values ('S8285084H', 'red cell distribution width', '11.9%', '2008-07-07')
insert into medical_test values ('S7177880B', 'total iron binding capacity', '240 mcg/dl', '2008-10-04')
insert into medical_test values ('S7138722B', 'MCHC', '35 g/dl', '2008-06-07')
insert into medical_test values ('S6148824M', 'red cell distribution width', '11.9%', '2006-09-14')
insert into medical_test values ('S7118261I', 'mean corpuscular hemoglobin', '31 pg', '2006-10-15')
insert into medical_test values ('S8187643T', 'total iron binding capacity', '240 mcg/dl', '2009-02-11')
insert into medical_test values ('S7137927N', 'MCHC', '31 g/dl', '2008-09-13')
insert into medical_test values ('S7171753Z', 'mean corpuscular volume', '89 fl', '2009-07-20')
insert into medical_test values ('S6122982N', 'red cell distribution width', '11.9%', '2008-03-05')
insert into medical_test values ('S7145609I', 'red cell distribution width', '13.6%', '2009-06-14')
insert into medical_test values ('S8167571C', 'total iron binding capacity', '400 mcg/dl', '2009-04-16')
insert into medical_test values ('S7187692Z', 'total iron binding capacity', '410 mcg/dl', '2007-07-05')
insert into medical_test values ('S6112171U', 'MCHC', '33 g/dl', '2007-04-18')
insert into medical_test values ('S8198765N', 'MCHC', '33 g/dl', '2006-01-02')
insert into medical_test values ('S7194736O', 'red cell distribution width', '13.6%', '2007-08-20')
insert into medical_test values ('S6137306F', 'heart rate', '69', '2007-08-01')
insert into medical_test values ('S8188226G', 'mean corpuscular volume', '99 fl', '2008-09-09')
insert into medical_test values ('S6138744F', 'arterial blood gas', '7.25 pH', '2009-03-06')
insert into medical_test values ('S7171157X', 'mean corpuscular volume', '85 fl', '2008-10-01')
insert into medical_test values ('S7163297W', 'MCHC', '33 g/dl', '2007-04-02')
insert into medical_test values ('S7195982X', 'arterial blood gas', ' 7.37 pH', '2009-06-05')
insert into medical_test values ('S7189551N', 'heart rate', '56', '2009-02-08')
insert into medical_test values ('S7180267D', 'MCHC', '35 g/dl', '2006-02-06')
insert into medical_test values ('S8179734S', 'mean corpuscular hemoglobin', '34 pg', '2008-02-09')
insert into medical_test values ('S6137904U', 'red cell distribution width', '14.5%', '2008-05-19')
insert into medical_test values ('S6191759M', 'arterial blood gas', '7.25 pH', '2009-06-04')
insert into medical_test values ('S7118889U', 'red cell distribution width', '11.9%', '2006-04-12')
insert into medical_test values ('S8216194K', 'MCHC', '33 g/dl', '2009-03-20')
insert into medical_test values ('S7239833C', 'arterial blood gas', '7.25 pH', '2008-07-06')
insert into medical_test values ('S7266114H', 'total iron binding capacity', '290 mcg/dl', '2008-10-06')
insert into medical_test values ('S8250763O', 'arterial blood gas', ' 7.41 pH', '2007-08-08')
insert into medical_test values ('S7272623O', 'mean corpuscular volume', '85 fl', '2009-07-03')
insert into medical_test values ('S7295511D', 'arterial blood gas', ' 7.41 pH', '2008-07-10')
insert into medical_test values ('S6264862V', 'heart rate', '51', '2007-08-09')
insert into medical_test values ('S8214535T', 'MCHC', '35 g/dl', '2008-01-19')
insert into medical_test values ('S8221415T', 'arterial blood gas', '7.25 pH', '2008-03-17')
insert into medical_test values ('S7222963R', 'total iron binding capacity', '400 mcg/dl', '2008-10-14')
insert into medical_test values ('S7247817Y', 'heart rate', '69', '2008-06-03')
insert into medical_test values ('S7221604D', 'heart rate', '69', '2008-07-19')
insert into medical_test values ('S7282601I', 'MCHC', '31 g/dl', '2007-03-10')
insert into medical_test values ('S8298153V', 'mean corpuscular volume', '99 fl', '2007-10-09')
insert into medical_test values ('S8288407C', 'red cell distribution width', '11.9%', '2008-11-04')
insert into medical_test values ('S8274666V', 'MCHC', '35 g/dl', '2008-07-17')
insert into medical_test values ('S6271838N', 'total iron binding capacity', '290 mcg/dl', '2008-11-12')
insert into medical_test values ('S8281351K', 'arterial blood gas', '7.25 pH', '2006-09-15')
insert into medical_test values ('S6217328D', 'arterial blood gas', '7.25 pH', '2008-08-16')
insert into medical_test values ('S8288231F', 'mean corpuscular hemoglobin', '29 pg', '2008-04-08')
insert into medical_test values ('S8249545W', 'total iron binding capacity', '400 mcg/dl', '2009-08-07')
insert into medical_test values ('S7282780C', 'arterial blood gas', '7.25 pH', '2009-07-04')
insert into medical_test values ('S7240835V', 'heart rate', '56', '2006-01-08')
insert into medical_test values ('S8247415J', 'arterial blood gas', ' 7.48 pH', '2007-11-13')
insert into medical_test values ('S7294207C', 'red cell distribution width', '11.5%', '2007-04-18')
insert into medical_test values ('S7295777K', 'heart rate', '63', '2008-08-16')
insert into medical_test values ('S7285360P', 'arterial blood gas', ' 7.41 pH', '2008-10-09')
insert into medical_test values ('S7274457Z', 'MCHC', '35 g/dl', '2006-03-17')
insert into medical_test values ('S7258437L', 'total iron binding capacity', '410 mcg/dl', '2006-07-15')
insert into medical_test values ('S7230255A', 'arterial blood gas', '7.25 pH', '2006-09-13')
insert into medical_test values ('S7238936P', 'mean corpuscular volume', '89 fl', '2007-02-05')
insert into medical_test values ('S6243849V', 'total iron binding capacity', '320 mcg/dl', '2006-04-10')
insert into medical_test values ('S8348105F', 'heart rate', '69', '2007-02-05')
insert into medical_test values ('S7317401Y', 'MCHC', '33 g/dl', '2006-09-02')
insert into medical_test values ('S8349644P', 'arterial blood gas', '7.25 pH', '2007-03-11')
insert into medical_test values ('S6375477Q', 'total iron binding capacity', '240 mcg/dl', '2007-09-10')
insert into medical_test values ('S8336253M', 'arterial blood gas', '7.25 pH', '2008-01-02')
insert into medical_test values ('S7361771G', 'mean corpuscular volume', '82 fl', '2007-09-05')
insert into medical_test values ('S8379412E', 'heart rate', '56', '2006-06-16')
insert into medical_test values ('S7324994L', 'mean corpuscular hemoglobin', '29 pg', '2007-04-12')
insert into medical_test values ('S7379896S', 'total iron binding capacity', '410 mcg/dl', '2008-01-12')
insert into medical_test values ('S6357862F', 'MCHC', '35 g/dl', '2007-04-15')
insert into medical_test values ('S8368619G', 'heart rate', '69', '2006-03-07')
insert into medical_test values ('S6312939K', 'total iron binding capacity', '410 mcg/dl', '2008-12-13')
insert into medical_test values ('S7332153N', 'mean corpuscular hemoglobin', '29 pg', '2007-04-02')
insert into medical_test values ('S6320248T', 'total iron binding capacity', '400 mcg/dl', '2009-04-20')
insert into medical_test values ('S7371894D', 'mean corpuscular volume', '89 fl', '2008-05-02')
insert into medical_test values ('S8342326Q', 'mean corpuscular hemoglobin', '29 pg', '2008-02-19')
insert into medical_test values ('S8310633S', 'heart rate', '71', '2007-05-18')
insert into medical_test values ('S8367171C', 'mean corpuscular hemoglobin', '29 pg', '2009-03-20')
insert into medical_test values ('S7373602T', 'heart rate', '71', '2007-12-03')
insert into medical_test values ('S8443268C', 'red cell distribution width', '13.6%', '2007-12-18')
insert into medical_test values ('S6456314P', 'total iron binding capacity', '400 mcg/dl', '2007-04-05')
insert into medical_test values ('S7425592E', 'arterial blood gas', ' 7.41 pH', '2008-11-16')
insert into medical_test values ('S8425758I', 'mean corpuscular hemoglobin', '29 pg', '2009-04-03')
insert into medical_test values ('S6421532V', 'MCHC', '37 g/dl', '2007-03-16')
insert into medical_test values ('S8458523H', 'total iron binding capacity', '290 mcg/dl', '2008-04-06')
insert into medical_test values ('S7411581K', 'total iron binding capacity', '400 mcg/dl', '2008-06-18')
insert into medical_test values ('S7489185S', 'heart rate', '63', '2009-06-05')
insert into medical_test values ('S6450563P', 'total iron binding capacity', '240 mcg/dl', '2006-10-10')
insert into medical_test values ('S7411390P', 'total iron binding capacity', '290 mcg/dl', '2007-04-09')
insert into medical_test values ('S7438497C', 'total iron binding capacity', '400 mcg/dl', '2008-04-19')
insert into medical_test values ('S8497138P', 'mean corpuscular hemoglobin', '26 pg', '2007-02-14')
insert into medical_test values ('S7418166O', 'mean corpuscular volume', '89 fl', '2007-05-01')
insert into medical_test values ('S6437581Y', 'mean corpuscular hemoglobin', '34 pg', '2009-03-17')
insert into medical_test values ('S7419644Q', 'total iron binding capacity', '290 mcg/dl', '2007-02-13')
insert into medical_test values ('S8435240O', 'heart rate', '51', '2009-04-03')
insert into medical_test values ('S7570667B', 'mean corpuscular hemoglobin', '26 pg', '2007-06-03')
insert into medical_test values ('S7551588F', 'total iron binding capacity', '240 mcg/dl', '2007-05-10')
insert into medical_test values ('S7572327H', 'mean corpuscular hemoglobin', '29 pg', '2007-02-16')
insert into medical_test values ('S8574938M', 'red cell distribution width', '11.5%', '2006-08-16')
insert into medical_test values ('S7551347S', 'heart rate', '69', '2007-09-04')
insert into medical_test values ('S6516357V', 'total iron binding capacity', '240 mcg/dl', '2007-12-19')
insert into medical_test values ('S7553175G', 'mean corpuscular hemoglobin', '31 pg', '2009-04-01')
insert into medical_test values ('S7560551R', 'mean corpuscular volume', '85 fl', '2006-09-19')
insert into medical_test values ('S8574638X', 'heart rate', '69', '2006-05-12')
insert into medical_test values ('S8554846K', 'mean corpuscular volume', '99 fl', '2007-09-15')
insert into medical_test values ('S7567359S', 'mean corpuscular volume', '85 fl', '2009-02-13')
insert into medical_test values ('S7556818T', 'mean corpuscular hemoglobin', '26 pg', '2009-02-17')
insert into medical_test values ('S6567620J', 'mean corpuscular hemoglobin', '31 pg', '2009-02-11')
insert into medical_test values ('S7583889O', 'total iron binding capacity', '290 mcg/dl', '2007-05-10')
insert into medical_test values ('S7519334A', 'total iron binding capacity', '320 mcg/dl', '2008-02-07')
insert into medical_test values ('S6572776N', 'MCHC', '35 g/dl', '2007-07-12')
insert into medical_test values ('S7546913Q', 'MCHC', '33 g/dl', '2008-04-11')
insert into medical_test values ('S7532173Q', 'mean corpuscular hemoglobin', '26 pg', '2009-08-16')
insert into medical_test values ('S6550989M', 'mean corpuscular volume', '82 fl', '2009-07-04')
insert into medical_test values ('S7571837V', 'arterial blood gas', ' 7.37 pH', '2007-08-16')
insert into medical_test values ('S7512999Y', 'arterial blood gas', '7.13 pH', '2008-02-11')
insert into medical_test values ('S8538193I', 'MCHC', '35 g/dl', '2007-09-09')
insert into medical_test values ('S8612707S', 'mean corpuscular volume', '89 fl', '2009-07-13')
insert into medical_test values ('S8684993G', 'heart rate', '63', '2007-10-06')
insert into medical_test values ('S7680197M', 'mean corpuscular hemoglobin', '31 pg', '2008-09-03')
insert into medical_test values ('S7687312H', 'heart rate', '63', '2008-06-15')
insert into medical_test values ('S6660623I', 'mean corpuscular hemoglobin', '26 pg', '2006-06-08')
insert into medical_test values ('S8629269G', 'heart rate', '56', '2006-04-16')
insert into medical_test values ('S7612103K', 'mean corpuscular volume', '82 fl', '2007-02-08')
insert into medical_test values ('S7691378I', 'MCHC', '37 g/dl', '2008-03-05')
insert into medical_test values ('S7636847K', 'mean corpuscular hemoglobin', '34 pg', '2008-05-19')
insert into medical_test values ('S7666944X', 'total iron binding capacity', '410 mcg/dl', '2008-03-04')
insert into medical_test values ('S7618137P', 'arterial blood gas', '7.25 pH', '2009-05-13')
insert into medical_test values ('S8676589W', 'heart rate', '69', '2006-07-19')
insert into medical_test values ('S8687187I', 'MCHC', '37 g/dl', '2006-02-08')
insert into medical_test values ('S7647622E', 'red cell distribution width', '11.9%', '2008-02-19')
insert into medical_test values ('S7636200J', 'total iron binding capacity', '410 mcg/dl', '2008-12-10')
insert into medical_test values ('S6650749S', 'arterial blood gas', ' 7.48 pH', '2008-05-09')
insert into medical_test values ('S6648445M', 'heart rate', '69', '2007-09-08')
insert into medical_test values ('S7672862D', 'mean corpuscular hemoglobin', '31 pg', '2006-03-17')
insert into medical_test values ('S6665107Z', 'MCHC', '37 g/dl', '2008-04-07')
insert into medical_test values ('S6652817Y', 'mean corpuscular hemoglobin', '29 pg', '2008-12-16')
insert into medical_test values ('S7639431U', 'total iron binding capacity', '410 mcg/dl', '2006-09-16')
insert into medical_test values ('S7631906K', 'total iron binding capacity', '320 mcg/dl', '2008-06-10')
insert into medical_test values ('S7656376J', 'total iron binding capacity', '320 mcg/dl', '2009-02-12')
insert into medical_test values ('S7619280N', 'red cell distribution width', '11.5%', '2006-09-13')
insert into medical_test values ('S8660744W', 'heart rate', '63', '2009-02-02')
insert into medical_test values ('S7639502T', 'MCHC', '35 g/dl', '2007-04-12')
insert into medical_test values ('S8492824P', 'swine influenza', 'positive', '2009-07-19')
insert into medical_test values ('S7370922I', 'swine influenza', 'positive', '2009-07-09')
insert into medical_test values ('S7413819W', 'swine influenza', 'positive', '2009-07-08')
insert into medical_test values ('S8454610O', 'swine influenza', 'positive', '2009-07-08')
insert into medical_test values ('S7622816I', 'swine influenza', 'positive', '2009-07-23')
insert into medical_test values ('S7637329I', 'swine influenza', 'positive', '2009-07-05')
insert into medical_test values ('S8617137Z', 'swine influenza', 'positive', '2009-07-04')
insert into medical_test values ('S6386993K', 'swine influenza', 'positive', '2009-07-25')

CREATE TABLE allergy(patient_id varchar(30), allergy_name text)
insert into allergy values ('S8284186E', 'Androgens')
insert into allergy values ('S8285084H', 'Vancomcyn')
insert into allergy values ('S7177880B', 'Benzyl Alcohol')
insert into allergy values ('S7138722B', 'Vancomcyn')
insert into allergy values ('S6148824M', 'Celecoxib')
insert into allergy values ('S8187643T', 'Androgens')
insert into allergy values ('S7171753Z', 'Vancomcyn')
insert into allergy values ('S6122982N', 'Androgens')
insert into allergy values ('S7145609I', 'Celecoxib')
insert into allergy values ('S8167571C', 'Androgens')
insert into allergy values ('S6112171U', 'Vancomcyn')
insert into allergy values ('S8198765N', 'Benzyl Alcohol')
insert into allergy values ('S7194736O', 'Albumin')
insert into allergy values ('S6137306F', 'Celecoxib')
insert into allergy values ('S8188226G', 'Benzyl Alcohol')
insert into allergy values ('S6138744F', 'Vancomcyn')
insert into allergy values ('S7195982X', 'Alumnium')
insert into allergy values ('S7180267D', 'Albumin')
insert into allergy values ('S6191759M', 'Alumnium')
insert into allergy values ('S7118889U', 'Androgens')
insert into allergy values ('S8216194K', 'Alumnium')
insert into allergy values ('S7266114H', 'Alumnium')
insert into allergy values ('S7295511D', 'Vancomcyn')
insert into allergy values ('S6264862V', 'Alumnium')
insert into allergy values ('S8214535T', 'Vancomcyn')
insert into allergy values ('S8221415T', 'Albumin')
insert into allergy values ('S7222963R', 'Benzyl Alcohol')
insert into allergy values ('S7221604D', 'Vancomcyn')
insert into allergy values ('S7282601I', 'Celecoxib')
insert into allergy values ('S8298153V', 'Alumnium')
insert into allergy values ('S8288407C', 'Vancomcyn')
insert into allergy values ('S8274666V', 'Benzyl Alcohol')
insert into allergy values ('S6271838N', 'Androgens')
insert into allergy values ('S8281351K', 'Alumnium')
insert into allergy values ('S8288231F', 'Albumin')
insert into allergy values ('S8249545W', 'Vancomcyn')
insert into allergy values ('S7282780C', 'Alumnium')
insert into allergy values ('S7240835V', 'Alumnium')
insert into allergy values ('S7295777K', 'Vancomcyn')
insert into allergy values ('S7274457Z', 'Benzyl Alcohol')
insert into allergy values ('S7230255A', 'Vancomcyn')
insert into allergy values ('S7238936P', 'Benzyl Alcohol')
insert into allergy values ('S6243849V', 'Albumin')
insert into allergy values ('S7317401Y', 'Benzyl Alcohol')
insert into allergy values ('S6375477Q', 'Albumin')
insert into allergy values ('S8336253M', 'Celecoxib')
insert into allergy values ('S7361771G', 'Celecoxib')
insert into allergy values ('S7324994L', 'Albumin')
insert into allergy values ('S7379896S', 'Celecoxib')
insert into allergy values ('S8368619G', 'Androgens')
insert into allergy values ('S6312939K', 'Androgens')
insert into allergy values ('S7332153N', 'Alumnium')
insert into allergy values ('S6320248T', 'Alumnium')
insert into allergy values ('S7371894D', 'Alumnium')
insert into allergy values ('S8367171C', 'Celecoxib')
insert into allergy values ('S7373602T', 'Androgens')
insert into allergy values ('S8443268C', 'Alumnium')
insert into allergy values ('S6456314P', 'Alumnium')
insert into allergy values ('S7425592E', 'Albumin')
insert into allergy values ('S7489185S', 'Celecoxib')
insert into allergy values ('S6450563P', 'Albumin')
insert into allergy values ('S7411390P', 'Vancomcyn')
insert into allergy values ('S7438497C', 'Alumnium')
insert into allergy values ('S8497138P', 'Celecoxib')
insert into allergy values ('S7418166O', 'Vancomcyn')
insert into allergy values ('S7419644Q', 'Alumnium')
insert into allergy values ('S8435240O', 'Albumin')
insert into allergy values ('S7551588F', 'Alumnium')
insert into allergy values ('S7572327H', 'Vancomcyn')
insert into allergy values ('S8574938M', 'Vancomcyn')
insert into allergy values ('S7551347S', 'Vancomcyn')
insert into allergy values ('S7553175G', 'Benzyl Alcohol')
insert into allergy values ('S7560551R', 'Benzyl Alcohol')
insert into allergy values ('S8574638X', 'Alumnium')
insert into allergy values ('S8554846K', 'Celecoxib')
insert into allergy values ('S7556818T', 'Celecoxib')
insert into allergy values ('S6567620J', 'Albumin')
insert into allergy values ('S7583889O', 'Benzyl Alcohol')
insert into allergy values ('S7519334A', 'Vancomcyn')
insert into allergy values ('S7532173Q', 'Albumin')
insert into allergy values ('S7571837V', 'Albumin')
insert into allergy values ('S7512999Y', 'Celecoxib')
insert into allergy values ('S8538193I', 'Vancomcyn')
insert into allergy values ('S8612707S', 'Albumin')
insert into allergy values ('S8684993G', 'Alumnium')
insert into allergy values ('S7680197M', 'Vancomcyn')
insert into allergy values ('S7687312H', 'Alumnium')
insert into allergy values ('S6660623I', 'Albumin')
insert into allergy values ('S8629269G', 'Androgens')
insert into allergy values ('S7691378I', 'Albumin')
insert into allergy values ('S7636847K', 'Albumin')
insert into allergy values ('S7666944X', 'Alumnium')
insert into allergy values ('S8676589W', 'Benzyl Alcohol')
insert into allergy values ('S8687187I', 'Androgens')
insert into allergy values ('S7647622E', 'Vancomcyn')
insert into allergy values ('S6650749S', 'Celecoxib')
insert into allergy values ('S6648445M', 'Androgens')
insert into allergy values ('S6665107Z', 'Benzyl Alcohol')
insert into allergy values ('S6652817Y', 'Albumin')
insert into allergy values ('S7639431U', 'Celecoxib')
insert into allergy values ('S7656376J', 'Celecoxib')
insert into allergy values ('S7639502T', 'Albumin')

CREATE TABLE medication(patient_id varchar(30), medicine text, dosage text, start_date text, end_date text)
insert into medication values ('S8284186E', 'Amiodarone 20mg', 'once a day, 1 tablet by mouth', '2008-02-14', '2008-02-19')
insert into medication values ('S8285084H', 'Ceftriaxone 1g', 'once a day, 1 injectable solution intravenously', '2008-07-07', '2008-07-13')
insert into medication values ('S7177880B', 'Lactulose 10mg', 'two times a day, 5ml by mouth', '2008-10-04', '2008-10-12')
insert into medication values ('S7138722B', 'Azythromycine 500mg', 'once a day, 1 injectable solution intravenously', '2008-06-07', '2008-06-13')
insert into medication values ('S6148824M', 'Amiodarone 20mg', 'once a day, 1 tablet by mouth', '2006-09-14', '2006-09-19')
insert into medication values ('S7118261I', 'Amiodarone 20mg', 'once a day, 1 tablet by mouth', '2006-10-15', '2006-10-20')
insert into medication values ('S8187643T', 'Ibufprofen 400mg', 'three times a day', '2009-02-11', '2009-02-18')
insert into medication values ('S7137927N', 'Azythromycine 500mg', 'once a day, 1 injectable solution intravenously', '2008-09-13', '2008-09-20')
insert into medication values ('S7171753Z', 'Lactulose 10mg', 'two times a day, 5ml by mouth', '2009-07-20', '2009-07-25')
insert into medication values ('S6122982N', 'Simvastatin 40mg', 'once a day, at night', '2008-03-05', '2008-03-10')
insert into medication values ('S7145609I', 'Lactulose 10mg', 'two times a day, 5ml by mouth', '2009-06-14', '2009-06-21')
insert into medication values ('S8167571C', 'Lipitor 20mg', 'once a day, at night', '2009-04-16', '2009-04-22')
insert into medication values ('S7187692Z', 'Ibufprofen 400mg', 'three times a day', '2007-07-05', '2007-07-12')
insert into medication values ('S6112171U', 'Amiodarone 20mg', 'once a day, 1 tablet by mouth', '2007-04-18', '2007-04-25')
insert into medication values ('S8198765N', 'Azythromycine 500mg', 'once a day, 1 injectable solution intravenously', '2006-01-02', '2006-01-08')
insert into medication values ('S7194736O', 'Simvastatin 40mg', 'once a day, at night', '2007-08-20', '2007-08-24')
insert into medication values ('S6137306F', 'Lactulose 10mg', 'two times a day, 5ml by mouth', '2007-08-01', '2007-08-06')
insert into medication values ('S8188226G', 'Simvastatin 40mg', 'once a day, at night', '2008-09-09', '2008-09-17')
insert into medication values ('S6138744F', 'Simvastatin 40mg', 'once a day, at night', '2009-03-06', '2009-03-11')
insert into medication values ('S7171157X', 'Azythromycine 500mg', 'once a day, 1 injectable solution intravenously', '2008-10-01', '2008-10-08')
insert into medication values ('S7163297W', 'Lactulose 10mg', 'two times a day, 5ml by mouth', '2007-04-02', '2007-04-09')
insert into medication values ('S7195982X', 'Ceftin 500mg', 'three times a day, 1 tablet by mouth', '2009-06-05', '2009-06-13')
insert into medication values ('S7189551N', 'Lipitor 20mg', 'once a day, at night', '2009-02-08', '2009-02-15')
insert into medication values ('S7180267D', 'Simvastatin 40mg', 'once a day, at night', '2006-02-06', '2006-02-12')
insert into medication values ('S8179734S', 'Ceftin 500mg', 'three times a day, 1 tablet by mouth', '2008-02-09', '2008-02-14')
insert into medication values ('S6137904U', 'Azythromycine 500mg', 'once a day, 1 injectable solution intravenously', '2008-05-19', '2008-05-25')
insert into medication values ('S6191759M', 'Azythromycine 500mg', 'once a day, 1 injectable solution intravenously', '2009-06-04', '2009-06-09')
insert into medication values ('S7118889U', 'Azythromycine 500mg', 'once a day, 1 injectable solution intravenously', '2006-04-12', '2006-04-19')
insert into medication values ('S8216194K', 'Ceftriaxone 1g', 'once a day, 1 injectable solution intravenously', '2009-03-20', '2009-03-25')
insert into medication values ('S7239833C', 'Lactulose 10mg', 'two times a day, 5ml by mouth', '2008-07-06', '2008-07-11')
insert into medication values ('S7266114H', 'Lipitor 20mg', 'once a day, at night', '2008-10-06', '2008-10-10')
insert into medication values ('S8250763O', 'Lactulose 10mg', 'two times a day, 5ml by mouth', '2007-08-08', '2007-08-16')
insert into medication values ('S7272623O', 'Azythromycine 500mg', 'once a day, 1 injectable solution intravenously', '2009-07-03', '2009-07-11')
insert into medication values ('S7295511D', 'Lactulose 10mg', 'two times a day, 5ml by mouth', '2008-07-10', '2008-07-17')
insert into medication values ('S6264862V', 'Ibufprofen 400mg', 'three times a day', '2007-08-09', '2007-08-15')
insert into medication values ('S8214535T', 'Ceftin 500mg', 'three times a day, 1 tablet by mouth', '2008-01-19', '2008-01-23')
insert into medication values ('S8221415T', 'Simvastatin 40mg', 'once a day, at night', '2008-03-17', '2008-03-24')
insert into medication values ('S7222963R', 'Amiodarone 20mg', 'once a day, 1 tablet by mouth', '2008-10-14', '2008-10-18')
insert into medication values ('S7247817Y', 'Ceftin 500mg', 'three times a day, 1 tablet by mouth', '2008-06-03', '2008-06-09')
insert into medication values ('S7221604D', 'Azythromycine 500mg', 'once a day, 1 injectable solution intravenously', '2008-07-19', '2008-07-26')
insert into medication values ('S7282601I', 'Ceftriaxone 1g', 'once a day, 1 injectable solution intravenously', '2007-03-10', '2007-03-14')
insert into medication values ('S8298153V', 'Simvastatin 40mg', 'once a day, at night', '2007-10-09', '2007-10-15')
insert into medication values ('S8288407C', 'Ceftin 500mg', 'three times a day, 1 tablet by mouth', '2008-11-04', '2008-11-11')
insert into medication values ('S8274666V', 'Lactulose 10mg', 'two times a day, 5ml by mouth', '2008-07-17', '2008-07-24')
insert into medication values ('S6271838N', 'Amiodarone 20mg', 'once a day, 1 tablet by mouth', '2008-11-12', '2008-11-17')
insert into medication values ('S8281351K', 'Lactulose 10mg', 'two times a day, 5ml by mouth', '2006-09-15', '2006-09-22')
insert into medication values ('S6217328D', 'Ibufprofen 400mg', 'three times a day', '2008-08-16', '2008-08-24')
insert into medication values ('S8288231F', 'Lactulose 10mg', 'two times a day, 5ml by mouth', '2008-04-08', '2008-04-16')
insert into medication values ('S8249545W', 'Ceftin 500mg', 'three times a day, 1 tablet by mouth', '2009-08-07', '2009-08-11')
insert into medication values ('S7282780C', 'Azythromycine 500mg', 'once a day, 1 injectable solution intravenously', '2009-07-04', '2009-07-11')
insert into medication values ('S7240835V', 'Ceftin 500mg', 'three times a day, 1 tablet by mouth', '2006-01-08', '2006-01-15')
insert into medication values ('S8247415J', 'Lactulose 10mg', 'two times a day, 5ml by mouth', '2007-11-13', '2007-11-19')
insert into medication values ('S7294207C', 'Azythromycine 500mg', 'once a day, 1 injectable solution intravenously', '2007-04-18', '2007-04-25')
insert into medication values ('S7295777K', 'Amiodarone 20mg', 'once a day, 1 tablet by mouth', '2008-08-16', '2008-08-22')
insert into medication values ('S7285360P', 'Simvastatin 40mg', 'once a day, at night', '2008-10-09', '2008-10-16')
insert into medication values ('S7274457Z', 'Ceftin 500mg', 'three times a day, 1 tablet by mouth', '2006-03-17', '2006-03-25')
insert into medication values ('S7258437L', 'Azythromycine 500mg', 'once a day, 1 injectable solution intravenously', '2006-07-15', '2006-07-21')
insert into medication values ('S7230255A', 'Ceftin 500mg', 'three times a day, 1 tablet by mouth', '2006-09-13', '2006-09-20')
insert into medication values ('S7238936P', 'Simvastatin 40mg', 'once a day, at night', '2007-02-05', '2007-02-10')
insert into medication values ('S6243849V', 'Lipitor 20mg', 'once a day, at night', '2006-04-10', '2006-04-17')
insert into medication values ('S8348105F', 'Simvastatin 40mg', 'once a day, at night', '2007-02-05', '2007-02-11')
insert into medication values ('S7317401Y', 'Lactulose 10mg', 'two times a day, 5ml by mouth', '2006-09-02', '2006-09-10')
insert into medication values ('S8349644P', 'Simvastatin 40mg', 'once a day, at night', '2007-03-11', '2007-03-17')
insert into medication values ('S6375477Q', 'Amiodarone 20mg', 'once a day, 1 tablet by mouth', '2007-09-10', '2007-09-15')
insert into medication values ('S8336253M', 'Lactulose 10mg', 'two times a day, 5ml by mouth', '2008-01-02', '2008-01-07')
insert into medication values ('S7361771G', 'Lactulose 10mg', 'two times a day, 5ml by mouth', '2007-09-05', '2007-09-10')
insert into medication values ('S8379412E', 'Lactulose 10mg', 'two times a day, 5ml by mouth', '2006-06-16', '2006-06-22')
insert into medication values ('S7324994L', 'Amiodarone 20mg', 'once a day, 1 tablet by mouth', '2007-04-12', '2007-04-18')
insert into medication values ('S7379896S', 'Ceftriaxone 1g', 'once a day, 1 injectable solution intravenously', '2008-01-12', '2008-01-19')
insert into medication values ('S6357862F', 'Ceftin 500mg', 'three times a day, 1 tablet by mouth', '2007-04-15', '2007-04-19')
insert into medication values ('S8368619G', 'Lactulose 10mg', 'two times a day, 5ml by mouth', '2006-03-07', '2006-03-14')
insert into medication values ('S6312939K', 'Lipitor 20mg', 'once a day, at night', '2008-12-13', '2008-12-18')
insert into medication values ('S7332153N', 'Amiodarone 20mg', 'once a day, 1 tablet by mouth', '2007-04-02', '2007-04-06')
insert into medication values ('S6320248T', 'Lactulose 10mg', 'two times a day, 5ml by mouth', '2009-04-20', '2009-04-27')
insert into medication values ('S7371894D', 'Ibufprofen 400mg', 'three times a day', '2008-05-02', '2008-05-10')
insert into medication values ('S8342326Q', 'Simvastatin 40mg', 'once a day, at night', '2008-02-19', '2008-02-25')
insert into medication values ('S8310633S', 'Ceftriaxone 1g', 'once a day, 1 injectable solution intravenously', '2007-05-18', '2007-05-25')
insert into medication values ('S8367171C', 'Simvastatin 40mg', 'once a day, at night', '2009-03-20', '2009-03-24')
insert into medication values ('S7373602T', 'Amiodarone 20mg', 'once a day, 1 tablet by mouth', '2007-12-03', '2007-12-07')
insert into medication values ('S8443268C', 'Ceftin 500mg', 'three times a day, 1 tablet by mouth', '2007-12-18', '2007-12-24')
insert into medication values ('S6456314P', 'Simvastatin 40mg', 'once a day, at night', '2007-04-05', '2007-04-10')
insert into medication values ('S7425592E', 'Amiodarone 20mg', 'once a day, 1 tablet by mouth', '2008-11-16', '2008-11-23')
insert into medication values ('S8425758I', 'Ceftin 500mg', 'three times a day, 1 tablet by mouth', '2009-04-03', '2009-04-10')
insert into medication values ('S6421532V', 'Lactulose 10mg', 'two times a day, 5ml by mouth', '2007-03-16', '2007-03-23')
insert into medication values ('S8458523H', 'Amiodarone 20mg', 'once a day, 1 tablet by mouth', '2008-04-06', '2008-04-13')
insert into medication values ('S7411581K', 'Lipitor 20mg', 'once a day, at night', '2008-06-18', '2008-06-23')
insert into medication values ('S7489185S', 'Ceftin 500mg', 'three times a day, 1 tablet by mouth', '2009-06-05', '2009-06-09')
insert into medication values ('S6450563P', 'Azythromycine 500mg', 'once a day, 1 injectable solution intravenously', '2006-10-10', '2006-10-15')
insert into medication values ('S7411390P', 'Ibufprofen 400mg', 'three times a day', '2007-04-09', '2007-04-15')
insert into medication values ('S7438497C', 'Lipitor 20mg', 'once a day, at night', '2008-04-19', '2008-04-27')
insert into medication values ('S8497138P', 'Simvastatin 40mg', 'once a day, at night', '2007-02-14', '2007-02-19')
insert into medication values ('S7418166O', 'Lipitor 20mg', 'once a day, at night', '2007-05-01', '2007-05-06')
insert into medication values ('S6437581Y', 'Azythromycine 500mg', 'once a day, 1 injectable solution intravenously', '2009-03-17', '2009-03-24')
insert into medication values ('S7419644Q', 'Azythromycine 500mg', 'once a day, 1 injectable solution intravenously', '2007-02-13', '2007-02-19')
insert into medication values ('S8435240O', 'Ceftin 500mg', 'three times a day, 1 tablet by mouth', '2009-04-03', '2009-04-08')
insert into medication values ('S7570667B', 'Simvastatin 40mg', 'once a day, at night', '2007-06-03', '2007-06-09')
insert into medication values ('S7551588F', 'Ceftin 500mg', 'three times a day, 1 tablet by mouth', '2007-05-10', '2007-05-18')
insert into medication values ('S7572327H', 'Ceftin 500mg', 'three times a day, 1 tablet by mouth', '2007-02-16', '2007-02-22')
insert into medication values ('S8574938M', 'Ceftin 500mg', 'three times a day, 1 tablet by mouth', '2006-08-16', '2006-08-21')
insert into medication values ('S7551347S', 'Ibufprofen 400mg', 'three times a day', '2007-09-04', '2007-09-10')
insert into medication values ('S6516357V', 'Lactulose 10mg', 'two times a day, 5ml by mouth', '2007-12-19', '2007-12-25')
insert into medication values ('S7553175G', 'Lactulose 10mg', 'two times a day, 5ml by mouth', '2009-04-01', '2009-04-07')
insert into medication values ('S7560551R', 'Simvastatin 40mg', 'once a day, at night', '2006-09-19', '2006-09-26')
insert into medication values ('S8574638X', 'Lactulose 10mg', 'two times a day, 5ml by mouth', '2006-05-12', '2006-05-20')
insert into medication values ('S8554846K', 'Lactulose 10mg', 'two times a day, 5ml by mouth', '2007-09-15', '2007-09-21')
insert into medication values ('S7567359S', 'Ceftin 500mg', 'three times a day, 1 tablet by mouth', '2009-02-13', '2009-02-18')
insert into medication values ('S7556818T', 'Ceftin 500mg', 'three times a day, 1 tablet by mouth', '2009-02-17', '2009-02-22')
insert into medication values ('S6567620J', 'Simvastatin 40mg', 'once a day, at night', '2009-02-11', '2009-02-18')
insert into medication values ('S7583889O', 'Amiodarone 20mg', 'once a day, 1 tablet by mouth', '2007-05-10', '2007-05-17')
insert into medication values ('S7519334A', 'Amiodarone 20mg', 'once a day, 1 tablet by mouth', '2008-02-07', '2008-02-13')
insert into medication values ('S6572776N', 'Simvastatin 40mg', 'once a day, at night', '2007-07-12', '2007-07-18')
insert into medication values ('S7546913Q', 'Ceftriaxone 1g', 'once a day, 1 injectable solution intravenously', '2008-04-11', '2008-04-18')
insert into medication values ('S7532173Q', 'Azythromycine 500mg', 'once a day, 1 injectable solution intravenously', '2009-08-16', '2009-08-21')
insert into medication values ('S6550989M', 'Lactulose 10mg', 'two times a day, 5ml by mouth', '2009-07-04', '2009-07-10')
insert into medication values ('S7571837V', 'Lactulose 10mg', 'two times a day, 5ml by mouth', '2007-08-16', '2007-08-24')
insert into medication values ('S7512999Y', 'Lipitor 20mg', 'once a day, at night', '2008-02-11', '2008-02-16')
insert into medication values ('S8538193I', 'Lactulose 10mg', 'two times a day, 5ml by mouth', '2007-09-09', '2007-09-16')
insert into medication values ('S8612707S', 'Amiodarone 20mg', 'once a day, 1 tablet by mouth', '2009-07-13', '2009-07-20')
insert into medication values ('S8684993G', 'Simvastatin 40mg', 'once a day, at night', '2007-10-06', '2007-10-14')
insert into medication values ('S7680197M', 'Ceftriaxone 1g', 'once a day, 1 injectable solution intravenously', '2008-09-03', '2008-09-08')
insert into medication values ('S7687312H', 'Lipitor 20mg', 'once a day, at night', '2008-06-15', '2008-06-22')
insert into medication values ('S6660623I', 'Azythromycine 500mg', 'once a day, 1 injectable solution intravenously', '2006-06-08', '2006-06-13')
insert into medication values ('S8629269G', 'Lactulose 10mg', 'two times a day, 5ml by mouth', '2006-04-16', '2006-04-20')
insert into medication values ('S7612103K', 'Azythromycine 500mg', 'once a day, 1 injectable solution intravenously', '2007-02-08', '2007-02-13')
insert into medication values ('S7691378I', 'Ibufprofen 400mg', 'three times a day', '2008-03-05', '2008-03-11')
insert into medication values ('S7636847K', 'Amiodarone 20mg', 'once a day, 1 tablet by mouth', '2008-05-19', '2008-05-26')
insert into medication values ('S7666944X', 'Ibufprofen 400mg', 'three times a day', '2008-03-04', '2008-03-10')
insert into medication values ('S7618137P', 'Ibufprofen 400mg', 'three times a day', '2009-05-13', '2009-05-21')
insert into medication values ('S8676589W', 'Ibufprofen 400mg', 'three times a day', '2006-07-19', '2006-07-24')
insert into medication values ('S8687187I', 'Lactulose 10mg', 'two times a day, 5ml by mouth', '2006-02-08', '2006-02-13')
insert into medication values ('S7647622E', 'Ceftin 500mg', 'three times a day, 1 tablet by mouth', '2008-02-19', '2008-02-24')
insert into medication values ('S7636200J', 'Ceftin 500mg', 'three times a day, 1 tablet by mouth', '2008-12-10', '2008-12-15')
insert into medication values ('S6650749S', 'Amiodarone 20mg', 'once a day, 1 tablet by mouth', '2008-05-09', '2008-05-14')
insert into medication values ('S6648445M', 'Lactulose 10mg', 'two times a day, 5ml by mouth', '2007-09-08', '2007-09-15')
insert into medication values ('S7672862D', 'Ceftin 500mg', 'three times a day, 1 tablet by mouth', '2006-03-17', '2006-03-21')
insert into medication values ('S6665107Z', 'Ceftin 500mg', 'three times a day, 1 tablet by mouth', '2008-04-07', '2008-04-12')
insert into medication values ('S6652817Y', 'Ceftriaxone 1g', 'once a day, 1 injectable solution intravenously', '2008-12-16', '2008-12-23')
insert into medication values ('S7639431U', 'Azythromycine 500mg', 'once a day, 1 injectable solution intravenously', '2006-09-16', '2006-09-22')
insert into medication values ('S7631906K', 'Ceftriaxone 1g', 'once a day, 1 injectable solution intravenously', '2008-06-10', '2008-06-16')
insert into medication values ('S7656376J', 'Azythromycine 500mg', 'once a day, 1 injectable solution intravenously', '2009-02-12', '2009-02-17')
insert into medication values ('S7619280N', 'Simvastatin 40mg', 'once a day, at night', '2006-09-13', '2006-09-18')
insert into medication values ('S8660744W', 'Ibufprofen 400mg', 'three times a day', '2009-02-02', '2009-02-07')
insert into medication values ('S7639502T', 'Azythromycine 500mg', 'once a day, 1 injectable solution intravenously', '2007-04-12', '2007-04-20')
