drop database if exists localdb
create database if not exists localdb
use localdb

CREATE TABLE patient(patient_id varchar(30) NOT NULL, first_name text, last_name text, date_of_birth text, age integer, gender text, address text, nationality text, CONSTRAINT patient_pkey PRIMARY KEY (patient_id))
insert into patient values ('S7510962J', 'CHIT JOO', 'KOH', '1981-01-07', 28, 'male', 'Keppel', 'Singaporean')
insert into patient values ('S7570667B', 'KIAN HAU', 'KONG', '1984-04-25', 25, 'male', 'Changi', 'Singaporean')
insert into patient values ('S6513729G', 'YUNG YUNG', 'WU', '1970-04-02', 39, 'female', 'Keppel', 'Singaporean')
insert into patient values ('S7562387U', 'CHUN KEONG', 'GAN', '1985-09-19', 24, 'male', 'Dover', 'Singaporean')
insert into patient values ('S7566760Q', 'CHUNG TAT', 'LOH', '1972-02-06', 37, 'male', 'Punggol', 'Singaporean')
insert into patient values ('S7574254P', 'CHEE HUI', 'LIM', '1985-02-18', 24, 'female', 'Keppel', 'Singaporean')
insert into patient values ('S6561696K', 'YOU SING ROMELL', 'SONG', '1988-03-17', 21, 'female', 'Chinatown', 'Singaporean')
insert into patient values ('S6548786W', 'TIAN WEE', 'YAP', '1976-03-19', 33, 'male', 'Bedok', 'Singaporean')
insert into patient values ('S7551588F', 'HOOI YING', 'TAN', '1974-05-05', 35, 'male', 'Bedok', 'Singaporean')
insert into patient values ('S8525835X', 'LI CHING LINDA', 'AW', '1977-05-20', 32, 'male', 'Keppel', 'Singaporean')
insert into patient values ('S7572371I', 'YASA JAYANTO', 'DHARMA', '1986-02-04', 23, 'male', 'Katong', 'Singaporean')
insert into patient values ('S7572327H', 'GANESH S/O JEYANATHAN', 'BALA', '1977-09-12', 32, 'male', 'Dover', 'Singaporean')
insert into patient values ('S8542330I', 'THIAM LOONG', 'YOW', '1972-08-18', 37, 'male', 'Punggol', 'Singaporean')
insert into patient values ('S8574938M', 'CHONG TECK', 'LIM', '1974-05-25', 35, 'female', 'Katong', 'Singaporean')
insert into patient values ('S7526798P', 'KIM HUAY', 'NG', '1984-04-03', 25, 'male', 'Keppel', 'Singaporean')
insert into patient values ('S8559817D', 'CHEE SING', 'WONG', '1978-10-26', 31, 'male', 'Punggol', 'Singaporean')
insert into patient values ('S7523401Z', 'CHEW CHIAT', 'NG', '1971-04-06', 38, 'female', 'Chinatown', 'Singaporean')
insert into patient values ('S6539302G', 'KWEE GUAN', 'TAY', '1987-10-22', 22, 'female', 'Bedok', 'Singaporean')
insert into patient values ('S6548531L', 'CHIEN HOW', 'YAP', '1975-07-02', 34, 'male', 'Toa Payo', 'Singaporean')
insert into patient values ('S7574821D', 'WEE LIANG', 'LIM', '1974-03-12', 35, 'female', 'Dover', 'Singaporean')
insert into patient values ('S7572552J', 'WEI YONG', 'SOH', '1988-09-09', 21, 'female', 'Toa Payo', 'Singaporean')
insert into patient values ('S8517905Q', 'CHEE KIONG WINSTON', 'YEOH', '1982-02-03', 27, 'male', 'Changi', 'Singaporean')
insert into patient values ('S8594828I', 'YUAN YUAN', 'TAN', '1974-09-21', 35, 'male', 'Changi', 'Singaporean')
insert into patient values ('S7567677W', 'SIM POR', 'GOH', '1969-12-06', 40, 'female', 'Keppel', 'Singaporean')
insert into patient values ('S7551347S', 'PUAY KEONG', 'CHNG', '1971-09-14', 38, 'female', 'Chinatown', 'Singaporean')
insert into patient values ('S6516357V', 'PENG JEK', 'KOH', '1985-10-06', 24, 'female', 'Bedok', 'Singaporean')
insert into patient values ('S7553175G', 'JUNEY', 'FOO', '1977-11-03', 32, 'male', 'Changi', 'Singaporean')
insert into patient values ('S6565986C', 'LI PENG', 'TAN', '1977-05-23', 32, 'male', 'Dover', 'Singaporean')
insert into patient values ('S8580867K', 'OLARIKOVIT', 'NUTHAVIT', '1973-10-27', 36, 'female', 'Keppel', 'Singaporean')
insert into patient values ('S7564546R', 'PUI SHAN SELINA', 'CHAN', '1975-06-23', 34, 'female', 'Changi', 'Singaporean')
insert into patient values ('S7525136Q', 'WEI CHUN', 'CHAN', '1984-03-04', 25, 'female', 'Changi', 'Singaporean')
insert into patient values ('S8586420H', 'BIN ZAINAL', 'FAIZAL', '1971-06-06', 38, 'female', 'Katong', 'Singaporean')
insert into patient values ('S6560899L', 'CHUNJING', 'HAR', '1976-08-18', 33, 'female', 'Keppel', 'Singaporean')
insert into patient values ('S7560551R', 'BENG HWEE', 'TOH', '1987-04-21', 22, 'male', 'Chinatown', 'Singaporean')
insert into patient values ('S7537530R', 'MUI FONG', 'FUAN', '1974-07-22', 35, 'female', 'Toa Payo', 'Singaporean')
insert into patient values ('S7563478G', 'WILLIAM TANOTO', 'TAN', '1971-01-17', 38, 'male', 'Dover', 'Singaporean')
insert into patient values ('S8574638X', 'YONG KIANG', 'FOO', '1980-07-22', 29, 'female', 'Bedok', 'Singaporean')
insert into patient values ('S7515334O', 'HEIRIL BIN MOHAMED OSMAN', 'MOHAMMAD', '1977-05-07', 32, 'male', 'Chinatown', 'Singaporean')
insert into patient values ('S8525544B', 'NAZRUL AMIN BIN ABDUL MUTIN', 'MOHAMED', '1969-03-02', 40, 'male', 'Katong', 'Singaporean')
insert into patient values ('S8596577E', 'SUNG WAI', 'YEUNG', '1981-04-10', 28, 'male', 'Changi', 'Singaporean')
insert into patient values ('S6514776G', 'PUAT SIONG', 'TUA', '1975-07-03', 34, 'female', 'Changi', 'Singaporean')
insert into patient values ('S7516366K', 'CHIN CHYE', 'SIM', '1974-08-20', 35, 'female', 'Bedok', 'Singaporean')
insert into patient values ('S8554846K', 'FUNG LING', 'YAP', '1970-06-16', 39, 'female', 'Bedok', 'Singaporean')
insert into patient values ('S6524993E', 'ERIC BASUKI', 'MICHAEL', '1976-02-08', 33, 'female', 'Chinatown', 'Singaporean')
insert into patient values ('S8583120X', 'WEI YANG', 'CHUA', '1986-06-15', 23, 'female', 'Bedok', 'Singaporean')
insert into patient values ('S7567359S', 'KOK YONG', 'TAN', '1972-01-11', 37, 'female', 'Dover', 'Singaporean')
insert into patient values ('S8589864G', 'LEE HAN', 'HONG', '1980-11-23', 29, 'female', 'Keppel', 'Singaporean')
insert into patient values ('S8518627S', 'WEE SIONG', 'LAI', '1987-11-10', 22, 'female', 'Toa Payo', 'Singaporean')
insert into patient values ('S7583272J', 'WILKIE', 'TEH', '1969-07-18', 40, 'female', 'Changi', 'Singaporean')
insert into patient values ('S6591219J', 'TECK LEONG', 'FONG', '1983-08-16', 26, 'male', 'Toa Payo', 'Singaporean')
insert into patient values ('S8599653G', 'GEOK CHUAN', 'TOH', '1975-08-15', 34, 'female', 'Keppel', 'Singaporean')
insert into patient values ('S7556818T', 'FAZLI BIN AHMAD', 'MOHAMAD', '1976-06-02', 33, 'male', 'Changi', 'Singaporean')
insert into patient values ('S8520760L', 'BOON HWA BENJAMIN', 'CHOW', '1973-04-19', 36, 'male', 'Changi', 'Singaporean')
insert into patient values ('S7568997P', 'CHEOK FUN', 'PANG', '1982-04-06', 27, 'female', 'Dover', 'Singaporean')
insert into patient values ('S6567620J', 'SUE CHEK', 'LIM', '1970-06-06', 39, 'male', 'Changi', 'Singaporean')
insert into patient values ('S7569396C', 'E-HIAN', 'NG', '1973-08-18', 36, 'male', 'Changi', 'Singaporean')
insert into patient values ('S6530324Q', 'CHEE YIK', 'TOH', '1988-09-03', 21, 'female', 'Keppel', 'Singaporean')
insert into patient values ('S7583889O', 'CHEE LING', 'WONG', '1984-01-15', 25, 'female', 'Keppel', 'Singaporean')
insert into patient values ('S6561454Y', 'SHAN TOM', 'WONG', '1979-02-06', 30, 'male', 'Dover', 'Singaporean')
insert into patient values ('S6525375X', 'JUN', 'SUAH', '1973-02-14', 36, 'female', 'Toa Payo', 'Singaporean')
insert into patient values ('S7519334A', 'KIAN SIN', 'TEO', '1980-12-27', 29, 'female', 'Bedok', 'Singaporean')
insert into patient values ('S8547204H', 'CHEW CHIAT', 'NG', '1979-04-03', 30, 'female', 'Changi', 'Singaporean')
insert into patient values ('S7536403G', 'HUI LING', 'EU', '1985-06-27', 24, 'female', 'Punggol', 'Singaporean')
insert into patient values ('S6572776N', 'NIAN XING', 'KWEK', '1981-09-21', 28, 'male', 'Chinatown', 'Singaporean')
insert into patient values ('S8549895E', 'JIANFANG', 'CHEN', '1988-08-07', 21, 'male', 'Keppel', 'Singaporean')
insert into patient values ('S6553481Z', 'PUI YEE JOANNE', 'CHEONG', '1980-01-04', 29, 'male', 'Toa Payo', 'Singaporean')
insert into patient values ('S8552851F', 'LI WEN VALERIE', 'QUEK', '1980-07-10', 29, 'male', 'Changi', 'Singaporean')
insert into patient values ('S7578810C', 'HWEE SUAN', 'TAY', '1982-01-15', 27, 'male', 'Toa Payo', 'Singaporean')
insert into patient values ('S6581874Q', 'KHIM KWEE', 'LEE', '1974-06-27', 35, 'male', 'Toa Payo', 'Singaporean')
insert into patient values ('S7546913Q', 'YI JIAT', 'LEE', '1982-06-09', 27, 'female', 'Bedok', 'Singaporean')
insert into patient values ('S6552657D', 'KUSUMA', 'SURYA', '1986-09-16', 23, 'male', 'Bedok', 'Singaporean')
insert into patient values ('S7532173Q', 'WEI YONG', 'HO', '1979-02-07', 30, 'male', 'Katong', 'Singaporean')
insert into patient values ('S8521495I', 'KUO MIN', 'CHAI', '1970-09-08', 39, 'female', 'Bedok', 'Singaporean')
insert into patient values ('S6536584H', 'KIM HOCK', 'LIM', '1987-10-10', 22, 'female', 'Katong', 'Singaporean')
insert into patient values ('S7546982S', 'CHENG SHEK', 'FONG', '1981-06-01', 28, 'female', 'Dover', 'Singaporean')
insert into patient values ('S7526107E', 'HUI ZHI REBECCA', 'LIN', '1986-10-05', 23, 'female', 'Bedok', 'Singaporean')
insert into patient values ('S7598668N', 'XIAOMING', 'LI', '1975-12-17', 34, 'male', 'Changi', 'Singaporean')
insert into patient values ('S7573703H', 'KUM FAI', 'LEE', '1974-08-03', 35, 'male', 'Keppel', 'Singaporean')
insert into patient values ('S6533683M', 'CHING CHING', 'LIM', '1978-09-22', 31, 'male', 'Keppel', 'Singaporean')
insert into patient values ('S8522177W', 'KUAN POW', 'LIM', '1984-05-09', 25, 'female', 'Katong', 'Singaporean')
insert into patient values ('S7535404W', 'HOONG LEONG', 'CHAN', '1972-12-14', 37, 'male', 'Punggol', 'Singaporean')
insert into patient values ('S6550989M', 'LOON LIEH', 'GUAI', '1985-03-13', 24, 'male', 'Katong', 'Singaporean')
insert into patient values ('S8574793Y', 'HON KIT', 'LAI', '1971-10-09', 38, 'male', 'Chinatown', 'Singaporean')
insert into patient values ('S7593213Q', 'WEI YONG', 'SOH', '1975-06-14', 34, 'female', 'Chinatown', 'Singaporean')
insert into patient values ('S7571837V', 'KI MIEN', 'TAN', '1974-07-10', 35, 'male', 'Bedok', 'Singaporean')
insert into patient values ('S7572537G', 'JUN MUN VICTOR', 'YUEN', '1969-07-26', 40, 'male', 'Bedok', 'Singaporean')
insert into patient values ('S6591570E', 'HUI TUAN/VUONG HUE DOAN', 'WANG', '1986-04-13', 23, 'female', 'Toa Payo', 'Singaporean')
insert into patient values ('S8594660L', 'LENG WAN', 'SOH', '1975-08-10', 34, 'male', 'Toa Payo', 'Singaporean')
insert into patient values ('S8549147K', 'GEE TIONG', 'NG', '1969-07-11', 40, 'male', 'Bedok', 'Singaporean')
insert into patient values ('S7528915I', 'WIJAYA', 'SHERLY', '1987-09-16', 22, 'female', 'Keppel', 'Singaporean')
insert into patient values ('S6588829U', 'WEE SOON EDMUND GERARD', 'YONG', '1978-03-04', 31, 'female', 'Toa Payo', 'Singaporean')
insert into patient values ('S8574903C', 'POH TIONG', 'NG', '1988-07-25', 21, 'male', 'Toa Payo', 'Singaporean')
insert into patient values ('S7599478V', 'HWEE CHUAN', 'GOH', '1978-01-06', 31, 'male', 'Katong', 'Singaporean')
insert into patient values ('S8589270Q', 'YEW CHOONG PATRICK', 'LEE', '1976-04-27', 33, 'female', 'Changi', 'Singaporean')
insert into patient values ('S7511649S', 'LAI HONG', 'LEE', '1970-04-06', 39, 'male', 'Keppel', 'Singaporean')
insert into patient values ('S7531499D', 'KIAT HWA', 'OOI', '1987-02-13', 22, 'female', 'Punggol', 'Singaporean')
insert into patient values ('S7598374B', 'FUNG LING', 'YAP', '1982-05-18', 27, 'female', 'Dover', 'Singaporean')
insert into patient values ('S7547455F', 'SOO NGHEE AUBREY', 'KOH', '1974-09-17', 35, 'female', 'Bedok', 'Singaporean')
insert into patient values ('S7523456K', 'YAN LENG', 'KOH', '1970-01-23', 39, 'female', 'Bedok', 'Singaporean')
insert into patient values ('S8542170Q', 'HOOI SOCK', 'GOH', '1988-04-10', 21, 'female', 'Bedok', 'Singaporean')
insert into patient values ('S7512999Y', 'CHUN PUI', 'CHIN', '1986-05-03', 23, 'female', 'Dover', 'Singaporean')
insert into patient values ('S6528656O', 'CHENG HENG CLEMENT', 'LIM', '1987-02-21', 22, 'male', 'Toa Payo', 'Singaporean')
insert into patient values ('S7575278E', 'CHOON YANG', 'TOH', '1984-06-17', 25, 'female', 'Keppel', 'Singaporean')
insert into patient values ('S6515319R', 'CHONG SENG', 'KHOO', '1971-04-04', 38, 'male', 'Keppel', 'Singaporean')
insert into patient values ('S7585575J', 'KIAN JEN', 'TENG', '1976-08-26', 33, 'male', 'Punggol', 'Singaporean')
insert into patient values ('S6545458G', 'TOH MIN', 'LEE', '1987-01-12', 22, 'male', 'Toa Payo', 'Singaporean')
insert into patient values ('S7558795S', 'YULIANTO', 'MARTIN', '1978-07-24', 31, 'female', 'Punggol', 'Singaporean')
insert into patient values ('S7580214D', 'SU ZANNE', 'SIEW', '1975-04-09', 34, 'male', 'Chinatown', 'Singaporean')
insert into patient values ('S7529806S', 'LOON LIEH', 'GUAI', '1975-02-10', 34, 'female', 'Katong', 'Singaporean')
insert into patient values ('S8538193I', 'SEONG YONG JEREMY', 'ONG', '1979-02-23', 30, 'female', 'Dover', 'Singaporean')

CREATE TABLE physician(physician_id varchar(30) NOT NULL, first_name text, last_name text, CONSTRAINT patient_pkey PRIMARY KEY (physician_id))
insert into physician values ('PH5000001', 'KOH', 'CHOON MING MELVIN')
insert into physician values ('PH5000002', 'LEE', 'LEONG WAH')

CREATE TABLE treat(patient_id varchar(30), physician_id varchar(30), start_date text, end_date text)
insert into treat values ('S8284186E', 'PH5000001', '2007-11-15', '2007-11-22')
insert into treat values ('S8284186E', 'PH5000002', '2007-11-15', '2007-11-23')
insert into treat values ('S8285084H', 'PH5000001', '2008-11-02', '2008-11-08')
insert into treat values ('S8285084H', 'PH5000002', '2008-11-02', '2008-11-10')
insert into treat values ('S7177880B', 'PH5000001', '2008-05-16', '2008-05-22')
insert into treat values ('S7177880B', 'PH5000002', '2008-05-16', '2008-05-22')
insert into treat values ('S7138722B', 'PH5000001', '2007-11-07', '2007-11-15')
insert into treat values ('S7138722B', 'PH5000002', '2007-11-07', '2007-11-11')
insert into treat values ('S6148824M', 'PH5000001', '2008-05-07', '2008-05-13')
insert into treat values ('S6148824M', 'PH5000002', '2008-05-07', '2008-05-15')
insert into treat values ('S7118261I', 'PH5000001', '2009-03-03', '2009-03-08')
insert into treat values ('S7118261I', 'PH5000002', '2009-03-03', '2009-03-11')
insert into treat values ('S8187643T', 'PH5000001', '2007-04-13', '2007-04-18')
insert into treat values ('S8187643T', 'PH5000002', '2007-04-13', '2007-04-19')
insert into treat values ('S7137927N', 'PH5000001', '2007-05-06', '2007-05-13')
insert into treat values ('S7137927N', 'PH5000002', '2007-05-06', '2007-05-14')
insert into treat values ('S7171753Z', 'PH5000001', '2007-01-16', '2007-01-21')
insert into treat values ('S7171753Z', 'PH5000002', '2007-01-16', '2007-01-22')
insert into treat values ('S6122982N', 'PH5000001', '2008-11-09', '2008-11-15')
insert into treat values ('S6122982N', 'PH5000002', '2008-11-09', '2008-11-15')
insert into treat values ('S7145609I', 'PH5000001', '2007-09-12', '2007-09-18')
insert into treat values ('S7145609I', 'PH5000002', '2007-09-12', '2007-09-19')
insert into treat values ('S8167571C', 'PH5000001', '2007-10-19', '2007-10-25')
insert into treat values ('S8167571C', 'PH5000002', '2007-10-19', '2007-10-26')
insert into treat values ('S7187692Z', 'PH5000001', '2008-02-01', '2008-02-06')
insert into treat values ('S7187692Z', 'PH5000002', '2008-02-01', '2008-02-07')
insert into treat values ('S6112171U', 'PH5000001', '2009-02-11', '2009-02-17')
insert into treat values ('S6112171U', 'PH5000002', '2009-02-11', '2009-02-19')
insert into treat values ('S8198765N', 'PH5000001', '2008-10-04', '2008-10-08')
insert into treat values ('S8198765N', 'PH5000002', '2008-10-04', '2008-10-11')
insert into treat values ('S7194736O', 'PH5000001', '2006-11-10', '2006-11-17')
insert into treat values ('S7194736O', 'PH5000002', '2006-11-10', '2006-11-17')
insert into treat values ('S6137306F', 'PH5000001', '2008-07-08', '2008-07-15')
insert into treat values ('S6137306F', 'PH5000002', '2008-07-08', '2008-07-15')
insert into treat values ('S8188226G', 'PH5000001', '2009-06-15', '2009-06-23')
insert into treat values ('S8188226G', 'PH5000002', '2009-06-15', '2009-06-19')
insert into treat values ('S6138744F', 'PH5000001', '2008-02-11', '2008-02-16')
insert into treat values ('S6138744F', 'PH5000002', '2008-02-11', '2008-02-19')
insert into treat values ('S7171157X', 'PH5000001', '2009-06-10', '2009-06-17')
insert into treat values ('S7171157X', 'PH5000002', '2009-06-10', '2009-06-16')
insert into treat values ('S7163297W', 'PH5000001', '2008-07-17', '2008-07-23')
insert into treat values ('S7163297W', 'PH5000002', '2008-07-17', '2008-07-23')
insert into treat values ('S7195982X', 'PH5000001', '2008-12-06', '2008-12-11')
insert into treat values ('S7195982X', 'PH5000002', '2008-12-06', '2008-12-14')
insert into treat values ('S7189551N', 'PH5000001', '2007-06-09', '2007-06-15')
insert into treat values ('S7189551N', 'PH5000002', '2007-06-09', '2007-06-15')
insert into treat values ('S7180267D', 'PH5000001', '2007-10-14', '2007-10-20')
insert into treat values ('S7180267D', 'PH5000002', '2007-10-14', '2007-10-19')
insert into treat values ('S8179734S', 'PH5000001', '2007-09-07', '2007-09-15')
insert into treat values ('S8179734S', 'PH5000002', '2007-09-07', '2007-09-13')
insert into treat values ('S6137904U', 'PH5000001', '2009-02-12', '2009-02-18')
insert into treat values ('S6137904U', 'PH5000002', '2009-02-12', '2009-02-16')
insert into treat values ('S6191759M', 'PH5000001', '2007-08-03', '2007-08-09')
insert into treat values ('S6191759M', 'PH5000002', '2007-08-03', '2007-08-09')
insert into treat values ('S7118889U', 'PH5000001', '2009-03-20', '2009-03-25')
insert into treat values ('S7118889U', 'PH5000002', '2009-03-20', '2009-03-28')
insert into treat values ('S8216194K', 'PH5000001', '2008-09-04', '2008-09-10')
insert into treat values ('S8216194K', 'PH5000002', '2008-09-04', '2008-09-09')
insert into treat values ('S7239833C', 'PH5000001', '2006-10-12', '2006-10-17')
insert into treat values ('S7239833C', 'PH5000002', '2006-10-12', '2006-10-17')
insert into treat values ('S7266114H', 'PH5000001', '2008-12-06', '2008-12-12')
insert into treat values ('S7266114H', 'PH5000002', '2008-12-06', '2008-12-11')
insert into treat values ('S8250763O', 'PH5000001', '2007-12-17', '2007-12-24')
insert into treat values ('S8250763O', 'PH5000002', '2007-12-17', '2007-12-24')
insert into treat values ('S7272623O', 'PH5000001', '2008-06-18', '2008-06-23')
insert into treat values ('S7272623O', 'PH5000002', '2008-06-18', '2008-06-22')
insert into treat values ('S7295511D', 'PH5000001', '2007-06-03', '2007-06-07')
insert into treat values ('S7295511D', 'PH5000002', '2007-06-03', '2007-06-09')
insert into treat values ('S6264862V', 'PH5000001', '2007-04-15', '2007-04-20')
insert into treat values ('S6264862V', 'PH5000002', '2007-04-15', '2007-04-20')
insert into treat values ('S8214535T', 'PH5000001', '2009-04-13', '2009-04-18')
insert into treat values ('S8214535T', 'PH5000002', '2009-04-13', '2009-04-18')
insert into treat values ('S8221415T', 'PH5000001', '2007-11-13', '2007-11-20')
insert into treat values ('S8221415T', 'PH5000002', '2007-11-13', '2007-11-20')
insert into treat values ('S7222963R', 'PH5000001', '2008-09-18', '2008-09-22')
insert into treat values ('S7222963R', 'PH5000002', '2008-09-18', '2008-09-26')
insert into treat values ('S7247817Y', 'PH5000001', '2007-09-05', '2007-09-11')
insert into treat values ('S7247817Y', 'PH5000002', '2007-09-05', '2007-09-11')
insert into treat values ('S7221604D', 'PH5000001', '2008-11-12', '2008-11-16')
insert into treat values ('S7221604D', 'PH5000002', '2008-11-12', '2008-11-18')
insert into treat values ('S7282601I', 'PH5000001', '2006-12-13', '2006-12-18')
insert into treat values ('S7282601I', 'PH5000002', '2006-12-13', '2006-12-17')
insert into treat values ('S8298153V', 'PH5000001', '2008-11-03', '2008-11-07')
insert into treat values ('S8298153V', 'PH5000002', '2008-11-03', '2008-11-09')
insert into treat values ('S8288407C', 'PH5000001', '2008-05-07', '2008-05-13')
insert into treat values ('S8288407C', 'PH5000002', '2008-05-07', '2008-05-15')
insert into treat values ('S8274666V', 'PH5000001', '2007-08-02', '2007-08-06')
insert into treat values ('S8274666V', 'PH5000002', '2007-08-02', '2007-08-09')
insert into treat values ('S6271838N', 'PH5000001', '2008-01-05', '2008-01-09')
insert into treat values ('S6271838N', 'PH5000002', '2008-01-05', '2008-01-10')
insert into treat values ('S8281351K', 'PH5000001', '2008-06-14', '2008-06-19')
insert into treat values ('S8281351K', 'PH5000002', '2008-06-14', '2008-06-20')
insert into treat values ('S6217328D', 'PH5000001', '2006-10-05', '2006-10-11')
insert into treat values ('S6217328D', 'PH5000002', '2006-10-05', '2006-10-10')
insert into treat values ('S8288231F', 'PH5000001', '2007-04-16', '2007-04-23')
insert into treat values ('S8288231F', 'PH5000002', '2007-04-16', '2007-04-21')
insert into treat values ('S8249545W', 'PH5000001', '2008-01-19', '2008-01-26')
insert into treat values ('S8249545W', 'PH5000002', '2008-01-19', '2008-01-24')
insert into treat values ('S7282780C', 'PH5000001', '2006-08-09', '2006-08-16')
insert into treat values ('S7282780C', 'PH5000002', '2006-08-09', '2006-08-17')
insert into treat values ('S7240835V', 'PH5000001', '2008-02-04', '2008-02-11')
insert into treat values ('S7240835V', 'PH5000002', '2008-02-04', '2008-02-09')
insert into treat values ('S8247415J', 'PH5000001', '2008-04-16', '2008-04-21')
insert into treat values ('S8247415J', 'PH5000002', '2008-04-16', '2008-04-20')
insert into treat values ('S7294207C', 'PH5000001', '2009-06-04', '2009-06-11')
insert into treat values ('S7294207C', 'PH5000002', '2009-06-04', '2009-06-11')
insert into treat values ('S7295777K', 'PH5000001', '2007-01-02', '2007-01-09')
insert into treat values ('S7295777K', 'PH5000002', '2007-01-02', '2007-01-08')
insert into treat values ('S7285360P', 'PH5000001', '2007-01-19', '2007-01-25')
insert into treat values ('S7285360P', 'PH5000002', '2007-01-19', '2007-01-24')
insert into treat values ('S7274457Z', 'PH5000001', '2008-07-06', '2008-07-13')
insert into treat values ('S7274457Z', 'PH5000002', '2008-07-06', '2008-07-13')
insert into treat values ('S7258437L', 'PH5000001', '2008-02-01', '2008-02-07')
insert into treat values ('S7258437L', 'PH5000002', '2008-02-01', '2008-02-05')
insert into treat values ('S7230255A', 'PH5000001', '2007-02-15', '2007-02-20')
insert into treat values ('S7230255A', 'PH5000002', '2007-02-15', '2007-02-21')
insert into treat values ('S7238936P', 'PH5000001', '2008-08-09', '2008-08-13')
insert into treat values ('S7238936P', 'PH5000002', '2008-08-09', '2008-08-14')
insert into treat values ('S6243849V', 'PH5000001', '2009-08-05', '2009-08-10')
insert into treat values ('S6243849V', 'PH5000002', '2009-08-05', '2009-08-11')
insert into treat values ('S8348105F', 'PH5000001', '2007-10-12', '2007-10-17')
insert into treat values ('S8348105F', 'PH5000002', '2007-10-12', '2007-10-17')
insert into treat values ('S7317401Y', 'PH5000001', '2007-02-09', '2007-02-16')
insert into treat values ('S7317401Y', 'PH5000002', '2007-02-09', '2007-02-15')
insert into treat values ('S8349644P', 'PH5000001', '2008-10-04', '2008-10-09')
insert into treat values ('S8349644P', 'PH5000002', '2008-10-04', '2008-10-11')
insert into treat values ('S6375477Q', 'PH5000001', '2008-09-09', '2008-09-14')
insert into treat values ('S6375477Q', 'PH5000002', '2008-09-09', '2008-09-14')
insert into treat values ('S8336253M', 'PH5000001', '2007-03-08', '2007-03-15')
insert into treat values ('S8336253M', 'PH5000002', '2007-03-08', '2007-03-16')
insert into treat values ('S7361771G', 'PH5000001', '2006-03-10', '2006-03-15')
insert into treat values ('S7361771G', 'PH5000002', '2006-03-10', '2006-03-18')
insert into treat values ('S8379412E', 'PH5000001', '2009-07-20', '2009-07-27')
insert into treat values ('S8379412E', 'PH5000002', '2009-07-20', '2009-07-25')
insert into treat values ('S7324994L', 'PH5000001', '2007-08-11', '2007-08-17')
insert into treat values ('S7324994L', 'PH5000002', '2007-08-11', '2007-08-19')
insert into treat values ('S7379896S', 'PH5000001', '2007-04-17', '2007-04-23')
insert into treat values ('S7379896S', 'PH5000002', '2007-04-17', '2007-04-24')
insert into treat values ('S6357862F', 'PH5000001', '2008-06-02', '2008-06-09')
insert into treat values ('S6357862F', 'PH5000002', '2008-06-02', '2008-06-07')
insert into treat values ('S8368619G', 'PH5000001', '2007-04-17', '2007-04-21')
insert into treat values ('S8368619G', 'PH5000002', '2007-04-17', '2007-04-22')
insert into treat values ('S6312939K', 'PH5000001', '2008-01-18', '2008-01-23')
insert into treat values ('S6312939K', 'PH5000002', '2008-01-18', '2008-01-24')
insert into treat values ('S7332153N', 'PH5000001', '2007-05-12', '2007-05-18')
insert into treat values ('S7332153N', 'PH5000002', '2007-05-12', '2007-05-20')
insert into treat values ('S6320248T', 'PH5000001', '2006-10-07', '2006-10-13')
insert into treat values ('S6320248T', 'PH5000002', '2006-10-07', '2006-10-14')
insert into treat values ('S7371894D', 'PH5000001', '2007-04-15', '2007-04-22')
insert into treat values ('S7371894D', 'PH5000002', '2007-04-15', '2007-04-21')
insert into treat values ('S8342326Q', 'PH5000001', '2008-03-04', '2008-03-10')
insert into treat values ('S8342326Q', 'PH5000002', '2008-03-04', '2008-03-09')
insert into treat values ('S8310633S', 'PH5000001', '2007-09-15', '2007-09-21')
insert into treat values ('S8310633S', 'PH5000002', '2007-09-15', '2007-09-19')
insert into treat values ('S8367171C', 'PH5000001', '2008-09-05', '2008-09-09')
insert into treat values ('S8367171C', 'PH5000002', '2008-09-05', '2008-09-12')
insert into treat values ('S7373602T', 'PH5000001', '2008-02-08', '2008-02-12')
insert into treat values ('S7373602T', 'PH5000002', '2008-02-08', '2008-02-12')
insert into treat values ('S8443268C', 'PH5000001', '2009-03-03', '2009-03-07')
insert into treat values ('S8443268C', 'PH5000002', '2009-03-03', '2009-03-10')
insert into treat values ('S6456314P', 'PH5000001', '2007-05-11', '2007-05-18')
insert into treat values ('S6456314P', 'PH5000002', '2007-05-11', '2007-05-16')
insert into treat values ('S7425592E', 'PH5000001', '2007-05-15', '2007-05-19')
insert into treat values ('S7425592E', 'PH5000002', '2007-05-15', '2007-05-22')
insert into treat values ('S8425758I', 'PH5000001', '2008-11-12', '2008-11-17')
insert into treat values ('S8425758I', 'PH5000002', '2008-11-12', '2008-11-17')
insert into treat values ('S6421532V', 'PH5000001', '2008-10-16', '2008-10-20')
insert into treat values ('S6421532V', 'PH5000002', '2008-10-16', '2008-10-20')
insert into treat values ('S8458523H', 'PH5000001', '2007-06-02', '2007-06-10')
insert into treat values ('S8458523H', 'PH5000002', '2007-06-02', '2007-06-09')
insert into treat values ('S7411581K', 'PH5000001', '2008-12-14', '2008-12-21')
insert into treat values ('S7411581K', 'PH5000002', '2008-12-14', '2008-12-20')
insert into treat values ('S7489185S', 'PH5000001', '2007-01-18', '2007-01-23')
insert into treat values ('S7489185S', 'PH5000002', '2007-01-18', '2007-01-26')
insert into treat values ('S6450563P', 'PH5000001', '2008-11-17', '2008-11-22')
insert into treat values ('S6450563P', 'PH5000002', '2008-11-17', '2008-11-22')
insert into treat values ('S7411390P', 'PH5000001', '2009-04-04', '2009-04-09')
insert into treat values ('S7411390P', 'PH5000002', '2009-04-04', '2009-04-08')
insert into treat values ('S7438497C', 'PH5000001', '2008-07-17', '2008-07-23')
insert into treat values ('S7438497C', 'PH5000002', '2008-07-17', '2008-07-22')
insert into treat values ('S8497138P', 'PH5000001', '2008-03-03', '2008-03-11')
insert into treat values ('S8497138P', 'PH5000002', '2008-03-03', '2008-03-08')
insert into treat values ('S7418166O', 'PH5000001', '2007-03-18', '2007-03-24')
insert into treat values ('S7418166O', 'PH5000002', '2007-03-18', '2007-03-23')
insert into treat values ('S6437581Y', 'PH5000001', '2008-06-18', '2008-06-23')
insert into treat values ('S6437581Y', 'PH5000002', '2008-06-18', '2008-06-24')
insert into treat values ('S7419644Q', 'PH5000001', '2008-10-15', '2008-10-22')
insert into treat values ('S7419644Q', 'PH5000002', '2008-10-15', '2008-10-20')
insert into treat values ('S8435240O', 'PH5000001', '2006-09-13', '2006-09-18')
insert into treat values ('S8435240O', 'PH5000002', '2006-09-13', '2006-09-17')
insert into treat values ('S7570667B', 'PH5000001', '2008-07-07', '2008-07-14')
insert into treat values ('S7570667B', 'PH5000002', '2008-07-07', '2008-07-13')
insert into treat values ('S7551588F', 'PH5000001', '2008-02-05', '2008-02-13')
insert into treat values ('S7551588F', 'PH5000002', '2008-02-05', '2008-02-11')
insert into treat values ('S7572327H', 'PH5000001', '2007-03-05', '2007-03-10')
insert into treat values ('S7572327H', 'PH5000002', '2007-03-05', '2007-03-11')
insert into treat values ('S8574938M', 'PH5000001', '2007-08-13', '2007-08-17')
insert into treat values ('S8574938M', 'PH5000002', '2007-08-13', '2007-08-19')
insert into treat values ('S7551347S', 'PH5000001', '2008-08-16', '2008-08-23')
insert into treat values ('S7551347S', 'PH5000002', '2008-08-16', '2008-08-23')
insert into treat values ('S6516357V', 'PH5000001', '2007-11-04', '2007-11-11')
insert into treat values ('S6516357V', 'PH5000002', '2007-11-04', '2007-11-11')
insert into treat values ('S7553175G', 'PH5000001', '2007-04-18', '2007-04-22')
insert into treat values ('S7553175G', 'PH5000002', '2007-04-18', '2007-04-24')
insert into treat values ('S7560551R', 'PH5000001', '2008-06-20', '2008-06-28')
insert into treat values ('S7560551R', 'PH5000002', '2008-06-20', '2008-06-27')
insert into treat values ('S8574638X', 'PH5000001', '2009-04-13', '2009-04-17')
insert into treat values ('S8574638X', 'PH5000002', '2009-04-13', '2009-04-18')
insert into treat values ('S8554846K', 'PH5000001', '2007-09-16', '2007-09-22')
insert into treat values ('S8554846K', 'PH5000002', '2007-09-16', '2007-09-23')
insert into treat values ('S7567359S', 'PH5000001', '2007-09-20', '2007-09-26')
insert into treat values ('S7567359S', 'PH5000002', '2007-09-20', '2007-09-27')
insert into treat values ('S7556818T', 'PH5000001', '2006-05-07', '2006-05-12')
insert into treat values ('S7556818T', 'PH5000002', '2006-05-07', '2006-05-14')
insert into treat values ('S6567620J', 'PH5000001', '2007-06-05', '2007-06-10')
insert into treat values ('S6567620J', 'PH5000002', '2007-06-05', '2007-06-12')
insert into treat values ('S7583889O', 'PH5000001', '2006-11-05', '2006-11-13')
insert into treat values ('S7583889O', 'PH5000002', '2006-11-05', '2006-11-11')
insert into treat values ('S7519334A', 'PH5000001', '2009-06-13', '2009-06-21')
insert into treat values ('S7519334A', 'PH5000002', '2009-06-13', '2009-06-18')
insert into treat values ('S6572776N', 'PH5000001', '2007-06-08', '2007-06-12')
insert into treat values ('S6572776N', 'PH5000002', '2007-06-08', '2007-06-16')
insert into treat values ('S7546913Q', 'PH5000001', '2009-02-08', '2009-02-14')
insert into treat values ('S7546913Q', 'PH5000002', '2009-02-08', '2009-02-12')
insert into treat values ('S7532173Q', 'PH5000001', '2008-12-18', '2008-12-25')
insert into treat values ('S7532173Q', 'PH5000002', '2008-12-18', '2008-12-25')
insert into treat values ('S6550989M', 'PH5000001', '2009-07-15', '2009-07-19')
insert into treat values ('S6550989M', 'PH5000002', '2009-07-15', '2009-07-20')
insert into treat values ('S7571837V', 'PH5000001', '2007-08-16', '2007-08-20')
insert into treat values ('S7571837V', 'PH5000002', '2007-08-16', '2007-08-21')
insert into treat values ('S7512999Y', 'PH5000001', '2008-11-08', '2008-11-14')
insert into treat values ('S7512999Y', 'PH5000002', '2008-11-08', '2008-11-16')
insert into treat values ('S8538193I', 'PH5000001', '2007-06-17', '2007-06-22')
insert into treat values ('S8538193I', 'PH5000002', '2007-06-17', '2007-06-23')
insert into treat values ('S8612707S', 'PH5000001', '2007-05-18', '2007-05-24')
insert into treat values ('S8612707S', 'PH5000002', '2007-05-18', '2007-05-25')
insert into treat values ('S8684993G', 'PH5000001', '2008-06-18', '2008-06-22')
insert into treat values ('S8684993G', 'PH5000002', '2008-06-18', '2008-06-24')
insert into treat values ('S7680197M', 'PH5000001', '2009-03-10', '2009-03-17')
insert into treat values ('S7680197M', 'PH5000002', '2009-03-10', '2009-03-15')
insert into treat values ('S7687312H', 'PH5000001', '2009-05-12', '2009-05-16')
insert into treat values ('S7687312H', 'PH5000002', '2009-05-12', '2009-05-19')
insert into treat values ('S6660623I', 'PH5000001', '2009-06-06', '2009-06-13')
insert into treat values ('S6660623I', 'PH5000002', '2009-06-06', '2009-06-12')
insert into treat values ('S8629269G', 'PH5000001', '2007-04-15', '2007-04-23')
insert into treat values ('S8629269G', 'PH5000002', '2007-04-15', '2007-04-21')
insert into treat values ('S7612103K', 'PH5000001', '2006-07-03', '2006-07-08')
insert into treat values ('S7612103K', 'PH5000002', '2006-07-03', '2006-07-11')
insert into treat values ('S7691378I', 'PH5000001', '2007-08-15', '2007-08-19')
insert into treat values ('S7691378I', 'PH5000002', '2007-08-15', '2007-08-21')
insert into treat values ('S7636847K', 'PH5000001', '2008-04-13', '2008-04-19')
insert into treat values ('S7636847K', 'PH5000002', '2008-04-13', '2008-04-17')
insert into treat values ('S7666944X', 'PH5000001', '2006-10-17', '2006-10-22')
insert into treat values ('S7666944X', 'PH5000002', '2006-10-17', '2006-10-25')
insert into treat values ('S7618137P', 'PH5000001', '2008-06-18', '2008-06-26')
insert into treat values ('S7618137P', 'PH5000002', '2008-06-18', '2008-06-26')
insert into treat values ('S8676589W', 'PH5000001', '2008-09-03', '2008-09-11')
insert into treat values ('S8676589W', 'PH5000002', '2008-09-03', '2008-09-11')
insert into treat values ('S8687187I', 'PH5000001', '2008-04-08', '2008-04-13')
insert into treat values ('S8687187I', 'PH5000002', '2008-04-08', '2008-04-14')
insert into treat values ('S7647622E', 'PH5000001', '2009-07-05', '2009-07-09')
insert into treat values ('S7647622E', 'PH5000002', '2009-07-05', '2009-07-13')
insert into treat values ('S7636200J', 'PH5000001', '2006-12-03', '2006-12-11')
insert into treat values ('S7636200J', 'PH5000002', '2006-12-03', '2006-12-08')
insert into treat values ('S6650749S', 'PH5000001', '2006-03-02', '2006-03-09')
insert into treat values ('S6650749S', 'PH5000002', '2006-03-02', '2006-03-08')
insert into treat values ('S6648445M', 'PH5000001', '2008-05-12', '2008-05-19')
insert into treat values ('S6648445M', 'PH5000002', '2008-05-12', '2008-05-17')
insert into treat values ('S7672862D', 'PH5000001', '2008-10-18', '2008-10-24')
insert into treat values ('S7672862D', 'PH5000002', '2008-10-18', '2008-10-22')
insert into treat values ('S6665107Z', 'PH5000001', '2006-01-10', '2006-01-15')
insert into treat values ('S6665107Z', 'PH5000002', '2006-01-10', '2006-01-17')
insert into treat values ('S6652817Y', 'PH5000001', '2008-11-16', '2008-11-21')
insert into treat values ('S6652817Y', 'PH5000002', '2008-11-16', '2008-11-23')
insert into treat values ('S7639431U', 'PH5000001', '2008-06-09', '2008-06-15')
insert into treat values ('S7639431U', 'PH5000002', '2008-06-09', '2008-06-15')
insert into treat values ('S7631906K', 'PH5000001', '2007-04-01', '2007-04-09')
insert into treat values ('S7631906K', 'PH5000002', '2007-04-01', '2007-04-06')
insert into treat values ('S7656376J', 'PH5000001', '2009-03-20', '2009-03-27')
insert into treat values ('S7656376J', 'PH5000002', '2009-03-20', '2009-03-26')
insert into treat values ('S7619280N', 'PH5000001', '2009-07-08', '2009-07-13')
insert into treat values ('S7619280N', 'PH5000002', '2009-07-08', '2009-07-12')
insert into treat values ('S8660744W', 'PH5000001', '2007-05-15', '2007-05-22')
insert into treat values ('S8660744W', 'PH5000002', '2007-05-15', '2007-05-23')
insert into treat values ('S7639502T', 'PH5000001', '2008-01-09', '2008-01-14')
insert into treat values ('S7639502T', 'PH5000002', '2008-01-09', '2008-01-16')

CREATE TABLE visit(patient_id text, visit_date text, location text, reason text)
insert into visit values ('S8284186E', '2007-11-15', 'Khoo Teck Puat Hospital', 'backache')
insert into visit values ('S8285084H', '2008-11-02', 'Khoo Teck Puat Hospital', 'cough')
insert into visit values ('S7177880B', '2008-05-16', 'Khoo Teck Puat Hospital', 'cough')
insert into visit values ('S7138722B', '2007-11-07', 'Khoo Teck Puat Hospital', 'sore throat')
insert into visit values ('S6148824M', '2008-05-07', 'Khoo Teck Puat Hospital', 'fever')
insert into visit values ('S7118261I', '2009-03-03', 'Khoo Teck Puat Hospital', 'fever')
insert into visit values ('S8187643T', '2007-04-13', 'Khoo Teck Puat Hospital', 'stomach problem')
insert into visit values ('S7137927N', '2007-05-06', 'Khoo Teck Puat Hospital', 'heart problem')
insert into visit values ('S7171753Z', '2007-01-16', 'Khoo Teck Puat Hospital', 'stomach problem')
insert into visit values ('S6122982N', '2008-11-09', 'Khoo Teck Puat Hospital', 'cough')
insert into visit values ('S7145609I', '2007-09-12', 'Khoo Teck Puat Hospital', 'respiratory problem')
insert into visit values ('S8167571C', '2007-10-19', 'Khoo Teck Puat Hospital', 'cephalalgia')
insert into visit values ('S7187692Z', '2008-02-01', 'Khoo Teck Puat Hospital', 'heart problem')
insert into visit values ('S6112171U', '2009-02-11', 'Khoo Teck Puat Hospital', 'heart problem')
insert into visit values ('S8198765N', '2008-10-04', 'Khoo Teck Puat Hospital', 'heart problem')
insert into visit values ('S7194736O', '2006-11-10', 'Khoo Teck Puat Hospital', 'heart problem')
insert into visit values ('S6137306F', '2008-07-08', 'Khoo Teck Puat Hospital', 'backache')
insert into visit values ('S8188226G', '2009-06-15', 'Khoo Teck Puat Hospital', 'sore throat')
insert into visit values ('S6138744F', '2008-02-11', 'Khoo Teck Puat Hospital', 'backache')
insert into visit values ('S7171157X', '2009-06-10', 'Khoo Teck Puat Hospital', 'sore throat')
insert into visit values ('S7163297W', '2008-07-17', 'Khoo Teck Puat Hospital', 'sore throat')
insert into visit values ('S7195982X', '2008-12-06', 'Khoo Teck Puat Hospital', 'fever')
insert into visit values ('S7189551N', '2007-06-09', 'Khoo Teck Puat Hospital', 'heart problem')
insert into visit values ('S7180267D', '2007-10-14', 'Khoo Teck Puat Hospital', 'fever')
insert into visit values ('S8179734S', '2007-09-07', 'Khoo Teck Puat Hospital', 'backache')
insert into visit values ('S6137904U', '2009-02-12', 'Khoo Teck Puat Hospital', 'heart problem')
insert into visit values ('S6191759M', '2007-08-03', 'Khoo Teck Puat Hospital', 'fever')
insert into visit values ('S7118889U', '2009-03-20', 'Khoo Teck Puat Hospital', 'sore throat')
insert into visit values ('S8216194K', '2008-09-04', 'Khoo Teck Puat Hospital', 'stomach problem')
insert into visit values ('S7239833C', '2006-10-12', 'Khoo Teck Puat Hospital', 'fever')
insert into visit values ('S7266114H', '2008-12-06', 'Khoo Teck Puat Hospital', 'heart problem')
insert into visit values ('S8250763O', '2007-12-17', 'Khoo Teck Puat Hospital', 'cough')
insert into visit values ('S7272623O', '2008-06-18', 'Khoo Teck Puat Hospital', 'heart problem')
insert into visit values ('S7295511D', '2007-06-03', 'Khoo Teck Puat Hospital', 'heart problem')
insert into visit values ('S6264862V', '2007-04-15', 'Khoo Teck Puat Hospital', 'sore throat')
insert into visit values ('S8214535T', '2009-04-13', 'Khoo Teck Puat Hospital', 'heart problem')
insert into visit values ('S8221415T', '2007-11-13', 'Khoo Teck Puat Hospital', 'cough')
insert into visit values ('S7222963R', '2008-09-18', 'Khoo Teck Puat Hospital', 'cough')
insert into visit values ('S7247817Y', '2007-09-05', 'Khoo Teck Puat Hospital', 'cough')
insert into visit values ('S7221604D', '2008-11-12', 'Khoo Teck Puat Hospital', 'backache')
insert into visit values ('S7282601I', '2006-12-13', 'Khoo Teck Puat Hospital', 'backache')
insert into visit values ('S8298153V', '2008-11-03', 'Khoo Teck Puat Hospital', 'heart problem')
insert into visit values ('S8288407C', '2008-05-07', 'Khoo Teck Puat Hospital', 'cough')
insert into visit values ('S8274666V', '2007-08-02', 'Khoo Teck Puat Hospital', 'cough')
insert into visit values ('S6271838N', '2008-01-05', 'Khoo Teck Puat Hospital', 'heart problem')
insert into visit values ('S8281351K', '2008-06-14', 'Khoo Teck Puat Hospital', 'fever')
insert into visit values ('S6217328D', '2006-10-05', 'Khoo Teck Puat Hospital', 'respiratory problem')
insert into visit values ('S8288231F', '2007-04-16', 'Khoo Teck Puat Hospital', 'sore throat')
insert into visit values ('S8249545W', '2008-01-19', 'Khoo Teck Puat Hospital', 'heart problem')
insert into visit values ('S7282780C', '2006-08-09', 'Khoo Teck Puat Hospital', 'cough')
insert into visit values ('S7240835V', '2008-02-04', 'Khoo Teck Puat Hospital', 'cephalalgia')
insert into visit values ('S8247415J', '2008-04-16', 'Khoo Teck Puat Hospital', 'fever')
insert into visit values ('S7294207C', '2009-06-04', 'Khoo Teck Puat Hospital', 'sore throat')
insert into visit values ('S7295777K', '2007-01-02', 'Khoo Teck Puat Hospital', 'cough')
insert into visit values ('S7285360P', '2007-01-19', 'Khoo Teck Puat Hospital', 'stomach problem')
insert into visit values ('S7274457Z', '2008-07-06', 'Khoo Teck Puat Hospital', 'cough')
insert into visit values ('S7258437L', '2008-02-01', 'Khoo Teck Puat Hospital', 'cough')
insert into visit values ('S7230255A', '2007-02-15', 'Khoo Teck Puat Hospital', 'backache')
insert into visit values ('S7238936P', '2008-08-09', 'Khoo Teck Puat Hospital', 'stomach problem')
insert into visit values ('S6243849V', '2009-08-05', 'Khoo Teck Puat Hospital', 'respiratory problem')
insert into visit values ('S8348105F', '2007-10-12', 'Khoo Teck Puat Hospital', 'respiratory problem')
insert into visit values ('S7317401Y', '2007-02-09', 'Khoo Teck Puat Hospital', 'fever')
insert into visit values ('S8349644P', '2008-10-04', 'Khoo Teck Puat Hospital', 'cough')
insert into visit values ('S6375477Q', '2008-09-09', 'Khoo Teck Puat Hospital', 'cephalalgia')
insert into visit values ('S8336253M', '2007-03-08', 'Khoo Teck Puat Hospital', 'stomach problem')
insert into visit values ('S7361771G', '2006-03-10', 'Khoo Teck Puat Hospital', 'backache')
insert into visit values ('S8379412E', '2009-07-20', 'Khoo Teck Puat Hospital', 'cough')
insert into visit values ('S7324994L', '2007-08-11', 'Khoo Teck Puat Hospital', 'respiratory problem')
insert into visit values ('S7379896S', '2007-04-17', 'Khoo Teck Puat Hospital', 'fever')
insert into visit values ('S6357862F', '2008-06-02', 'Khoo Teck Puat Hospital', 'fever')
insert into visit values ('S8368619G', '2007-04-17', 'Khoo Teck Puat Hospital', 'cough')
insert into visit values ('S6312939K', '2008-01-18', 'Khoo Teck Puat Hospital', 'sore throat')
insert into visit values ('S7332153N', '2007-05-12', 'Khoo Teck Puat Hospital', 'fever')
insert into visit values ('S6320248T', '2006-10-07', 'Khoo Teck Puat Hospital', 'sore throat')
insert into visit values ('S7371894D', '2007-04-15', 'Khoo Teck Puat Hospital', 'heart problem')
insert into visit values ('S8342326Q', '2008-03-04', 'Khoo Teck Puat Hospital', 'fever')
insert into visit values ('S8310633S', '2007-09-15', 'Khoo Teck Puat Hospital', 'fever')
insert into visit values ('S8367171C', '2008-09-05', 'Khoo Teck Puat Hospital', 'cephalalgia')
insert into visit values ('S7373602T', '2008-02-08', 'Khoo Teck Puat Hospital', 'backache')
insert into visit values ('S8443268C', '2009-03-03', 'Khoo Teck Puat Hospital', 'backache')
insert into visit values ('S6456314P', '2007-05-11', 'Khoo Teck Puat Hospital', 'cephalalgia')
insert into visit values ('S7425592E', '2007-05-15', 'Khoo Teck Puat Hospital', 'backache')
insert into visit values ('S8425758I', '2008-11-12', 'Khoo Teck Puat Hospital', 'cough')
insert into visit values ('S6421532V', '2008-10-16', 'Khoo Teck Puat Hospital', 'respiratory problem')
insert into visit values ('S8458523H', '2007-06-02', 'Khoo Teck Puat Hospital', 'stomach problem')
insert into visit values ('S7411581K', '2008-12-14', 'Khoo Teck Puat Hospital', 'heart problem')
insert into visit values ('S7489185S', '2007-01-18', 'Khoo Teck Puat Hospital', 'heart problem')
insert into visit values ('S6450563P', '2008-11-17', 'Khoo Teck Puat Hospital', 'cephalalgia')
insert into visit values ('S7411390P', '2009-04-04', 'Khoo Teck Puat Hospital', 'backache')
insert into visit values ('S7438497C', '2008-07-17', 'Khoo Teck Puat Hospital', 'fever')
insert into visit values ('S8497138P', '2008-03-03', 'Khoo Teck Puat Hospital', 'cough')
insert into visit values ('S7418166O', '2007-03-18', 'Khoo Teck Puat Hospital', 'backache')
insert into visit values ('S6437581Y', '2008-06-18', 'Khoo Teck Puat Hospital', 'heart problem')
insert into visit values ('S7419644Q', '2008-10-15', 'Khoo Teck Puat Hospital', 'sore throat')
insert into visit values ('S8435240O', '2006-09-13', 'Khoo Teck Puat Hospital', 'cephalalgia')
insert into visit values ('S7570667B', '2008-07-07', 'Khoo Teck Puat Hospital', 'fever')
insert into visit values ('S7551588F', '2008-02-05', 'Khoo Teck Puat Hospital', 'fever')
insert into visit values ('S7572327H', '2007-03-05', 'Khoo Teck Puat Hospital', 'stomach problem')
insert into visit values ('S8574938M', '2007-08-13', 'Khoo Teck Puat Hospital', 'stomach problem')
insert into visit values ('S7551347S', '2008-08-16', 'Khoo Teck Puat Hospital', 'cough')
insert into visit values ('S6516357V', '2007-11-04', 'Khoo Teck Puat Hospital', 'cough')
insert into visit values ('S7553175G', '2007-04-18', 'Khoo Teck Puat Hospital', 'backache')
insert into visit values ('S7560551R', '2008-06-20', 'Khoo Teck Puat Hospital', 'heart problem')
insert into visit values ('S8574638X', '2009-04-13', 'Khoo Teck Puat Hospital', 'respiratory problem')
insert into visit values ('S8554846K', '2007-09-16', 'Khoo Teck Puat Hospital', 'backache')
insert into visit values ('S7567359S', '2007-09-20', 'Khoo Teck Puat Hospital', 'stomach problem')
insert into visit values ('S7556818T', '2006-05-07', 'Khoo Teck Puat Hospital', 'fever')
insert into visit values ('S6567620J', '2007-06-05', 'Khoo Teck Puat Hospital', 'stomach problem')
insert into visit values ('S7583889O', '2006-11-05', 'Khoo Teck Puat Hospital', 'cough')
insert into visit values ('S7519334A', '2009-06-13', 'Khoo Teck Puat Hospital', 'cough')
insert into visit values ('S6572776N', '2007-06-08', 'Khoo Teck Puat Hospital', 'cough')
insert into visit values ('S7546913Q', '2009-02-08', 'Khoo Teck Puat Hospital', 'cephalalgia')
insert into visit values ('S7532173Q', '2008-12-18', 'Khoo Teck Puat Hospital', 'cephalalgia')
insert into visit values ('S6550989M', '2009-07-15', 'Khoo Teck Puat Hospital', 'respiratory problem')
insert into visit values ('S7571837V', '2007-08-16', 'Khoo Teck Puat Hospital', 'heart problem')
insert into visit values ('S7512999Y', '2008-11-08', 'Khoo Teck Puat Hospital', 'stomach problem')
insert into visit values ('S8538193I', '2007-06-17', 'Khoo Teck Puat Hospital', 'sore throat')
insert into visit values ('S8612707S', '2007-05-18', 'Khoo Teck Puat Hospital', 'backache')
insert into visit values ('S8684993G', '2008-06-18', 'Khoo Teck Puat Hospital', 'backache')
insert into visit values ('S7680197M', '2009-03-10', 'Khoo Teck Puat Hospital', 'heart problem')
insert into visit values ('S7687312H', '2009-05-12', 'Khoo Teck Puat Hospital', 'stomach problem')
insert into visit values ('S6660623I', '2009-06-06', 'Khoo Teck Puat Hospital', 'heart problem')
insert into visit values ('S8629269G', '2007-04-15', 'Khoo Teck Puat Hospital', 'fever')
insert into visit values ('S7612103K', '2006-07-03', 'Khoo Teck Puat Hospital', 'fever')
insert into visit values ('S7691378I', '2007-08-15', 'Khoo Teck Puat Hospital', 'stomach problem')
insert into visit values ('S7636847K', '2008-04-13', 'Khoo Teck Puat Hospital', 'cough')
insert into visit values ('S7666944X', '2006-10-17', 'Khoo Teck Puat Hospital', 'fever')
insert into visit values ('S7618137P', '2008-06-18', 'Khoo Teck Puat Hospital', 'backache')
insert into visit values ('S8676589W', '2008-09-03', 'Khoo Teck Puat Hospital', 'heart problem')
insert into visit values ('S8687187I', '2008-04-08', 'Khoo Teck Puat Hospital', 'cough')
insert into visit values ('S7647622E', '2009-07-05', 'Khoo Teck Puat Hospital', 'backache')
insert into visit values ('S7636200J', '2006-12-03', 'Khoo Teck Puat Hospital', 'stomach problem')
insert into visit values ('S6650749S', '2006-03-02', 'Khoo Teck Puat Hospital', 'stomach problem')
insert into visit values ('S6648445M', '2008-05-12', 'Khoo Teck Puat Hospital', 'respiratory problem')
insert into visit values ('S7672862D', '2008-10-18', 'Khoo Teck Puat Hospital', 'cephalalgia')
insert into visit values ('S6665107Z', '2006-01-10', 'Khoo Teck Puat Hospital', 'cephalalgia')
insert into visit values ('S6652817Y', '2008-11-16', 'Khoo Teck Puat Hospital', 'respiratory problem')
insert into visit values ('S7639431U', '2008-06-09', 'Khoo Teck Puat Hospital', 'sore throat')
insert into visit values ('S7631906K', '2007-04-01', 'Khoo Teck Puat Hospital', 'fever')
insert into visit values ('S7656376J', '2009-03-20', 'Khoo Teck Puat Hospital', 'cough')
insert into visit values ('S7619280N', '2009-07-08', 'Khoo Teck Puat Hospital', 'heart problem')
insert into visit values ('S8660744W', '2007-05-15', 'Khoo Teck Puat Hospital', 'cough')
insert into visit values ('S7639502T', '2008-01-09', 'Khoo Teck Puat Hospital', 'sore throat')

CREATE TABLE medical_test(patient_id varchar(30), test_name text, value text, test_date text)
insert into medical_test values ('S8284186E', 'MCH', '31 pg', '2007-11-15')
insert into medical_test values ('S8285084H', 'MCH', '26 pg', '2008-11-02')
insert into medical_test values ('S7177880B', 'heart rate', '51', '2008-05-16')
insert into medical_test values ('S7138722B', 'RDW', '13.6%', '2007-11-07')
insert into medical_test values ('S6148824M', 'ABG', ' 7.48 pH', '2008-05-07')
insert into medical_test values ('S7118261I', 'ABG', ' 7.41 pH', '2009-03-03')
insert into medical_test values ('S8187643T', 'RDW', '11.9%', '2007-04-13')
insert into medical_test values ('S7137927N', 'TIBC', '410 mcg/dl', '2007-05-06')
insert into medical_test values ('S7171753Z', 'MCH', '26 pg', '2007-01-16')
insert into medical_test values ('S6122982N', 'heart rate', '69', '2008-11-09')
insert into medical_test values ('S7145609I', 'MCH', '31 pg', '2007-09-12')
insert into medical_test values ('S8167571C', 'MCV', '99 fl', '2007-10-19')
insert into medical_test values ('S7187692Z', 'MCV', '85 fl', '2008-02-01')
insert into medical_test values ('S6112171U', 'ABG', '7.13 pH', '2009-02-11')
insert into medical_test values ('S8198765N', 'TIBC', '410 mcg/dl', '2008-10-04')
insert into medical_test values ('S7194736O', 'TIBC', '290 mcg/dl', '2006-11-10')
insert into medical_test values ('S6137306F', 'TIBC', '290 mcg/dl', '2008-07-08')
insert into medical_test values ('S8188226G', 'MCHC', '37 g/dl', '2009-06-15')
insert into medical_test values ('S6138744F', 'heart rate', '69', '2008-02-11')
insert into medical_test values ('S7171157X', 'heart rate', '71', '2009-06-10')
insert into medical_test values ('S7163297W', 'MCH', '29 pg', '2008-07-17')
insert into medical_test values ('S7195982X', 'RDW', '13.6%', '2008-12-06')
insert into medical_test values ('S7189551N', 'MCH', '29 pg', '2007-06-09')
insert into medical_test values ('S7180267D', 'RDW', '11.9%', '2007-10-14')
insert into medical_test values ('S8179734S', 'MCHC', '35 g/dl', '2007-09-07')
insert into medical_test values ('S6137904U', 'heart rate', '51', '2009-02-12')
insert into medical_test values ('S6191759M', 'MCHC', '33 g/dl', '2007-08-03')
insert into medical_test values ('S7118889U', 'MCHC', '33 g/dl', '2009-03-20')
insert into medical_test values ('S8216194K', 'heart rate', '63', '2008-09-04')
insert into medical_test values ('S7239833C', 'MCHC', '35 g/dl', '2006-10-12')
insert into medical_test values ('S7266114H', 'RDW', '14.5%', '2008-12-06')
insert into medical_test values ('S8250763O', 'TIBC', '240 mcg/dl', '2007-12-17')
insert into medical_test values ('S7272623O', 'MCHC', '33 g/dl', '2008-06-18')
insert into medical_test values ('S7295511D', 'heart rate', '63', '2007-06-03')
insert into medical_test values ('S6264862V', 'MCV', '89 fl', '2007-04-15')
insert into medical_test values ('S8214535T', 'RDW', '13.6%', '2009-04-13')
insert into medical_test values ('S8221415T', 'RDW', '11.5%', '2007-11-13')
insert into medical_test values ('S7222963R', 'MCV', '89 fl', '2008-09-18')
insert into medical_test values ('S7247817Y', 'MCH', '29 pg', '2007-09-05')
insert into medical_test values ('S7221604D', 'TIBC', '320 mcg/dl', '2008-11-12')
insert into medical_test values ('S7282601I', 'MCH', '26 pg', '2006-12-13')
insert into medical_test values ('S8298153V', 'heart rate', '69', '2008-11-03')
insert into medical_test values ('S8288407C', 'MCV', '82 fl', '2008-05-07')
insert into medical_test values ('S8274666V', 'ABG', ' 7.37 pH', '2007-08-02')
insert into medical_test values ('S6271838N', 'MCH', '31 pg', '2008-01-05')
insert into medical_test values ('S8281351K', 'MCV', '99 fl', '2008-06-14')
insert into medical_test values ('S6217328D', 'MCV', '82 fl', '2006-10-05')
insert into medical_test values ('S8288231F', 'ABG', '7.25 pH', '2007-04-16')
insert into medical_test values ('S8249545W', 'RDW', '13.6%', '2008-01-19')
insert into medical_test values ('S7282780C', 'TIBC', '400 mcg/dl', '2006-08-09')
insert into medical_test values ('S7240835V', 'TIBC', '450 mcg/dl', '2008-02-04')
insert into medical_test values ('S8247415J', 'MCH', '29 pg', '2008-04-16')
insert into medical_test values ('S7294207C', 'MCHC', '35 g/dl', '2009-06-04')
insert into medical_test values ('S7295777K', 'MCV', '89 fl', '2007-01-02')
insert into medical_test values ('S7285360P', 'heart rate', '63', '2007-01-19')
insert into medical_test values ('S7274457Z', 'MCV', '85 fl', '2008-07-06')
insert into medical_test values ('S7258437L', 'RDW', '13.6%', '2008-02-01')
insert into medical_test values ('S7230255A', 'TIBC', '410 mcg/dl', '2007-02-15')
insert into medical_test values ('S7238936P', 'MCH', '34 pg', '2008-08-09')
insert into medical_test values ('S6243849V', 'MCH', '31 pg', '2009-08-05')
insert into medical_test values ('S8348105F', 'MCH', '26 pg', '2007-10-12')
insert into medical_test values ('S7317401Y', 'heart rate', '63', '2007-02-09')
insert into medical_test values ('S8349644P', 'RDW', '13.6%', '2008-10-04')
insert into medical_test values ('S6375477Q', 'RDW', '11.9%', '2008-09-09')
insert into medical_test values ('S8336253M', 'heart rate', '63', '2007-03-08')
insert into medical_test values ('S7361771G', 'heart rate', '63', '2006-03-10')
insert into medical_test values ('S8379412E', 'MCHC', '33 g/dl', '2009-07-20')
insert into medical_test values ('S7324994L', 'ABG', '7.25 pH', '2007-08-11')
insert into medical_test values ('S7379896S', 'heart rate', '69', '2007-04-17')
insert into medical_test values ('S6357862F', 'ABG', '7.25 pH', '2008-06-02')
insert into medical_test values ('S8368619G', 'MCHC', '33 g/dl', '2007-04-17')
insert into medical_test values ('S6312939K', 'heart rate', '69', '2008-01-18')
insert into medical_test values ('S7332153N', 'MCHC', '35 g/dl', '2007-05-12')
insert into medical_test values ('S6320248T', 'MCH', '31 pg', '2006-10-07')
insert into medical_test values ('S7371894D', 'heart rate', '63', '2007-04-15')
insert into medical_test values ('S8342326Q', 'RDW', '11.5%', '2008-03-04')
insert into medical_test values ('S8310633S', 'RDW', '13.6%', '2007-09-15')
insert into medical_test values ('S8367171C', 'RDW', '14.5%', '2008-09-05')
insert into medical_test values ('S7373602T', 'ABG', ' 7.41 pH', '2008-02-08')
insert into medical_test values ('S8443268C', 'MCV', '85 fl', '2009-03-03')
insert into medical_test values ('S6456314P', 'RDW', '11.9%', '2007-05-11')
insert into medical_test values ('S7425592E', 'MCH', '34 pg', '2007-05-15')
insert into medical_test values ('S8425758I', 'MCHC', '35 g/dl', '2008-11-12')
insert into medical_test values ('S6421532V', 'MCV', '89 fl', '2008-10-16')
insert into medical_test values ('S8458523H', 'heart rate', '63', '2007-06-02')
insert into medical_test values ('S7411581K', 'MCHC', '33 g/dl', '2008-12-14')
insert into medical_test values ('S7489185S', 'MCV', '82 fl', '2007-01-18')
insert into medical_test values ('S6450563P', 'heart rate', '63', '2008-11-17')
insert into medical_test values ('S7411390P', 'RDW', '11.5%', '2009-04-04')
insert into medical_test values ('S7438497C', 'MCH', '31 pg', '2008-07-17')
insert into medical_test values ('S8497138P', 'heart rate', '63', '2008-03-03')
insert into medical_test values ('S7418166O', 'RDW', '13.6%', '2007-03-18')
insert into medical_test values ('S6437581Y', 'ABG', ' 7.41 pH', '2008-06-18')
insert into medical_test values ('S7419644Q', 'MCH', '34 pg', '2008-10-15')
insert into medical_test values ('S8435240O', 'MCV', '99 fl', '2006-09-13')
insert into medical_test values ('S7570667B', 'MCHC', '33 g/dl', '2008-07-07')
insert into medical_test values ('S7551588F', 'ABG', '7.25 pH', '2008-02-05')
insert into medical_test values ('S7572327H', 'MCHC', '35 g/dl', '2007-03-05')
insert into medical_test values ('S8574938M', 'TIBC', '410 mcg/dl', '2007-08-13')
insert into medical_test values ('S7551347S', 'TIBC', '400 mcg/dl', '2008-08-16')
insert into medical_test values ('S6516357V', 'MCHC', '33 g/dl', '2007-11-04')
insert into medical_test values ('S7553175G', 'MCHC', '37 g/dl', '2007-04-18')
insert into medical_test values ('S7560551R', 'MCHC', '35 g/dl', '2008-06-20')
insert into medical_test values ('S8574638X', 'MCV', '89 fl', '2009-04-13')
insert into medical_test values ('S8554846K', 'MCHC', '33 g/dl', '2007-09-16')
insert into medical_test values ('S7567359S', 'MCH', '29 pg', '2007-09-20')
insert into medical_test values ('S7556818T', 'RDW', '11.9%', '2006-05-07')
insert into medical_test values ('S6567620J', 'MCV', '85 fl', '2007-06-05')
insert into medical_test values ('S7583889O', 'RDW', '11.9%', '2006-11-05')
insert into medical_test values ('S7519334A', 'MCH', '26 pg', '2009-06-13')
insert into medical_test values ('S6572776N', 'MCH', '26 pg', '2007-06-08')
insert into medical_test values ('S7546913Q', 'TIBC', '320 mcg/dl', '2009-02-08')
insert into medical_test values ('S7532173Q', 'MCHC', '35 g/dl', '2008-12-18')
insert into medical_test values ('S6550989M', 'heart rate', '63', '2009-07-15')
insert into medical_test values ('S7571837V', 'RDW', '11.9%', '2007-08-16')
insert into medical_test values ('S7512999Y', 'TIBC', '240 mcg/dl', '2008-11-08')
insert into medical_test values ('S8538193I', 'heart rate', '69', '2007-06-17')
insert into medical_test values ('S8612707S', 'ABG', '7.25 pH', '2007-05-18')
insert into medical_test values ('S8684993G', 'MCH', '31 pg', '2008-06-18')
insert into medical_test values ('S7680197M', 'ABG', ' 7.37 pH', '2009-03-10')
insert into medical_test values ('S7687312H', 'MCV', '89 fl', '2009-05-12')
insert into medical_test values ('S6660623I', 'TIBC', '240 mcg/dl', '2009-06-06')
insert into medical_test values ('S8629269G', 'MCV', '89 fl', '2007-04-15')
insert into medical_test values ('S7612103K', 'MCH', '26 pg', '2006-07-03')
insert into medical_test values ('S7691378I', 'MCH', '34 pg', '2007-08-15')
insert into medical_test values ('S7636847K', 'heart rate', '63', '2008-04-13')
insert into medical_test values ('S7666944X', 'heart rate', '71', '2006-10-17')
insert into medical_test values ('S7618137P', 'RDW', '11.9%', '2008-06-18')
insert into medical_test values ('S8676589W', 'TIBC', '450 mcg/dl', '2008-09-03')
insert into medical_test values ('S8687187I', 'RDW', '13.6%', '2008-04-08')
insert into medical_test values ('S7647622E', 'TIBC', '400 mcg/dl', '2009-07-05')
insert into medical_test values ('S7636200J', 'MCV', '85 fl', '2006-12-03')
insert into medical_test values ('S6650749S', 'MCH', '34 pg', '2006-03-02')
insert into medical_test values ('S6648445M', 'TIBC', '320 mcg/dl', '2008-05-12')
insert into medical_test values ('S7672862D', 'heart rate', '51', '2008-10-18')
insert into medical_test values ('S6665107Z', 'ABG', ' 7.37 pH', '2006-01-10')
insert into medical_test values ('S6652817Y', 'heart rate', '71', '2008-11-16')
insert into medical_test values ('S7639431U', 'ABG', ' 7.48 pH', '2008-06-09')
insert into medical_test values ('S7631906K', 'MCV', '89 fl', '2007-04-01')
insert into medical_test values ('S7656376J', 'heart rate', '51', '2009-03-20')
insert into medical_test values ('S7619280N', 'MCH', '29 pg', '2009-07-08')
insert into medical_test values ('S8660744W', 'MCV', '99 fl', '2007-05-15')
insert into medical_test values ('S7639502T', 'ABG', '7.25 pH', '2008-01-09')
insert into medical_test values ('S6383364F', 'swine flu', 'positive', '2009-07-26')
insert into medical_test values ('S6416577D', 'swine flu', 'positive', '2009-07-26')
insert into medical_test values ('S8115142K', 'swine flu', 'positive', '2009-07-07')
insert into medical_test values ('S7569396C', 'swine flu', 'positive', '2009-07-10')
insert into medical_test values ('S8389759H', 'swine flu', 'positive', '2009-07-06')
insert into medical_test values ('S6276810V', 'swine flu', 'positive', '2009-07-15')
insert into medical_test values ('S7670678B', 'swine flu', 'positive', '2009-07-07')
insert into medical_test values ('S8349644P', 'swine flu', 'positive', '2009-07-12')
insert into medical_test values ('S7568997P', 'swine flu', 'positive', '2009-07-04')

CREATE TABLE allergy(patient_id varchar(30), allergy_name text)
insert into allergy values ('S8285084H', 'Alumnium')
insert into allergy values ('S6148824M', 'Androgens')
insert into allergy values ('S7118261I', 'Celecoxib')
insert into allergy values ('S8187643T', 'Celecoxib')
insert into allergy values ('S7137927N', 'Alumnium')
insert into allergy values ('S7171753Z', 'Benzyl Alcohol')
insert into allergy values ('S6122982N', 'Alumnium')
insert into allergy values ('S7145609I', 'Benzyl Alcohol')
insert into allergy values ('S7187692Z', 'Androgens')
insert into allergy values ('S6112171U', 'Benzyl Alcohol')
insert into allergy values ('S8198765N', 'Alumnium')
insert into allergy values ('S7194736O', 'Vancomcyn')
insert into allergy values ('S6137306F', 'Vancomcyn')
insert into allergy values ('S8188226G', 'Androgens')
insert into allergy values ('S7171157X', 'Celecoxib')
insert into allergy values ('S7163297W', 'Benzyl Alcohol')
insert into allergy values ('S7195982X', 'Vancomcyn')
insert into allergy values ('S7189551N', 'Celecoxib')
insert into allergy values ('S8179734S', 'Benzyl Alcohol')
insert into allergy values ('S6137904U', 'Benzyl Alcohol')
insert into allergy values ('S7118889U', 'Albumin')
insert into allergy values ('S7239833C', 'Vancomcyn')
insert into allergy values ('S7266114H', 'Vancomcyn')
insert into allergy values ('S7295511D', 'Androgens')
insert into allergy values ('S8214535T', 'Alumnium')
insert into allergy values ('S8221415T', 'Celecoxib')
insert into allergy values ('S7222963R', 'Androgens')
insert into allergy values ('S7247817Y', 'Alumnium')
insert into allergy values ('S7221604D', 'Alumnium')
insert into allergy values ('S7282601I', 'Androgens')
insert into allergy values ('S8288407C', 'Albumin')
insert into allergy values ('S6217328D', 'Celecoxib')
insert into allergy values ('S8288231F', 'Androgens')
insert into allergy values ('S8249545W', 'Albumin')
insert into allergy values ('S7240835V', 'Celecoxib')
insert into allergy values ('S7294207C', 'Albumin')
insert into allergy values ('S7295777K', 'Benzyl Alcohol')
insert into allergy values ('S7274457Z', 'Androgens')
insert into allergy values ('S7258437L', 'Vancomcyn')
insert into allergy values ('S7230255A', 'Albumin')
insert into allergy values ('S8348105F', 'Androgens')
insert into allergy values ('S7317401Y', 'Albumin')
insert into allergy values ('S8349644P', 'Benzyl Alcohol')
insert into allergy values ('S6375477Q', 'Celecoxib')
insert into allergy values ('S8336253M', 'Benzyl Alcohol')
insert into allergy values ('S7361771G', 'Albumin')
insert into allergy values ('S7324994L', 'Benzyl Alcohol')
insert into allergy values ('S8368619G', 'Alumnium')
insert into allergy values ('S6312939K', 'Albumin')
insert into allergy values ('S7332153N', 'Benzyl Alcohol')
insert into allergy values ('S6320248T', 'Albumin')
insert into allergy values ('S8342326Q', 'Vancomcyn')
insert into allergy values ('S8367171C', 'Alumnium')
insert into allergy values ('S7373602T', 'Alumnium')
insert into allergy values ('S8443268C', 'Celecoxib')
insert into allergy values ('S6456314P', 'Celecoxib')
insert into allergy values ('S8425758I', 'Vancomcyn')
insert into allergy values ('S6421532V', 'Androgens')
insert into allergy values ('S8458523H', 'Benzyl Alcohol')
insert into allergy values ('S7411581K', 'Alumnium')
insert into allergy values ('S6450563P', 'Alumnium')
insert into allergy values ('S7438497C', 'Androgens')
insert into allergy values ('S8497138P', 'Alumnium')
insert into allergy values ('S6437581Y', 'Albumin')
insert into allergy values ('S7419644Q', 'Albumin')
insert into allergy values ('S8435240O', 'Androgens')
insert into allergy values ('S7570667B', 'Albumin')
insert into allergy values ('S7551588F', 'Celecoxib')
insert into allergy values ('S7572327H', 'Albumin')
insert into allergy values ('S8574938M', 'Alumnium')
insert into allergy values ('S6516357V', 'Androgens')
insert into allergy values ('S7560551R', 'Celecoxib')
insert into allergy values ('S8554846K', 'Benzyl Alcohol')
insert into allergy values ('S7567359S', 'Celecoxib')
insert into allergy values ('S6567620J', 'Vancomcyn')
insert into allergy values ('S7519334A', 'Celecoxib')
insert into allergy values ('S6572776N', 'Alumnium')
insert into allergy values ('S7546913Q', 'Benzyl Alcohol')
insert into allergy values ('S7532173Q', 'Vancomcyn')
insert into allergy values ('S6550989M', 'Alumnium')
insert into allergy values ('S7571837V', 'Benzyl Alcohol')
insert into allergy values ('S7512999Y', 'Albumin')
insert into allergy values ('S8612707S', 'Celecoxib')
insert into allergy values ('S6660623I', 'Alumnium')
insert into allergy values ('S8629269G', 'Benzyl Alcohol')
insert into allergy values ('S7612103K', 'Benzyl Alcohol')
insert into allergy values ('S7636847K', 'Androgens')
insert into allergy values ('S8687187I', 'Vancomcyn')
insert into allergy values ('S7647622E', 'Albumin')
insert into allergy values ('S6648445M', 'Benzyl Alcohol')
insert into allergy values ('S7672862D', 'Benzyl Alcohol')
insert into allergy values ('S6665107Z', 'Albumin')
insert into allergy values ('S7639431U', 'Benzyl Alcohol')
insert into allergy values ('S7631906K', 'Androgens')
insert into allergy values ('S7656376J', 'Albumin')
insert into allergy values ('S7619280N', 'Albumin')
insert into allergy values ('S7639502T', 'Androgens')

CREATE TABLE medication(patient_id varchar(30), medicine text, dosage text, start_date text, end_date text)
insert into medication values ('S8284186E', 'Ibufprofen 400mg', 'three times a day', '2007-11-15', '2007-11-20')
insert into medication values ('S8285084H', 'Azythromycine 500mg', 'once a day, 1 injectable solution intravenously', '2008-11-02', '2008-11-09')
insert into medication values ('S7177880B', 'Azythromycine 500mg', 'once a day, 1 injectable solution intravenously', '2008-05-16', '2008-05-23')
insert into medication values ('S7138722B', 'Lactulose 10mg', 'two times a day, 5ml by mouth', '2007-11-07', '2007-11-14')
insert into medication values ('S6148824M', 'Amiodarone 20mg', 'once a day, 1 tablet by mouth', '2008-05-07', '2008-05-12')
insert into medication values ('S7118261I', 'Azythromycine 500mg', 'once a day, 1 injectable solution intravenously', '2009-03-03', '2009-03-09')
insert into medication values ('S8187643T', 'Azythromycine 500mg', 'once a day, 1 injectable solution intravenously', '2007-04-13', '2007-04-21')
insert into medication values ('S7137927N', 'Amiodarone 20mg', 'once a day, 1 tablet by mouth', '2007-05-06', '2007-05-10')
insert into medication values ('S7171753Z', 'Ceftin 500mg', 'three times a day, 1 tablet by mouth', '2007-01-16', '2007-01-20')
insert into medication values ('S6122982N', 'Azythromycine 500mg', 'once a day, 1 injectable solution intravenously', '2008-11-09', '2008-11-17')
insert into medication values ('S7145609I', 'Ibufprofen 400mg', 'three times a day', '2007-09-12', '2007-09-19')
insert into medication values ('S8167571C', 'Ceftriaxone 1g', 'once a day, 1 injectable solution intravenously', '2007-10-19', '2007-10-25')
insert into medication values ('S7187692Z', 'Amiodarone 20mg', 'once a day, 1 tablet by mouth', '2008-02-01', '2008-02-08')
insert into medication values ('S6112171U', 'Simvastatin 40mg', 'once a day, at night', '2009-02-11', '2009-02-15')
insert into medication values ('S8198765N', 'Lactulose 10mg', 'two times a day, 5ml by mouth', '2008-10-04', '2008-10-11')
insert into medication values ('S7194736O', 'Ceftriaxone 1g', 'once a day, 1 injectable solution intravenously', '2006-11-10', '2006-11-17')
insert into medication values ('S6137306F', 'Azythromycine 500mg', 'once a day, 1 injectable solution intravenously', '2008-07-08', '2008-07-12')
insert into medication values ('S8188226G', 'Amiodarone 20mg', 'once a day, 1 tablet by mouth', '2009-06-15', '2009-06-22')
insert into medication values ('S6138744F', 'Lipitor 20mg', 'once a day, at night', '2008-02-11', '2008-02-16')
insert into medication values ('S7171157X', 'Azythromycine 500mg', 'once a day, 1 injectable solution intravenously', '2009-06-10', '2009-06-15')
insert into medication values ('S7163297W', 'Lipitor 20mg', 'once a day, at night', '2008-07-17', '2008-07-22')
insert into medication values ('S7195982X', 'Ceftin 500mg', 'three times a day, 1 tablet by mouth', '2008-12-06', '2008-12-13')
insert into medication values ('S7189551N', 'Ceftin 500mg', 'three times a day, 1 tablet by mouth', '2007-06-09', '2007-06-17')
insert into medication values ('S7180267D', 'Ibufprofen 400mg', 'three times a day', '2007-10-14', '2007-10-19')
insert into medication values ('S8179734S', 'Azythromycine 500mg', 'once a day, 1 injectable solution intravenously', '2007-09-07', '2007-09-15')
insert into medication values ('S6137904U', 'Ceftriaxone 1g', 'once a day, 1 injectable solution intravenously', '2009-02-12', '2009-02-18')
insert into medication values ('S6191759M', 'Ceftin 500mg', 'three times a day, 1 tablet by mouth', '2007-08-03', '2007-08-08')
insert into medication values ('S7118889U', 'Simvastatin 40mg', 'once a day, at night', '2009-03-20', '2009-03-27')
insert into medication values ('S8216194K', 'Ibufprofen 400mg', 'three times a day', '2008-09-04', '2008-09-09')
insert into medication values ('S7239833C', 'Ibufprofen 400mg', 'three times a day', '2006-10-12', '2006-10-19')
insert into medication values ('S7266114H', 'Ceftin 500mg', 'three times a day, 1 tablet by mouth', '2008-12-06', '2008-12-11')
insert into medication values ('S8250763O', 'Lactulose 10mg', 'two times a day, 5ml by mouth', '2007-12-17', '2007-12-21')
insert into medication values ('S7272623O', 'Simvastatin 40mg', 'once a day, at night', '2008-06-18', '2008-06-24')
insert into medication values ('S7295511D', 'Lactulose 10mg', 'two times a day, 5ml by mouth', '2007-06-03', '2007-06-07')
insert into medication values ('S6264862V', 'Azythromycine 500mg', 'once a day, 1 injectable solution intravenously', '2007-04-15', '2007-04-21')
insert into medication values ('S8214535T', 'Ceftin 500mg', 'three times a day, 1 tablet by mouth', '2009-04-13', '2009-04-20')
insert into medication values ('S8221415T', 'Ibufprofen 400mg', 'three times a day', '2007-11-13', '2007-11-20')
insert into medication values ('S7222963R', 'Lipitor 20mg', 'once a day, at night', '2008-09-18', '2008-09-24')
insert into medication values ('S7247817Y', 'Ceftin 500mg', 'three times a day, 1 tablet by mouth', '2007-09-05', '2007-09-10')
insert into medication values ('S7221604D', 'Amiodarone 20mg', 'once a day, 1 tablet by mouth', '2008-11-12', '2008-11-18')
insert into medication values ('S7282601I', 'Ibufprofen 400mg', 'three times a day', '2006-12-13', '2006-12-17')
insert into medication values ('S8298153V', 'Ceftin 500mg', 'three times a day, 1 tablet by mouth', '2008-11-03', '2008-11-08')
insert into medication values ('S8288407C', 'Simvastatin 40mg', 'once a day, at night', '2008-05-07', '2008-05-14')
insert into medication values ('S8274666V', 'Ceftin 500mg', 'three times a day, 1 tablet by mouth', '2007-08-02', '2007-08-08')
insert into medication values ('S6271838N', 'Azythromycine 500mg', 'once a day, 1 injectable solution intravenously', '2008-01-05', '2008-01-10')
insert into medication values ('S8281351K', 'Simvastatin 40mg', 'once a day, at night', '2008-06-14', '2008-06-20')
insert into medication values ('S6217328D', 'Ceftriaxone 1g', 'once a day, 1 injectable solution intravenously', '2006-10-05', '2006-10-11')
insert into medication values ('S8288231F', 'Ceftin 500mg', 'three times a day, 1 tablet by mouth', '2007-04-16', '2007-04-21')
insert into medication values ('S8249545W', 'Ibufprofen 400mg', 'three times a day', '2008-01-19', '2008-01-24')
insert into medication values ('S7282780C', 'Simvastatin 40mg', 'once a day, at night', '2006-08-09', '2006-08-15')
insert into medication values ('S7240835V', 'Amiodarone 20mg', 'once a day, 1 tablet by mouth', '2008-02-04', '2008-02-10')
insert into medication values ('S8247415J', 'Lipitor 20mg', 'once a day, at night', '2008-04-16', '2008-04-21')
insert into medication values ('S7294207C', 'Azythromycine 500mg', 'once a day, 1 injectable solution intravenously', '2009-06-04', '2009-06-10')
insert into medication values ('S7295777K', 'Amiodarone 20mg', 'once a day, 1 tablet by mouth', '2007-01-02', '2007-01-07')
insert into medication values ('S7285360P', 'Azythromycine 500mg', 'once a day, 1 injectable solution intravenously', '2007-01-19', '2007-01-25')
insert into medication values ('S7274457Z', 'Ibufprofen 400mg', 'three times a day', '2008-07-06', '2008-07-10')
insert into medication values ('S7258437L', 'Azythromycine 500mg', 'once a day, 1 injectable solution intravenously', '2008-02-01', '2008-02-05')
insert into medication values ('S7230255A', 'Azythromycine 500mg', 'once a day, 1 injectable solution intravenously', '2007-02-15', '2007-02-20')
insert into medication values ('S7238936P', 'Simvastatin 40mg', 'once a day, at night', '2008-08-09', '2008-08-16')
insert into medication values ('S6243849V', 'Amiodarone 20mg', 'once a day, 1 tablet by mouth', '2009-08-05', '2009-08-13')
insert into medication values ('S8348105F', 'Amiodarone 20mg', 'once a day, 1 tablet by mouth', '2007-10-12', '2007-10-16')
insert into medication values ('S7317401Y', 'Lactulose 10mg', 'two times a day, 5ml by mouth', '2007-02-09', '2007-02-17')
insert into medication values ('S8349644P', 'Ceftin 500mg', 'three times a day, 1 tablet by mouth', '2008-10-04', '2008-10-10')
insert into medication values ('S6375477Q', 'Simvastatin 40mg', 'once a day, at night', '2008-09-09', '2008-09-15')
insert into medication values ('S8336253M', 'Ibufprofen 400mg', 'three times a day', '2007-03-08', '2007-03-12')
insert into medication values ('S7361771G', 'Ceftin 500mg', 'three times a day, 1 tablet by mouth', '2006-03-10', '2006-03-16')
insert into medication values ('S8379412E', 'Amiodarone 20mg', 'once a day, 1 tablet by mouth', '2009-07-20', '2009-07-27')
insert into medication values ('S7324994L', 'Azythromycine 500mg', 'once a day, 1 injectable solution intravenously', '2007-08-11', '2007-08-15')
insert into medication values ('S7379896S', 'Ibufprofen 400mg', 'three times a day', '2007-04-17', '2007-04-21')
insert into medication values ('S6357862F', 'Simvastatin 40mg', 'once a day, at night', '2008-06-02', '2008-06-07')
insert into medication values ('S8368619G', 'Lactulose 10mg', 'two times a day, 5ml by mouth', '2007-04-17', '2007-04-24')
insert into medication values ('S6312939K', 'Lactulose 10mg', 'two times a day, 5ml by mouth', '2008-01-18', '2008-01-24')
insert into medication values ('S7332153N', 'Azythromycine 500mg', 'once a day, 1 injectable solution intravenously', '2007-05-12', '2007-05-18')
insert into medication values ('S6320248T', 'Simvastatin 40mg', 'once a day, at night', '2006-10-07', '2006-10-13')
insert into medication values ('S7371894D', 'Amiodarone 20mg', 'once a day, 1 tablet by mouth', '2007-04-15', '2007-04-19')
insert into medication values ('S8342326Q', 'Lactulose 10mg', 'two times a day, 5ml by mouth', '2008-03-04', '2008-03-11')
insert into medication values ('S8310633S', 'Amiodarone 20mg', 'once a day, 1 tablet by mouth', '2007-09-15', '2007-09-20')
insert into medication values ('S8367171C', 'Simvastatin 40mg', 'once a day, at night', '2008-09-05', '2008-09-10')
insert into medication values ('S7373602T', 'Ibufprofen 400mg', 'three times a day', '2008-02-08', '2008-02-14')
insert into medication values ('S8443268C', 'Amiodarone 20mg', 'once a day, 1 tablet by mouth', '2009-03-03', '2009-03-11')
insert into medication values ('S6456314P', 'Ceftin 500mg', 'three times a day, 1 tablet by mouth', '2007-05-11', '2007-05-17')
insert into medication values ('S7425592E', 'Azythromycine 500mg', 'once a day, 1 injectable solution intravenously', '2007-05-15', '2007-05-23')
insert into medication values ('S8425758I', 'Azythromycine 500mg', 'once a day, 1 injectable solution intravenously', '2008-11-12', '2008-11-16')
insert into medication values ('S6421532V', 'Ceftriaxone 1g', 'once a day, 1 injectable solution intravenously', '2008-10-16', '2008-10-24')
insert into medication values ('S8458523H', 'Azythromycine 500mg', 'once a day, 1 injectable solution intravenously', '2007-06-02', '2007-06-07')
insert into medication values ('S7411581K', 'Amiodarone 20mg', 'once a day, 1 tablet by mouth', '2008-12-14', '2008-12-22')
insert into medication values ('S7489185S', 'Lactulose 10mg', 'two times a day, 5ml by mouth', '2007-01-18', '2007-01-23')
insert into medication values ('S6450563P', 'Lipitor 20mg', 'once a day, at night', '2008-11-17', '2008-11-22')
insert into medication values ('S7411390P', 'Simvastatin 40mg', 'once a day, at night', '2009-04-04', '2009-04-10')
insert into medication values ('S7438497C', 'Simvastatin 40mg', 'once a day, at night', '2008-07-17', '2008-07-25')
insert into medication values ('S8497138P', 'Ceftin 500mg', 'three times a day, 1 tablet by mouth', '2008-03-03', '2008-03-11')
insert into medication values ('S7418166O', 'Ceftriaxone 1g', 'once a day, 1 injectable solution intravenously', '2007-03-18', '2007-03-24')
insert into medication values ('S6437581Y', 'Ibufprofen 400mg', 'three times a day', '2008-06-18', '2008-06-25')
insert into medication values ('S7419644Q', 'Azythromycine 500mg', 'once a day, 1 injectable solution intravenously', '2008-10-15', '2008-10-22')
insert into medication values ('S8435240O', 'Ibufprofen 400mg', 'three times a day', '2006-09-13', '2006-09-17')
insert into medication values ('S7570667B', 'Simvastatin 40mg', 'once a day, at night', '2008-07-07', '2008-07-14')
insert into medication values ('S7551588F', 'Lactulose 10mg', 'two times a day, 5ml by mouth', '2008-02-05', '2008-02-10')
insert into medication values ('S7572327H', 'Azythromycine 500mg', 'once a day, 1 injectable solution intravenously', '2007-03-05', '2007-03-10')
insert into medication values ('S8574938M', 'Ceftin 500mg', 'three times a day, 1 tablet by mouth', '2007-08-13', '2007-08-20')
insert into medication values ('S7551347S', 'Simvastatin 40mg', 'once a day, at night', '2008-08-16', '2008-08-20')
insert into medication values ('S6516357V', 'Ceftin 500mg', 'three times a day, 1 tablet by mouth', '2007-11-04', '2007-11-10')
insert into medication values ('S7553175G', 'Simvastatin 40mg', 'once a day, at night', '2007-04-18', '2007-04-26')
insert into medication values ('S7560551R', 'Azythromycine 500mg', 'once a day, 1 injectable solution intravenously', '2008-06-20', '2008-06-27')
insert into medication values ('S8574638X', 'Simvastatin 40mg', 'once a day, at night', '2009-04-13', '2009-04-18')
insert into medication values ('S8554846K', 'Simvastatin 40mg', 'once a day, at night', '2007-09-16', '2007-09-20')
insert into medication values ('S7567359S', 'Ibufprofen 400mg', 'three times a day', '2007-09-20', '2007-09-27')
insert into medication values ('S7556818T', 'Simvastatin 40mg', 'once a day, at night', '2006-05-07', '2006-05-13')
insert into medication values ('S6567620J', 'Azythromycine 500mg', 'once a day, 1 injectable solution intravenously', '2007-06-05', '2007-06-10')
insert into medication values ('S7583889O', 'Ceftin 500mg', 'three times a day, 1 tablet by mouth', '2006-11-05', '2006-11-11')
insert into medication values ('S7519334A', 'Azythromycine 500mg', 'once a day, 1 injectable solution intravenously', '2009-06-13', '2009-06-18')
insert into medication values ('S6572776N', 'Amiodarone 20mg', 'once a day, 1 tablet by mouth', '2007-06-08', '2007-06-14')
insert into medication values ('S7546913Q', 'Simvastatin 40mg', 'once a day, at night', '2009-02-08', '2009-02-14')
insert into medication values ('S7532173Q', 'Ceftin 500mg', 'three times a day, 1 tablet by mouth', '2008-12-18', '2008-12-25')
insert into medication values ('S6550989M', 'Simvastatin 40mg', 'once a day, at night', '2009-07-15', '2009-07-21')
insert into medication values ('S7571837V', 'Ceftriaxone 1g', 'once a day, 1 injectable solution intravenously', '2007-08-16', '2007-08-23')
insert into medication values ('S7512999Y', 'Amiodarone 20mg', 'once a day, 1 tablet by mouth', '2008-11-08', '2008-11-14')
insert into medication values ('S8538193I', 'Simvastatin 40mg', 'once a day, at night', '2007-06-17', '2007-06-25')
insert into medication values ('S8612707S', 'Simvastatin 40mg', 'once a day, at night', '2007-05-18', '2007-05-25')
insert into medication values ('S8684993G', 'Azythromycine 500mg', 'once a day, 1 injectable solution intravenously', '2008-06-18', '2008-06-25')
insert into medication values ('S7680197M', 'Simvastatin 40mg', 'once a day, at night', '2009-03-10', '2009-03-15')
insert into medication values ('S7687312H', 'Simvastatin 40mg', 'once a day, at night', '2009-05-12', '2009-05-18')
insert into medication values ('S6660623I', 'Azythromycine 500mg', 'once a day, 1 injectable solution intravenously', '2009-06-06', '2009-06-11')
insert into medication values ('S8629269G', 'Ceftriaxone 1g', 'once a day, 1 injectable solution intravenously', '2007-04-15', '2007-04-23')
insert into medication values ('S7612103K', 'Ceftin 500mg', 'three times a day, 1 tablet by mouth', '2006-07-03', '2006-07-08')
insert into medication values ('S7691378I', 'Simvastatin 40mg', 'once a day, at night', '2007-08-15', '2007-08-20')
insert into medication values ('S7636847K', 'Lactulose 10mg', 'two times a day, 5ml by mouth', '2008-04-13', '2008-04-17')
insert into medication values ('S7666944X', 'Amiodarone 20mg', 'once a day, 1 tablet by mouth', '2006-10-17', '2006-10-24')
insert into medication values ('S7618137P', 'Ceftriaxone 1g', 'once a day, 1 injectable solution intravenously', '2008-06-18', '2008-06-23')
insert into medication values ('S8676589W', 'Simvastatin 40mg', 'once a day, at night', '2008-09-03', '2008-09-08')
insert into medication values ('S8687187I', 'Lactulose 10mg', 'two times a day, 5ml by mouth', '2008-04-08', '2008-04-13')
insert into medication values ('S7647622E', 'Ibufprofen 400mg', 'three times a day', '2009-07-05', '2009-07-12')
insert into medication values ('S7636200J', 'Simvastatin 40mg', 'once a day, at night', '2006-12-03', '2006-12-07')
insert into medication values ('S6650749S', 'Simvastatin 40mg', 'once a day, at night', '2006-03-02', '2006-03-08')
insert into medication values ('S6648445M', 'Simvastatin 40mg', 'once a day, at night', '2008-05-12', '2008-05-20')
insert into medication values ('S7672862D', 'Ceftin 500mg', 'three times a day, 1 tablet by mouth', '2008-10-18', '2008-10-24')
insert into medication values ('S6665107Z', 'Ibufprofen 400mg', 'three times a day', '2006-01-10', '2006-01-17')
insert into medication values ('S6652817Y', 'Lactulose 10mg', 'two times a day, 5ml by mouth', '2008-11-16', '2008-11-22')
insert into medication values ('S7639431U', 'Ceftin 500mg', 'three times a day, 1 tablet by mouth', '2008-06-09', '2008-06-16')
insert into medication values ('S7631906K', 'Lipitor 20mg', 'once a day, at night', '2007-04-01', '2007-04-05')
insert into medication values ('S7656376J', 'Ibufprofen 400mg', 'three times a day', '2009-03-20', '2009-03-24')
insert into medication values ('S7619280N', 'Ceftin 500mg', 'three times a day, 1 tablet by mouth', '2009-07-08', '2009-07-16')
insert into medication values ('S8660744W', 'Azythromycine 500mg', 'once a day, 1 injectable solution intravenously', '2007-05-15', '2007-05-19')
insert into medication values ('S7639502T', 'Ceftriaxone 1g', 'once a day, 1 injectable solution intravenously', '2008-01-09', '2008-01-16')
