drop database if exists localdb
create database if not exists localdb
use localdb

CREATE TABLE patient(patient_id varchar(30) NOT NULL, first_name text, last_name text, date_of_birth text, age integer, gender text, address text, nationality text, CONSTRAINT patient_pkey PRIMARY KEY (patient_id))
insert into patient values ('S8348105F', 'CHEE HOONG', 'CHAN', '1974-09-08', 35, 'female', 'Katong', 'Singaporean')
insert into patient values ('S7339325H', 'SIEW HOON', 'TEO', '1982-03-13', 27, 'male', 'Bedok', 'Singaporean')
insert into patient values ('S6360572M', 'THIN LONG', 'SOH', '1969-11-11', 40, 'female', 'Toa Payo', 'Singaporean')
insert into patient values ('S8335471E', 'CHIANG HONG', 'LIM', '1975-11-14', 34, 'female', 'Keppel', 'Singaporean')
insert into patient values ('S7317401Y', 'KIM SUN', 'CHOW', '1978-06-17', 31, 'male', 'Bedok', 'Singaporean')
insert into patient values ('S6345606W', 'SEE HUI', 'NG', '1983-05-17', 26, 'female', 'Dover', 'Singaporean')
insert into patient values ('S6393430D', 'CHER SOON', 'KOH', '1983-08-23', 26, 'female', 'Changi', 'Singaporean')
insert into patient values ('S7318587P', 'DAO JUN', 'SUN', '1985-08-04', 24, 'male', 'Dover', 'Singaporean')
insert into patient values ('S7349610L', 'YIONG SOON', 'TAN', '1977-09-20', 32, 'male', 'Punggol', 'Singaporean')
insert into patient values ('S7389925V', 'CHEH HSIEN', 'LEE', '1974-11-06', 35, 'female', 'Bedok', 'Singaporean')
insert into patient values ('S8368381N', 'KEOK WEN', 'TAN', '1988-02-11', 21, 'male', 'Changi', 'Singaporean')
insert into patient values ('S7383354B', 'TEE PHUANG DESMOND', 'LEONG', '1988-05-10', 21, 'female', 'Toa Payo', 'Singaporean')
insert into patient values ('S7376149R', 'GOY TECK', 'LIM', '1982-12-12', 27, 'male', 'Chinatown', 'Singaporean')
insert into patient values ('S8349644P', 'YINKO JONATHAN CHEN SHIM', 'LEUNG', '1971-08-09', 38, 'female', 'Dover', 'Singaporean')
insert into patient values ('S8315718I', 'MUN FAI', 'KUM', '1976-06-10', 33, 'female', 'Keppel', 'Singaporean')
insert into patient values ('S7384829T', 'E TZE CHRISTOPHER', 'ANG', '1980-05-12', 29, 'female', 'Changi', 'Singaporean')
insert into patient values ('S6375477Q', 'CHOW PING', 'KOH', '1979-12-17', 30, 'female', 'Bedok', 'Singaporean')
insert into patient values ('S7333961H', 'GEK CHOO', 'GOH', '1975-06-17', 34, 'female', 'Keppel', 'Singaporean')
insert into patient values ('S8336253M', 'HANG SONG', 'CHEW', '1983-08-14', 26, 'male', 'Bedok', 'Singaporean')
insert into patient values ('S8332692R', 'YUEFEN JOCELYN', 'ZHUANG', '1980-04-22', 29, 'male', 'Katong', 'Singaporean')
insert into patient values ('S7361771G', 'BOON LAY', 'SEE', '1974-10-03', 35, 'female', 'Bedok', 'Singaporean')
insert into patient values ('S7339689Y', 'LI PENG', 'TAN', '1972-04-18', 37, 'female', 'Dover', 'Singaporean')
insert into patient values ('S8379412E', 'WEI NING', 'LOW', '1970-10-11', 39, 'male', 'Punggol', 'Singaporean')
insert into patient values ('S6366711L', 'CHEE KIONG WINSTON', 'YEOH', '1976-02-07', 33, 'male', 'Toa Payo', 'Singaporean')
insert into patient values ('S7363216J', 'THIAM LOONG', 'YOW', '1972-05-09', 37, 'male', 'Changi', 'Singaporean')
insert into patient values ('S7324994L', 'D/O VELLASAMY', 'SHOBHA', '1973-07-15', 36, 'male', 'Katong', 'Singaporean')
insert into patient values ('S7379896S', 'SENG CHUAN', 'LING', '1972-09-04', 37, 'male', 'Punggol', 'Singaporean')
insert into patient values ('S7344344B', 'SEONG HIAN', 'CHUA', '1974-04-24', 35, 'female', 'Punggol', 'Singaporean')
insert into patient values ('S8340180C', 'MEI FER', 'TAN', '1972-10-26', 37, 'female', 'Changi', 'Singaporean')
insert into patient values ('S6349706E', 'KIM CHUAN', 'CHNG', '1989-04-19', 20, 'female', 'Punggol', 'Singaporean')
insert into patient values ('S6362834T', 'YING YING ELICIA', 'AW', '1983-02-15', 26, 'male', 'Changi', 'Singaporean')
insert into patient values ('S8333395H', 'MONG WEE JOHN', 'NG', '1978-08-16', 31, 'female', 'Dover', 'Singaporean')
insert into patient values ('S8350414C', 'WEE TIONG', 'KOH', '1978-03-16', 31, 'male', 'Bedok', 'Singaporean')
insert into patient values ('S7321586W', 'YIONG SOON', 'TAN', '1976-03-20', 33, 'male', 'Toa Payo', 'Singaporean')
insert into patient values ('S7380486C', 'CHENG PIAU ED', 'FUNG', '1988-02-25', 21, 'male', 'Punggol', 'Singaporean')
insert into patient values ('S7373485O', 'SHU HAO', 'LEE', '1973-11-23', 36, 'female', 'Katong', 'Singaporean')
insert into patient values ('S6389533V', 'YASA JAYANTO', 'DHARMA', '1981-07-24', 28, 'female', 'Keppel', 'Singaporean')
insert into patient values ('S6357862F', 'BOON KENG', 'CHUA', '1988-04-06', 21, 'male', 'Punggol', 'Singaporean')
insert into patient values ('S6313358Q', 'HWEE LIM', 'WONG', '1977-11-06', 32, 'male', 'Bedok', 'Singaporean')
insert into patient values ('S7339790O', 'PEI CHIN', 'LOW', '1974-05-19', 35, 'female', 'Dover', 'Singaporean')
insert into patient values ('S6312912J', 'SIEW LIANG', 'YEO', '1975-03-24', 34, 'female', 'Changi', 'Singaporean')
insert into patient values ('S7386536E', 'YEW KOK', 'LEE', '1976-09-24', 33, 'female', 'Keppel', 'Singaporean')
insert into patient values ('S7311857S', 'WEE SIANG', 'TAN', '1980-05-25', 29, 'female', 'Toa Payo', 'Singaporean')
insert into patient values ('S8316390O', 'KHYE YEIEN', 'CHAI', '1973-10-06', 36, 'male', 'Bedok', 'Singaporean')
insert into patient values ('S7311779V', 'KWONG WEE MATTHIAS', 'SIM', '1987-06-09', 22, 'male', 'Dover', 'Singaporean')
insert into patient values ('S7371733P', 'LINNA', 'THUM', '1971-06-07', 38, 'male', 'Toa Payo', 'Singaporean')
insert into patient values ('S6391267Y', 'WEI YANG', 'CHUA', '1979-11-21', 30, 'female', 'Punggol', 'Singaporean')
insert into patient values ('S6368782G', 'LI PENG', 'TAN', '1971-06-14', 38, 'female', 'Toa Payo', 'Singaporean')
insert into patient values ('S7396209Y', 'WEN XIAN RUEBEN', 'LIM', '1984-04-25', 25, 'male', 'Changi', 'Singaporean')
insert into patient values ('S7392849H', 'TZE KERN', 'LIM', '1971-11-14', 38, 'male', 'Changi', 'Singaporean')
insert into patient values ('S6396447J', 'KI MIEN', 'TAN', '1974-04-18', 35, 'female', 'Punggol', 'Singaporean')
insert into patient values ('S8368619G', 'WEI SHAN CHARLEEN', 'ANG', '1989-03-07', 20, 'male', 'Dover', 'Singaporean')
insert into patient values ('S8362218F', 'PECK YING CHRISTINA', 'CHEONG', '1987-06-26', 22, 'male', 'Bedok', 'Singaporean')
insert into patient values ('S7371529L', 'WEE HONG', 'GOH', '1977-11-18', 32, 'male', 'Keppel', 'Singaporean')
insert into patient values ('S6371959L', 'KOK THAI LARRY', 'TOH', '1979-02-04', 30, 'female', 'Dover', 'Singaporean')
insert into patient values ('S6386993K', 'HAN CHIN MICHAEL', 'LEONG', '1987-05-06', 22, 'male', 'Dover', 'Singaporean')
insert into patient values ('S7354472R', 'CHUAN CHING', 'TAN', '1986-03-26', 23, 'female', 'Chinatown', 'Singaporean')
insert into patient values ('S6370731K', 'CHEW YUEN NURDIN', 'NJIAUW', '1985-11-04', 24, 'male', 'Dover', 'Singaporean')
insert into patient values ('S6312939K', 'KIM SING', 'TOH', '1982-02-13', 27, 'female', 'Dover', 'Singaporean')
insert into patient values ('S7332153N', 'CHEE MUN RONNIE', 'CHEW', '1987-07-19', 22, 'female', 'Punggol', 'Singaporean')
insert into patient values ('S7398479T', 'SUE CHEK', 'LIM', '1987-10-27', 22, 'female', 'Bedok', 'Singaporean')
insert into patient values ('S7355746X', 'YUNG HSIEN TIMOTHY', 'LOH', '1977-05-13', 32, 'male', 'Bedok', 'Singaporean')
insert into patient values ('S7332161F', 'JUNEY', 'FOO', '1986-03-26', 23, 'male', 'Dover', 'Singaporean')
insert into patient values ('S6332566V', 'BUAN HOW', 'TAY', '1969-08-12', 40, 'female', 'Toa Payo', 'Singaporean')
insert into patient values ('S6357202S', 'TZONG RONG', 'TAN', '1987-06-18', 22, 'female', 'Punggol', 'Singaporean')
insert into patient values ('S7348591U', 'JAFFREY', 'AW', '1989-06-16', 20, 'female', 'Bedok', 'Singaporean')
insert into patient values ('S8381659U', 'LI WEN VALERIE', 'QUEK', '1978-06-19', 31, 'male', 'Bedok', 'Singaporean')
insert into patient values ('S7370922I', 'KIM SING', 'TOH', '1975-11-04', 34, 'female', 'Toa Payo', 'Singaporean')
insert into patient values ('S8372548V', 'WAI NAM', 'YAU', '1986-07-27', 23, 'male', 'Punggol', 'Singaporean')
insert into patient values ('S6320248T', 'HOCK HENG ALAN', 'HENG', '1976-06-22', 33, 'male', 'Bedok', 'Singaporean')
insert into patient values ('S6383364F', 'HUEI LING', 'GOH', '1978-05-10', 31, 'female', 'Toa Payo', 'Singaporean')
insert into patient values ('S7387472D', 'DEDY', 'SURYADINATA', '1976-01-12', 33, 'male', 'Dover', 'Singaporean')
insert into patient values ('S8385597K', 'CHIN WAI', 'LEE', '1975-07-01', 34, 'male', 'Dover', 'Singaporean')
insert into patient values ('S7384693B', 'AI LEE', 'TAN', '1978-06-19', 31, 'female', 'Changi', 'Singaporean')
insert into patient values ('S6371766U', 'YON CHI GABRIEL', 'YEE', '1982-07-03', 27, 'female', 'Bedok', 'Singaporean')
insert into patient values ('S7360896F', 'TZE KHIANG', 'NG', '1983-10-11', 26, 'female', 'Punggol', 'Singaporean')
insert into patient values ('S6327991O', 'SEAN MAY', 'WONG', '1983-02-21', 26, 'female', 'Bedok', 'Singaporean')
insert into patient values ('S6359864B', 'SHU YING', 'WEE', '1970-09-21', 39, 'female', 'Bedok', 'Singaporean')
insert into patient values ('S7325306N', 'WEE KIAN ROY', 'CHIA', '1980-04-14', 29, 'male', 'Toa Payo', 'Singaporean')
insert into patient values ('S6393744M', 'KOK PENG', 'NA', '1978-04-17', 31, 'male', 'Toa Payo', 'Singaporean')
insert into patient values ('S8368463T', 'CHUN KEONG KELVIN', 'GOH', '1977-02-26', 32, 'female', 'Punggol', 'Singaporean')
insert into patient values ('S8363918O', 'FARESH BIN KAMISH', 'MUHAMAD', '1973-04-06', 36, 'male', 'Punggol', 'Singaporean')
insert into patient values ('S7371894D', 'ILINGH LUKE', 'CHEN', '1989-07-07', 20, 'female', 'Dover', 'Singaporean')
insert into patient values ('S6340868E', 'THIN LONG', 'SOH', '1987-12-18', 22, 'female', 'Punggol', 'Singaporean')
insert into patient values ('S7319329E', 'BOON CHIAO', 'CHOO', '1976-08-27', 33, 'male', 'Keppel', 'Singaporean')
insert into patient values ('S6326525L', 'WEI LEONG', 'SIN', '1986-01-24', 23, 'male', 'Dover', 'Singaporean')
insert into patient values ('S6317156I', 'WEI YEP ALEX', 'CHAI', '1975-10-23', 34, 'female', 'Changi', 'Singaporean')
insert into patient values ('S6341642M', 'KIA YONG', 'SOO', '1985-03-11', 24, 'male', 'Keppel', 'Singaporean')
insert into patient values ('S8342326Q', 'WEE LIANG', 'LIM', '1985-04-04', 24, 'female', 'Keppel', 'Singaporean')
insert into patient values ('S7346753I', 'KONG FAI', 'CHAN', '1979-03-18', 30, 'male', 'Changi', 'Singaporean')
insert into patient values ('S6356403H', 'JUN MING', 'CHUA', '1974-05-11', 35, 'female', 'Katong', 'Singaporean')
insert into patient values ('S8345680L', 'HUI LING', 'CHAN', '1973-06-06', 36, 'male', 'Chinatown', 'Singaporean')
insert into patient values ('S6363610T', 'ZHI HAO KEVIN', 'TAY', '1986-03-18', 23, 'male', 'Dover', 'Singaporean')
insert into patient values ('S7332104J', 'SUAN SONG', 'LOY', '1974-01-16', 35, 'male', 'Dover', 'Singaporean')
insert into patient values ('S8310633S', 'ZHI PENG JIMMY', 'LOO', '1970-03-27', 39, 'female', 'Punggol', 'Singaporean')
insert into patient values ('S7368828O', 'LEE-EE PATRICK', 'LING', '1982-11-18', 27, 'male', 'Toa Payo', 'Singaporean')
insert into patient values ('S6358490F', 'SIOW WOON', 'TIEW', '1984-11-09', 25, 'female', 'Dover', 'Singaporean')
insert into patient values ('S8312408R', 'PERK LIM', 'CHUA', '1980-08-25', 29, 'female', 'Dover', 'Singaporean')
insert into patient values ('S8389759H', 'KEE LEE', 'GOH', '1983-03-27', 26, 'male', 'Bedok', 'Singaporean')
insert into patient values ('S8367171C', 'YAN SHIN CALEB SOEDIARTO', 'TAN', '1971-07-11', 38, 'male', 'Changi', 'Singaporean')
insert into patient values ('S6398635H', 'HUI ZHI REBECCA', 'LIN', '1978-02-22', 31, 'male', 'Keppel', 'Singaporean')
insert into patient values ('S7373602T', 'WENG CHEW', 'KOK', '1974-03-16', 35, 'male', 'Punggol', 'Singaporean')
insert into patient values ('S8315555Y', 'SIEW LEE', 'SEAH', '1976-03-05', 33, 'male', 'Katong', 'Singaporean')
insert into patient values ('S6314386X', 'CHEE MING', 'LIM', '1977-11-20', 32, 'male', 'Toa Payo', 'Singaporean')
insert into patient values ('S8330212E', 'SIANG KOK ROGER', 'CHAN', '1987-03-14', 22, 'male', 'Chinatown', 'Singaporean')
insert into patient values ('S7382354U', 'CHONG KEAT', 'WONG', '1980-10-12', 29, 'female', 'Punggol', 'Singaporean')
insert into patient values ('S8320945J', 'SIOW WOON', 'TIEW', '1976-06-22', 33, 'female', 'Punggol', 'Singaporean')
insert into patient values ('S6327343G', 'EE LIN JAROD', 'ONG', '1970-05-17', 39, 'female', 'Bedok', 'Singaporean')
insert into patient values ('S8369191Q', 'SOCK FOONG', 'LIM', '1985-05-13', 24, 'male', 'Dover', 'Singaporean')
insert into patient values ('S7327554V', 'HAN LEONG', 'NEO', '1971-02-03', 38, 'male', 'Toa Payo', 'Singaporean')

CREATE TABLE physician(physician_id varchar(30) NOT NULL, first_name text, last_name text, CONSTRAINT patient_pkey PRIMARY KEY (physician_id))
insert into physician values ('PH3000001', 'TAN', 'WEI TIONG')
insert into physician values ('PH3000002', 'LEE', 'CHEUK YIN')

CREATE TABLE treat(patient_id varchar(30), physician_id varchar(30), start_date text, end_date text)
insert into treat values ('S8284186E', 'PH3000001', '2006-02-09', '2006-02-15')
insert into treat values ('S8284186E', 'PH3000002', '2006-02-09', '2006-02-16')
insert into treat values ('S8285084H', 'PH3000001', '2008-01-14', '2008-01-20')
insert into treat values ('S8285084H', 'PH3000002', '2008-01-14', '2008-01-20')
insert into treat values ('S7177880B', 'PH3000001', '2009-03-03', '2009-03-09')
insert into treat values ('S7177880B', 'PH3000002', '2009-03-03', '2009-03-10')
insert into treat values ('S7138722B', 'PH3000001', '2007-11-18', '2007-11-23')
insert into treat values ('S7138722B', 'PH3000002', '2007-11-18', '2007-11-25')
insert into treat values ('S6148824M', 'PH3000001', '2006-10-07', '2006-10-12')
insert into treat values ('S6148824M', 'PH3000002', '2006-10-07', '2006-10-12')
insert into treat values ('S7118261I', 'PH3000001', '2008-11-18', '2008-11-22')
insert into treat values ('S7118261I', 'PH3000002', '2008-11-18', '2008-11-23')
insert into treat values ('S8187643T', 'PH3000001', '2007-08-06', '2007-08-12')
insert into treat values ('S8187643T', 'PH3000002', '2007-08-06', '2007-08-10')
insert into treat values ('S7137927N', 'PH3000001', '2007-08-06', '2007-08-13')
insert into treat values ('S7137927N', 'PH3000002', '2007-08-06', '2007-08-10')
insert into treat values ('S7171753Z', 'PH3000001', '2008-11-14', '2008-11-22')
insert into treat values ('S7171753Z', 'PH3000002', '2008-11-14', '2008-11-19')
insert into treat values ('S6122982N', 'PH3000001', '2008-11-08', '2008-11-13')
insert into treat values ('S6122982N', 'PH3000002', '2008-11-08', '2008-11-14')
insert into treat values ('S7145609I', 'PH3000001', '2006-03-03', '2006-03-07')
insert into treat values ('S7145609I', 'PH3000002', '2006-03-03', '2006-03-08')
insert into treat values ('S8167571C', 'PH3000001', '2007-04-03', '2007-04-09')
insert into treat values ('S8167571C', 'PH3000002', '2007-04-03', '2007-04-10')
insert into treat values ('S7187692Z', 'PH3000001', '2007-07-05', '2007-07-10')
insert into treat values ('S7187692Z', 'PH3000002', '2007-07-05', '2007-07-12')
insert into treat values ('S6112171U', 'PH3000001', '2007-06-13', '2007-06-17')
insert into treat values ('S6112171U', 'PH3000002', '2007-06-13', '2007-06-18')
insert into treat values ('S8198765N', 'PH3000001', '2009-06-10', '2009-06-16')
insert into treat values ('S8198765N', 'PH3000002', '2009-06-10', '2009-06-17')
insert into treat values ('S7194736O', 'PH3000001', '2008-01-04', '2008-01-10')
insert into treat values ('S7194736O', 'PH3000002', '2008-01-04', '2008-01-10')
insert into treat values ('S6137306F', 'PH3000001', '2007-08-13', '2007-08-21')
insert into treat values ('S6137306F', 'PH3000002', '2007-08-13', '2007-08-17')
insert into treat values ('S8188226G', 'PH3000001', '2007-08-06', '2007-08-10')
insert into treat values ('S8188226G', 'PH3000002', '2007-08-06', '2007-08-14')
insert into treat values ('S6138744F', 'PH3000001', '2008-08-19', '2008-08-26')
insert into treat values ('S6138744F', 'PH3000002', '2008-08-19', '2008-08-23')
insert into treat values ('S7171157X', 'PH3000001', '2007-04-20', '2007-04-27')
insert into treat values ('S7171157X', 'PH3000002', '2007-04-20', '2007-04-26')
insert into treat values ('S7163297W', 'PH3000001', '2009-01-02', '2009-01-10')
insert into treat values ('S7163297W', 'PH3000002', '2009-01-02', '2009-01-09')
insert into treat values ('S7195982X', 'PH3000001', '2006-11-06', '2006-11-12')
insert into treat values ('S7195982X', 'PH3000002', '2006-11-06', '2006-11-11')
insert into treat values ('S7189551N', 'PH3000001', '2008-07-08', '2008-07-12')
insert into treat values ('S7189551N', 'PH3000002', '2008-07-08', '2008-07-12')
insert into treat values ('S7180267D', 'PH3000001', '2007-05-08', '2007-05-16')
insert into treat values ('S7180267D', 'PH3000002', '2007-05-08', '2007-05-12')
insert into treat values ('S8179734S', 'PH3000001', '2008-05-05', '2008-05-11')
insert into treat values ('S8179734S', 'PH3000002', '2008-05-05', '2008-05-12')
insert into treat values ('S6137904U', 'PH3000001', '2006-01-01', '2006-01-05')
insert into treat values ('S6137904U', 'PH3000002', '2006-01-01', '2006-01-09')
insert into treat values ('S6191759M', 'PH3000001', '2007-06-20', '2007-06-27')
insert into treat values ('S6191759M', 'PH3000002', '2007-06-20', '2007-06-25')
insert into treat values ('S7118889U', 'PH3000001', '2006-11-20', '2006-11-27')
insert into treat values ('S7118889U', 'PH3000002', '2006-11-20', '2006-11-27')
insert into treat values ('S8216194K', 'PH3000001', '2008-06-09', '2008-06-14')
insert into treat values ('S8216194K', 'PH3000002', '2008-06-09', '2008-06-16')
insert into treat values ('S7239833C', 'PH3000001', '2007-11-11', '2007-11-15')
insert into treat values ('S7239833C', 'PH3000002', '2007-11-11', '2007-11-18')
insert into treat values ('S7266114H', 'PH3000001', '2008-12-03', '2008-12-08')
insert into treat values ('S7266114H', 'PH3000002', '2008-12-03', '2008-12-08')
insert into treat values ('S8250763O', 'PH3000001', '2009-05-05', '2009-05-09')
insert into treat values ('S8250763O', 'PH3000002', '2009-05-05', '2009-05-11')
insert into treat values ('S7272623O', 'PH3000001', '2008-10-02', '2008-10-08')
insert into treat values ('S7272623O', 'PH3000002', '2008-10-02', '2008-10-06')
insert into treat values ('S7295511D', 'PH3000001', '2008-04-12', '2008-04-17')
insert into treat values ('S7295511D', 'PH3000002', '2008-04-12', '2008-04-20')
insert into treat values ('S6264862V', 'PH3000001', '2009-03-20', '2009-03-25')
insert into treat values ('S6264862V', 'PH3000002', '2009-03-20', '2009-03-26')
insert into treat values ('S8214535T', 'PH3000001', '2006-10-08', '2006-10-15')
insert into treat values ('S8214535T', 'PH3000002', '2006-10-08', '2006-10-12')
insert into treat values ('S8221415T', 'PH3000001', '2007-05-16', '2007-05-23')
insert into treat values ('S8221415T', 'PH3000002', '2007-05-16', '2007-05-20')
insert into treat values ('S7222963R', 'PH3000001', '2008-01-08', '2008-01-16')
insert into treat values ('S7222963R', 'PH3000002', '2008-01-08', '2008-01-16')
insert into treat values ('S7247817Y', 'PH3000001', '2008-04-17', '2008-04-23')
insert into treat values ('S7247817Y', 'PH3000002', '2008-04-17', '2008-04-24')
insert into treat values ('S7221604D', 'PH3000001', '2007-06-12', '2007-06-18')
insert into treat values ('S7221604D', 'PH3000002', '2007-06-12', '2007-06-20')
insert into treat values ('S7282601I', 'PH3000001', '2008-02-04', '2008-02-08')
insert into treat values ('S7282601I', 'PH3000002', '2008-02-04', '2008-02-09')
insert into treat values ('S8298153V', 'PH3000001', '2007-12-03', '2007-12-10')
insert into treat values ('S8298153V', 'PH3000002', '2007-12-03', '2007-12-09')
insert into treat values ('S8288407C', 'PH3000001', '2008-02-10', '2008-02-15')
insert into treat values ('S8288407C', 'PH3000002', '2008-02-10', '2008-02-15')
insert into treat values ('S8274666V', 'PH3000001', '2008-09-02', '2008-09-08')
insert into treat values ('S8274666V', 'PH3000002', '2008-09-02', '2008-09-10')
insert into treat values ('S6271838N', 'PH3000001', '2009-05-09', '2009-05-16')
insert into treat values ('S6271838N', 'PH3000002', '2009-05-09', '2009-05-16')
insert into treat values ('S8281351K', 'PH3000001', '2009-03-01', '2009-03-06')
insert into treat values ('S8281351K', 'PH3000002', '2009-03-01', '2009-03-09')
insert into treat values ('S6217328D', 'PH3000001', '2007-11-15', '2007-11-20')
insert into treat values ('S6217328D', 'PH3000002', '2007-11-15', '2007-11-22')
insert into treat values ('S8288231F', 'PH3000001', '2008-07-18', '2008-07-23')
insert into treat values ('S8288231F', 'PH3000002', '2008-07-18', '2008-07-23')
insert into treat values ('S8249545W', 'PH3000001', '2008-04-15', '2008-04-22')
insert into treat values ('S8249545W', 'PH3000002', '2008-04-15', '2008-04-21')
insert into treat values ('S7282780C', 'PH3000001', '2008-07-17', '2008-07-22')
insert into treat values ('S7282780C', 'PH3000002', '2008-07-17', '2008-07-22')
insert into treat values ('S7240835V', 'PH3000001', '2006-11-18', '2006-11-22')
insert into treat values ('S7240835V', 'PH3000002', '2006-11-18', '2006-11-25')
insert into treat values ('S8247415J', 'PH3000001', '2008-09-17', '2008-09-22')
insert into treat values ('S8247415J', 'PH3000002', '2008-09-17', '2008-09-24')
insert into treat values ('S7294207C', 'PH3000001', '2008-09-05', '2008-09-10')
insert into treat values ('S7294207C', 'PH3000002', '2008-09-05', '2008-09-13')
insert into treat values ('S7295777K', 'PH3000001', '2008-06-14', '2008-06-20')
insert into treat values ('S7295777K', 'PH3000002', '2008-06-14', '2008-06-20')
insert into treat values ('S7285360P', 'PH3000001', '2007-04-13', '2007-04-17')
insert into treat values ('S7285360P', 'PH3000002', '2007-04-13', '2007-04-17')
insert into treat values ('S7274457Z', 'PH3000001', '2008-08-08', '2008-08-15')
insert into treat values ('S7274457Z', 'PH3000002', '2008-08-08', '2008-08-14')
insert into treat values ('S7258437L', 'PH3000001', '2008-06-06', '2008-06-10')
insert into treat values ('S7258437L', 'PH3000002', '2008-06-06', '2008-06-11')
insert into treat values ('S7230255A', 'PH3000001', '2007-07-15', '2007-07-22')
insert into treat values ('S7230255A', 'PH3000002', '2007-07-15', '2007-07-23')
insert into treat values ('S7238936P', 'PH3000001', '2007-03-06', '2007-03-14')
insert into treat values ('S7238936P', 'PH3000002', '2007-03-06', '2007-03-11')
insert into treat values ('S6243849V', 'PH3000001', '2006-05-11', '2006-05-16')
insert into treat values ('S6243849V', 'PH3000002', '2006-05-11', '2006-05-18')
insert into treat values ('S8348105F', 'PH3000001', '2008-12-09', '2008-12-16')
insert into treat values ('S8348105F', 'PH3000002', '2008-12-09', '2008-12-15')
insert into treat values ('S7317401Y', 'PH3000001', '2006-08-05', '2006-08-13')
insert into treat values ('S7317401Y', 'PH3000002', '2006-08-05', '2006-08-09')
insert into treat values ('S8349644P', 'PH3000001', '2006-08-12', '2006-08-20')
insert into treat values ('S8349644P', 'PH3000002', '2006-08-12', '2006-08-16')
insert into treat values ('S6375477Q', 'PH3000001', '2006-04-08', '2006-04-14')
insert into treat values ('S6375477Q', 'PH3000002', '2006-04-08', '2006-04-13')
insert into treat values ('S8336253M', 'PH3000001', '2007-02-09', '2007-02-16')
insert into treat values ('S8336253M', 'PH3000002', '2007-02-09', '2007-02-14')
insert into treat values ('S7361771G', 'PH3000001', '2009-05-17', '2009-05-24')
insert into treat values ('S7361771G', 'PH3000002', '2009-05-17', '2009-05-21')
insert into treat values ('S8379412E', 'PH3000001', '2007-04-05', '2007-04-09')
insert into treat values ('S8379412E', 'PH3000002', '2007-04-05', '2007-04-10')
insert into treat values ('S7324994L', 'PH3000001', '2007-05-04', '2007-05-09')
insert into treat values ('S7324994L', 'PH3000002', '2007-05-04', '2007-05-12')
insert into treat values ('S7379896S', 'PH3000001', '2009-01-08', '2009-01-14')
insert into treat values ('S7379896S', 'PH3000002', '2009-01-08', '2009-01-16')
insert into treat values ('S6357862F', 'PH3000001', '2006-07-09', '2006-07-16')
insert into treat values ('S6357862F', 'PH3000002', '2006-07-09', '2006-07-15')
insert into treat values ('S8368619G', 'PH3000001', '2006-05-18', '2006-05-24')
insert into treat values ('S8368619G', 'PH3000002', '2006-05-18', '2006-05-23')
insert into treat values ('S6312939K', 'PH3000001', '2007-05-09', '2007-05-15')
insert into treat values ('S6312939K', 'PH3000002', '2007-05-09', '2007-05-17')
insert into treat values ('S7332153N', 'PH3000001', '2008-08-07', '2008-08-14')
insert into treat values ('S7332153N', 'PH3000002', '2008-08-07', '2008-08-13')
insert into treat values ('S6320248T', 'PH3000001', '2008-12-06', '2008-12-11')
insert into treat values ('S6320248T', 'PH3000002', '2008-12-06', '2008-12-10')
insert into treat values ('S7371894D', 'PH3000001', '2006-03-10', '2006-03-14')
insert into treat values ('S7371894D', 'PH3000002', '2006-03-10', '2006-03-18')
insert into treat values ('S8342326Q', 'PH3000001', '2009-06-02', '2009-06-07')
insert into treat values ('S8342326Q', 'PH3000002', '2009-06-02', '2009-06-06')
insert into treat values ('S8310633S', 'PH3000001', '2006-05-06', '2006-05-13')
insert into treat values ('S8310633S', 'PH3000002', '2006-05-06', '2006-05-13')
insert into treat values ('S8367171C', 'PH3000001', '2007-12-13', '2007-12-20')
insert into treat values ('S8367171C', 'PH3000002', '2007-12-13', '2007-12-21')
insert into treat values ('S7373602T', 'PH3000001', '2007-07-13', '2007-07-19')
insert into treat values ('S7373602T', 'PH3000002', '2007-07-13', '2007-07-18')
insert into treat values ('S8443268C', 'PH3000001', '2006-06-14', '2006-06-21')
insert into treat values ('S8443268C', 'PH3000002', '2006-06-14', '2006-06-18')
insert into treat values ('S6456314P', 'PH3000001', '2006-02-02', '2006-02-06')
insert into treat values ('S6456314P', 'PH3000002', '2006-02-02', '2006-02-08')
insert into treat values ('S7425592E', 'PH3000001', '2009-06-15', '2009-06-22')
insert into treat values ('S7425592E', 'PH3000002', '2009-06-15', '2009-06-22')
insert into treat values ('S8425758I', 'PH3000001', '2009-03-11', '2009-03-15')
insert into treat values ('S8425758I', 'PH3000002', '2009-03-11', '2009-03-16')
insert into treat values ('S6421532V', 'PH3000001', '2009-04-14', '2009-04-20')
insert into treat values ('S6421532V', 'PH3000002', '2009-04-14', '2009-04-19')
insert into treat values ('S8458523H', 'PH3000001', '2007-01-17', '2007-01-23')
insert into treat values ('S8458523H', 'PH3000002', '2007-01-17', '2007-01-25')
insert into treat values ('S7411581K', 'PH3000001', '2008-05-03', '2008-05-11')
insert into treat values ('S7411581K', 'PH3000002', '2008-05-03', '2008-05-07')
insert into treat values ('S7489185S', 'PH3000001', '2008-02-04', '2008-02-12')
insert into treat values ('S7489185S', 'PH3000002', '2008-02-04', '2008-02-08')
insert into treat values ('S6450563P', 'PH3000001', '2008-10-17', '2008-10-24')
insert into treat values ('S6450563P', 'PH3000002', '2008-10-17', '2008-10-24')
insert into treat values ('S7411390P', 'PH3000001', '2006-09-14', '2006-09-19')
insert into treat values ('S7411390P', 'PH3000002', '2006-09-14', '2006-09-21')
insert into treat values ('S7438497C', 'PH3000001', '2006-09-17', '2006-09-24')
insert into treat values ('S7438497C', 'PH3000002', '2006-09-17', '2006-09-24')
insert into treat values ('S8497138P', 'PH3000001', '2008-08-10', '2008-08-16')
insert into treat values ('S8497138P', 'PH3000002', '2008-08-10', '2008-08-16')
insert into treat values ('S7418166O', 'PH3000001', '2008-01-12', '2008-01-19')
insert into treat values ('S7418166O', 'PH3000002', '2008-01-12', '2008-01-16')
insert into treat values ('S6437581Y', 'PH3000001', '2006-10-05', '2006-10-12')
insert into treat values ('S6437581Y', 'PH3000002', '2006-10-05', '2006-10-11')
insert into treat values ('S7419644Q', 'PH3000001', '2007-09-14', '2007-09-18')
insert into treat values ('S7419644Q', 'PH3000002', '2007-09-14', '2007-09-21')
insert into treat values ('S8435240O', 'PH3000001', '2006-12-02', '2006-12-09')
insert into treat values ('S8435240O', 'PH3000002', '2006-12-02', '2006-12-09')
insert into treat values ('S7570667B', 'PH3000001', '2008-05-05', '2008-05-09')
insert into treat values ('S7570667B', 'PH3000002', '2008-05-05', '2008-05-12')
insert into treat values ('S7551588F', 'PH3000001', '2006-10-08', '2006-10-13')
insert into treat values ('S7551588F', 'PH3000002', '2006-10-08', '2006-10-16')
insert into treat values ('S7572327H', 'PH3000001', '2007-07-09', '2007-07-14')
insert into treat values ('S7572327H', 'PH3000002', '2007-07-09', '2007-07-16')
insert into treat values ('S8574938M', 'PH3000001', '2008-05-16', '2008-05-24')
insert into treat values ('S8574938M', 'PH3000002', '2008-05-16', '2008-05-21')
insert into treat values ('S7551347S', 'PH3000001', '2008-09-07', '2008-09-12')
insert into treat values ('S7551347S', 'PH3000002', '2008-09-07', '2008-09-13')
insert into treat values ('S6516357V', 'PH3000001', '2007-02-14', '2007-02-21')
insert into treat values ('S6516357V', 'PH3000002', '2007-02-14', '2007-02-18')
insert into treat values ('S7553175G', 'PH3000001', '2007-07-07', '2007-07-11')
insert into treat values ('S7553175G', 'PH3000002', '2007-07-07', '2007-07-15')
insert into treat values ('S7560551R', 'PH3000001', '2008-03-12', '2008-03-16')
insert into treat values ('S7560551R', 'PH3000002', '2008-03-12', '2008-03-17')
insert into treat values ('S8574638X', 'PH3000001', '2007-10-16', '2007-10-23')
insert into treat values ('S8574638X', 'PH3000002', '2007-10-16', '2007-10-21')
insert into treat values ('S8554846K', 'PH3000001', '2006-07-07', '2006-07-12')
insert into treat values ('S8554846K', 'PH3000002', '2006-07-07', '2006-07-14')
insert into treat values ('S7567359S', 'PH3000001', '2008-12-14', '2008-12-22')
insert into treat values ('S7567359S', 'PH3000002', '2008-12-14', '2008-12-21')
insert into treat values ('S7556818T', 'PH3000001', '2009-06-09', '2009-06-15')
insert into treat values ('S7556818T', 'PH3000002', '2009-06-09', '2009-06-16')
insert into treat values ('S6567620J', 'PH3000001', '2007-11-17', '2007-11-24')
insert into treat values ('S6567620J', 'PH3000002', '2007-11-17', '2007-11-21')
insert into treat values ('S7583889O', 'PH3000001', '2008-11-06', '2008-11-12')
insert into treat values ('S7583889O', 'PH3000002', '2008-11-06', '2008-11-11')
insert into treat values ('S7519334A', 'PH3000001', '2009-04-07', '2009-04-12')
insert into treat values ('S7519334A', 'PH3000002', '2009-04-07', '2009-04-12')
insert into treat values ('S6572776N', 'PH3000001', '2009-05-09', '2009-05-16')
insert into treat values ('S6572776N', 'PH3000002', '2009-05-09', '2009-05-16')
insert into treat values ('S7546913Q', 'PH3000001', '2009-02-14', '2009-02-22')
insert into treat values ('S7546913Q', 'PH3000002', '2009-02-14', '2009-02-21')
insert into treat values ('S7532173Q', 'PH3000001', '2007-11-04', '2007-11-09')
insert into treat values ('S7532173Q', 'PH3000002', '2007-11-04', '2007-11-09')
insert into treat values ('S6550989M', 'PH3000001', '2007-11-14', '2007-11-21')
insert into treat values ('S6550989M', 'PH3000002', '2007-11-14', '2007-11-21')
insert into treat values ('S7571837V', 'PH3000001', '2009-03-17', '2009-03-22')
insert into treat values ('S7571837V', 'PH3000002', '2009-03-17', '2009-03-25')
insert into treat values ('S7512999Y', 'PH3000001', '2009-03-15', '2009-03-22')
insert into treat values ('S7512999Y', 'PH3000002', '2009-03-15', '2009-03-22')
insert into treat values ('S8538193I', 'PH3000001', '2007-01-07', '2007-01-12')
insert into treat values ('S8538193I', 'PH3000002', '2007-01-07', '2007-01-14')
insert into treat values ('S8612707S', 'PH3000001', '2007-04-07', '2007-04-15')
insert into treat values ('S8612707S', 'PH3000002', '2007-04-07', '2007-04-13')
insert into treat values ('S8684993G', 'PH3000001', '2007-08-14', '2007-08-19')
insert into treat values ('S8684993G', 'PH3000002', '2007-08-14', '2007-08-19')
insert into treat values ('S7680197M', 'PH3000001', '2007-11-17', '2007-11-25')
insert into treat values ('S7680197M', 'PH3000002', '2007-11-17', '2007-11-24')
insert into treat values ('S7687312H', 'PH3000001', '2009-01-02', '2009-01-06')
insert into treat values ('S7687312H', 'PH3000002', '2009-01-02', '2009-01-08')
insert into treat values ('S6660623I', 'PH3000001', '2007-08-17', '2007-08-21')
insert into treat values ('S6660623I', 'PH3000002', '2007-08-17', '2007-08-23')
insert into treat values ('S8629269G', 'PH3000001', '2007-05-19', '2007-05-26')
insert into treat values ('S8629269G', 'PH3000002', '2007-05-19', '2007-05-27')
insert into treat values ('S7612103K', 'PH3000001', '2008-01-06', '2008-01-11')
insert into treat values ('S7612103K', 'PH3000002', '2008-01-06', '2008-01-13')
insert into treat values ('S7691378I', 'PH3000001', '2008-05-13', '2008-05-21')
insert into treat values ('S7691378I', 'PH3000002', '2008-05-13', '2008-05-19')
insert into treat values ('S7636847K', 'PH3000001', '2006-04-05', '2006-04-13')
insert into treat values ('S7636847K', 'PH3000002', '2006-04-05', '2006-04-12')
insert into treat values ('S7666944X', 'PH3000001', '2007-05-14', '2007-05-20')
insert into treat values ('S7666944X', 'PH3000002', '2007-05-14', '2007-05-22')
insert into treat values ('S7618137P', 'PH3000001', '2009-03-05', '2009-03-10')
insert into treat values ('S7618137P', 'PH3000002', '2009-03-05', '2009-03-10')
insert into treat values ('S8676589W', 'PH3000001', '2007-02-13', '2007-02-18')
insert into treat values ('S8676589W', 'PH3000002', '2007-02-13', '2007-02-18')
insert into treat values ('S8687187I', 'PH3000001', '2006-02-18', '2006-02-25')
insert into treat values ('S8687187I', 'PH3000002', '2006-02-18', '2006-02-25')
insert into treat values ('S7647622E', 'PH3000001', '2008-09-08', '2008-09-13')
insert into treat values ('S7647622E', 'PH3000002', '2008-09-08', '2008-09-15')
insert into treat values ('S7636200J', 'PH3000001', '2009-06-11', '2009-06-18')
insert into treat values ('S7636200J', 'PH3000002', '2009-06-11', '2009-06-18')
insert into treat values ('S6650749S', 'PH3000001', '2008-07-15', '2008-07-22')
insert into treat values ('S6650749S', 'PH3000002', '2008-07-15', '2008-07-20')
insert into treat values ('S6648445M', 'PH3000001', '2009-07-03', '2009-07-10')
insert into treat values ('S6648445M', 'PH3000002', '2009-07-03', '2009-07-10')
insert into treat values ('S7672862D', 'PH3000001', '2008-05-10', '2008-05-15')
insert into treat values ('S7672862D', 'PH3000002', '2008-05-10', '2008-05-14')
insert into treat values ('S6665107Z', 'PH3000001', '2008-10-17', '2008-10-24')
insert into treat values ('S6665107Z', 'PH3000002', '2008-10-17', '2008-10-22')
insert into treat values ('S6652817Y', 'PH3000001', '2007-03-13', '2007-03-18')
insert into treat values ('S6652817Y', 'PH3000002', '2007-03-13', '2007-03-18')
insert into treat values ('S7639431U', 'PH3000001', '2007-09-07', '2007-09-15')
insert into treat values ('S7639431U', 'PH3000002', '2007-09-07', '2007-09-11')
insert into treat values ('S7631906K', 'PH3000001', '2009-02-08', '2009-02-14')
insert into treat values ('S7631906K', 'PH3000002', '2009-02-08', '2009-02-15')
insert into treat values ('S7656376J', 'PH3000001', '2007-10-09', '2007-10-17')
insert into treat values ('S7656376J', 'PH3000002', '2007-10-09', '2007-10-13')
insert into treat values ('S7619280N', 'PH3000001', '2007-07-08', '2007-07-15')
insert into treat values ('S7619280N', 'PH3000002', '2007-07-08', '2007-07-15')
insert into treat values ('S8660744W', 'PH3000001', '2008-08-18', '2008-08-23')
insert into treat values ('S8660744W', 'PH3000002', '2008-08-18', '2008-08-25')
insert into treat values ('S7639502T', 'PH3000001', '2007-03-16', '2007-03-21')
insert into treat values ('S7639502T', 'PH3000002', '2007-03-16', '2007-03-24')

CREATE TABLE visit(patient_id text, visit_date text, location text, reason text)
insert into visit values ('S8284186E', '2006-02-09', 'Jurong General Hospital', 'stomach problem')
insert into visit values ('S8285084H', '2008-01-14', 'Jurong General Hospital', 'cough')
insert into visit values ('S7177880B', '2009-03-03', 'Jurong General Hospital', 'stomach problem')
insert into visit values ('S7138722B', '2007-11-18', 'Jurong General Hospital', 'cephalgia')
insert into visit values ('S6148824M', '2006-10-07', 'Jurong General Hospital', 'fever')
insert into visit values ('S7118261I', '2008-11-18', 'Jurong General Hospital', 'backache')
insert into visit values ('S8187643T', '2007-08-06', 'Jurong General Hospital', 'fever')
insert into visit values ('S7137927N', '2007-08-06', 'Jurong General Hospital', 'backache')
insert into visit values ('S7171753Z', '2008-11-14', 'Jurong General Hospital', 'heart problem')
insert into visit values ('S6122982N', '2008-11-08', 'Jurong General Hospital', 'sore throat')
insert into visit values ('S7145609I', '2006-03-03', 'Jurong General Hospital', 'fever')
insert into visit values ('S8167571C', '2007-04-03', 'Jurong General Hospital', 'fever')
insert into visit values ('S7187692Z', '2007-07-05', 'Jurong General Hospital', 'sore throat')
insert into visit values ('S6112171U', '2007-06-13', 'Jurong General Hospital', 'sore throat')
insert into visit values ('S8198765N', '2009-06-10', 'Jurong General Hospital', 'sore throat')
insert into visit values ('S7194736O', '2008-01-04', 'Jurong General Hospital', 'heart problem')
insert into visit values ('S6137306F', '2007-08-13', 'Jurong General Hospital', 'stomach problem')
insert into visit values ('S8188226G', '2007-08-06', 'Jurong General Hospital', 'cephalgia')
insert into visit values ('S6138744F', '2008-08-19', 'Jurong General Hospital', 'cough')
insert into visit values ('S7171157X', '2007-04-20', 'Jurong General Hospital', 'fever')
insert into visit values ('S7163297W', '2009-01-02', 'Jurong General Hospital', 'cough')
insert into visit values ('S7195982X', '2006-11-06', 'Jurong General Hospital', 'fever')
insert into visit values ('S7189551N', '2008-07-08', 'Jurong General Hospital', 'stomach problem')
insert into visit values ('S7180267D', '2007-05-08', 'Jurong General Hospital', 'sore throat')
insert into visit values ('S8179734S', '2008-05-05', 'Jurong General Hospital', 'respiratory problem')
insert into visit values ('S6137904U', '2006-01-01', 'Jurong General Hospital', 'cephalgia')
insert into visit values ('S6191759M', '2007-06-20', 'Jurong General Hospital', 'fever')
insert into visit values ('S7118889U', '2006-11-20', 'Jurong General Hospital', 'backache')
insert into visit values ('S8216194K', '2008-06-09', 'Jurong General Hospital', 'heart problem')
insert into visit values ('S7239833C', '2007-11-11', 'Jurong General Hospital', 'respiratory problem')
insert into visit values ('S7266114H', '2008-12-03', 'Jurong General Hospital', 'respiratory problem')
insert into visit values ('S8250763O', '2009-05-05', 'Jurong General Hospital', 'fever')
insert into visit values ('S7272623O', '2008-10-02', 'Jurong General Hospital', 'fever')
insert into visit values ('S7295511D', '2008-04-12', 'Jurong General Hospital', 'heart problem')
insert into visit values ('S6264862V', '2009-03-20', 'Jurong General Hospital', 'cough')
insert into visit values ('S8214535T', '2006-10-08', 'Jurong General Hospital', 'heart problem')
insert into visit values ('S8221415T', '2007-05-16', 'Jurong General Hospital', 'backache')
insert into visit values ('S7222963R', '2008-01-08', 'Jurong General Hospital', 'fever')
insert into visit values ('S7247817Y', '2008-04-17', 'Jurong General Hospital', 'respiratory problem')
insert into visit values ('S7221604D', '2007-06-12', 'Jurong General Hospital', 'sore throat')
insert into visit values ('S7282601I', '2008-02-04', 'Jurong General Hospital', 'backache')
insert into visit values ('S8298153V', '2007-12-03', 'Jurong General Hospital', 'sore throat')
insert into visit values ('S8288407C', '2008-02-10', 'Jurong General Hospital', 'stomach problem')
insert into visit values ('S8274666V', '2008-09-02', 'Jurong General Hospital', 'fever')
insert into visit values ('S6271838N', '2009-05-09', 'Jurong General Hospital', 'fever')
insert into visit values ('S8281351K', '2009-03-01', 'Jurong General Hospital', 'backache')
insert into visit values ('S6217328D', '2007-11-15', 'Jurong General Hospital', 'heart problem')
insert into visit values ('S8288231F', '2008-07-18', 'Jurong General Hospital', 'stomach problem')
insert into visit values ('S8249545W', '2008-04-15', 'Jurong General Hospital', 'backache')
insert into visit values ('S7282780C', '2008-07-17', 'Jurong General Hospital', 'backache')
insert into visit values ('S7240835V', '2006-11-18', 'Jurong General Hospital', 'stomach problem')
insert into visit values ('S8247415J', '2008-09-17', 'Jurong General Hospital', 'respiratory problem')
insert into visit values ('S7294207C', '2008-09-05', 'Jurong General Hospital', 'heart problem')
insert into visit values ('S7295777K', '2008-06-14', 'Jurong General Hospital', 'sore throat')
insert into visit values ('S7285360P', '2007-04-13', 'Jurong General Hospital', 'respiratory problem')
insert into visit values ('S7274457Z', '2008-08-08', 'Jurong General Hospital', 'cough')
insert into visit values ('S7258437L', '2008-06-06', 'Jurong General Hospital', 'stomach problem')
insert into visit values ('S7230255A', '2007-07-15', 'Jurong General Hospital', 'heart problem')
insert into visit values ('S7238936P', '2007-03-06', 'Jurong General Hospital', 'backache')
insert into visit values ('S6243849V', '2006-05-11', 'Jurong General Hospital', 'respiratory problem')
insert into visit values ('S8348105F', '2008-12-09', 'Jurong General Hospital', 'respiratory problem')
insert into visit values ('S7317401Y', '2006-08-05', 'Jurong General Hospital', 'stomach problem')
insert into visit values ('S8349644P', '2006-08-12', 'Jurong General Hospital', 'backache')
insert into visit values ('S6375477Q', '2006-04-08', 'Jurong General Hospital', 'backache')
insert into visit values ('S8336253M', '2007-02-09', 'Jurong General Hospital', 'stomach problem')
insert into visit values ('S7361771G', '2009-05-17', 'Jurong General Hospital', 'cephalgia')
insert into visit values ('S8379412E', '2007-04-05', 'Jurong General Hospital', 'stomach problem')
insert into visit values ('S7324994L', '2007-05-04', 'Jurong General Hospital', 'backache')
insert into visit values ('S7379896S', '2009-01-08', 'Jurong General Hospital', 'stomach problem')
insert into visit values ('S6357862F', '2006-07-09', 'Jurong General Hospital', 'backache')
insert into visit values ('S8368619G', '2006-05-18', 'Jurong General Hospital', 'cephalgia')
insert into visit values ('S6312939K', '2007-05-09', 'Jurong General Hospital', 'respiratory problem')
insert into visit values ('S7332153N', '2008-08-07', 'Jurong General Hospital', 'cephalgia')
insert into visit values ('S6320248T', '2008-12-06', 'Jurong General Hospital', 'heart problem')
insert into visit values ('S7371894D', '2006-03-10', 'Jurong General Hospital', 'respiratory problem')
insert into visit values ('S8342326Q', '2009-06-02', 'Jurong General Hospital', 'backache')
insert into visit values ('S8310633S', '2006-05-06', 'Jurong General Hospital', 'stomach problem')
insert into visit values ('S8367171C', '2007-12-13', 'Jurong General Hospital', 'backache')
insert into visit values ('S7373602T', '2007-07-13', 'Jurong General Hospital', 'cephalgia')
insert into visit values ('S8443268C', '2006-06-14', 'Jurong General Hospital', 'respiratory problem')
insert into visit values ('S6456314P', '2006-02-02', 'Jurong General Hospital', 'sore throat')
insert into visit values ('S7425592E', '2009-06-15', 'Jurong General Hospital', 'cough')
insert into visit values ('S8425758I', '2009-03-11', 'Jurong General Hospital', 'sore throat')
insert into visit values ('S6421532V', '2009-04-14', 'Jurong General Hospital', 'respiratory problem')
insert into visit values ('S8458523H', '2007-01-17', 'Jurong General Hospital', 'backache')
insert into visit values ('S7411581K', '2008-05-03', 'Jurong General Hospital', 'cough')
insert into visit values ('S7489185S', '2008-02-04', 'Jurong General Hospital', 'respiratory problem')
insert into visit values ('S6450563P', '2008-10-17', 'Jurong General Hospital', 'backache')
insert into visit values ('S7411390P', '2006-09-14', 'Jurong General Hospital', 'heart problem')
insert into visit values ('S7438497C', '2006-09-17', 'Jurong General Hospital', 'stomach problem')
insert into visit values ('S8497138P', '2008-08-10', 'Jurong General Hospital', 'fever')
insert into visit values ('S7418166O', '2008-01-12', 'Jurong General Hospital', 'fever')
insert into visit values ('S6437581Y', '2006-10-05', 'Jurong General Hospital', 'sore throat')
insert into visit values ('S7419644Q', '2007-09-14', 'Jurong General Hospital', 'stomach problem')
insert into visit values ('S8435240O', '2006-12-02', 'Jurong General Hospital', 'stomach problem')
insert into visit values ('S7570667B', '2008-05-05', 'Jurong General Hospital', 'stomach problem')
insert into visit values ('S7551588F', '2006-10-08', 'Jurong General Hospital', 'sore throat')
insert into visit values ('S7572327H', '2007-07-09', 'Jurong General Hospital', 'stomach problem')
insert into visit values ('S8574938M', '2008-05-16', 'Jurong General Hospital', 'heart problem')
insert into visit values ('S7551347S', '2008-09-07', 'Jurong General Hospital', 'cough')
insert into visit values ('S6516357V', '2007-02-14', 'Jurong General Hospital', 'cough')
insert into visit values ('S7553175G', '2007-07-07', 'Jurong General Hospital', 'sore throat')
insert into visit values ('S7560551R', '2008-03-12', 'Jurong General Hospital', 'cough')
insert into visit values ('S8574638X', '2007-10-16', 'Jurong General Hospital', 'fever')
insert into visit values ('S8554846K', '2006-07-07', 'Jurong General Hospital', 'stomach problem')
insert into visit values ('S7567359S', '2008-12-14', 'Jurong General Hospital', 'heart problem')
insert into visit values ('S7556818T', '2009-06-09', 'Jurong General Hospital', 'respiratory problem')
insert into visit values ('S6567620J', '2007-11-17', 'Jurong General Hospital', 'cephalgia')
insert into visit values ('S7583889O', '2008-11-06', 'Jurong General Hospital', 'backache')
insert into visit values ('S7519334A', '2009-04-07', 'Jurong General Hospital', 'respiratory problem')
insert into visit values ('S6572776N', '2009-05-09', 'Jurong General Hospital', 'respiratory problem')
insert into visit values ('S7546913Q', '2009-02-14', 'Jurong General Hospital', 'heart problem')
insert into visit values ('S7532173Q', '2007-11-04', 'Jurong General Hospital', 'respiratory problem')
insert into visit values ('S6550989M', '2007-11-14', 'Jurong General Hospital', 'fever')
insert into visit values ('S7571837V', '2009-03-17', 'Jurong General Hospital', 'heart problem')
insert into visit values ('S7512999Y', '2009-03-15', 'Jurong General Hospital', 'heart problem')
insert into visit values ('S8538193I', '2007-01-07', 'Jurong General Hospital', 'cough')
insert into visit values ('S8612707S', '2007-04-07', 'Jurong General Hospital', 'heart problem')
insert into visit values ('S8684993G', '2007-08-14', 'Jurong General Hospital', 'backache')
insert into visit values ('S7680197M', '2007-11-17', 'Jurong General Hospital', 'backache')
insert into visit values ('S7687312H', '2009-01-02', 'Jurong General Hospital', 'stomach problem')
insert into visit values ('S6660623I', '2007-08-17', 'Jurong General Hospital', 'cough')
insert into visit values ('S8629269G', '2007-05-19', 'Jurong General Hospital', 'sore throat')
insert into visit values ('S7612103K', '2008-01-06', 'Jurong General Hospital', 'sore throat')
insert into visit values ('S7691378I', '2008-05-13', 'Jurong General Hospital', 'cough')
insert into visit values ('S7636847K', '2006-04-05', 'Jurong General Hospital', 'backache')
insert into visit values ('S7666944X', '2007-05-14', 'Jurong General Hospital', 'cough')
insert into visit values ('S7618137P', '2009-03-05', 'Jurong General Hospital', 'stomach problem')
insert into visit values ('S8676589W', '2007-02-13', 'Jurong General Hospital', 'sore throat')
insert into visit values ('S8687187I', '2006-02-18', 'Jurong General Hospital', 'heart problem')
insert into visit values ('S7647622E', '2008-09-08', 'Jurong General Hospital', 'sore throat')
insert into visit values ('S7636200J', '2009-06-11', 'Jurong General Hospital', 'stomach problem')
insert into visit values ('S6650749S', '2008-07-15', 'Jurong General Hospital', 'stomach problem')
insert into visit values ('S6648445M', '2009-07-03', 'Jurong General Hospital', 'cough')
insert into visit values ('S7672862D', '2008-05-10', 'Jurong General Hospital', 'fever')
insert into visit values ('S6665107Z', '2008-10-17', 'Jurong General Hospital', 'respiratory problem')
insert into visit values ('S6652817Y', '2007-03-13', 'Jurong General Hospital', 'heart problem')
insert into visit values ('S7639431U', '2007-09-07', 'Jurong General Hospital', 'fever')
insert into visit values ('S7631906K', '2009-02-08', 'Jurong General Hospital', 'fever')
insert into visit values ('S7656376J', '2007-10-09', 'Jurong General Hospital', 'cough')
insert into visit values ('S7619280N', '2007-07-08', 'Jurong General Hospital', 'fever')
insert into visit values ('S8660744W', '2008-08-18', 'Jurong General Hospital', 'heart problem')
insert into visit values ('S7639502T', '2007-03-16', 'Jurong General Hospital', 'stomach problem')

CREATE TABLE medical_test(patient_id varchar(30), test_name text, value text, test_date text)
insert into medical_test values ('S8284186E', 'RDW', '11.5%', '2006-02-09')
insert into medical_test values ('S8285084H', 'ABG', '7.25 pH', '2008-01-14')
insert into medical_test values ('S7177880B', 'ABG', ' 7.41 pH', '2009-03-03')
insert into medical_test values ('S7138722B', 'TIBC', '410 mcg/dl', '2007-11-18')
insert into medical_test values ('S6148824M', 'MCV', '85 fl', '2006-10-07')
insert into medical_test values ('S7118261I', 'MCV', '82 fl', '2008-11-18')
insert into medical_test values ('S8187643T', 'MCH', '31 pg', '2007-08-06')
insert into medical_test values ('S7137927N', 'ABG', ' 7.37 pH', '2007-08-06')
insert into medical_test values ('S7171753Z', 'ABG', ' 7.41 pH', '2008-11-14')
insert into medical_test values ('S6122982N', 'MCH', '34 pg', '2008-11-08')
insert into medical_test values ('S7145609I', 'heart rate', '51', '2006-03-03')
insert into medical_test values ('S8167571C', 'MCH', '31 pg', '2007-04-03')
insert into medical_test values ('S7187692Z', 'MCH', '31 pg', '2007-07-05')
insert into medical_test values ('S6112171U', 'heart rate', '69', '2007-06-13')
insert into medical_test values ('S8198765N', 'ABG', '7.13 pH', '2009-06-10')
insert into medical_test values ('S7194736O', 'ABG', '7.25 pH', '2008-01-04')
insert into medical_test values ('S6137306F', 'RDW', '13.6%', '2007-08-13')
insert into medical_test values ('S8188226G', 'TIBC', '410 mcg/dl', '2007-08-06')
insert into medical_test values ('S6138744F', 'TIBC', '240 mcg/dl', '2008-08-19')
insert into medical_test values ('S7171157X', 'RDW', '14.5%', '2007-04-20')
insert into medical_test values ('S7163297W', 'MCV', '85 fl', '2009-01-02')
insert into medical_test values ('S7195982X', 'MCH', '34 pg', '2006-11-06')
insert into medical_test values ('S7189551N', 'TIBC', '400 mcg/dl', '2008-07-08')
insert into medical_test values ('S7180267D', 'TIBC', '290 mcg/dl', '2007-05-08')
insert into medical_test values ('S8179734S', 'RDW', '13.6%', '2008-05-05')
insert into medical_test values ('S6137904U', 'MCH', '31 pg', '2006-01-01')
insert into medical_test values ('S6191759M', 'TIBC', '290 mcg/dl', '2007-06-20')
insert into medical_test values ('S7118889U', 'MCH', '31 pg', '2006-11-20')
insert into medical_test values ('S8216194K', 'MCH', '31 pg', '2008-06-09')
insert into medical_test values ('S7239833C', 'heart rate', '56', '2007-11-11')
insert into medical_test values ('S7266114H', 'ABG', '7.13 pH', '2008-12-03')
insert into medical_test values ('S8250763O', 'MCV', '99 fl', '2009-05-05')
insert into medical_test values ('S7272623O', 'heart rate', '63', '2008-10-02')
insert into medical_test values ('S7295511D', 'RDW', '13.6%', '2008-04-12')
insert into medical_test values ('S6264862V', 'TIBC', '320 mcg/dl', '2009-03-20')
insert into medical_test values ('S8214535T', 'TIBC', '320 mcg/dl', '2006-10-08')
insert into medical_test values ('S8221415T', 'heart rate', '56', '2007-05-16')
insert into medical_test values ('S7222963R', 'MCHC', '31 g/dl', '2008-01-08')
insert into medical_test values ('S7247817Y', 'RDW', '11.9%', '2008-04-17')
insert into medical_test values ('S7221604D', 'MCV', '89 fl', '2007-06-12')
insert into medical_test values ('S7282601I', 'MCV', '89 fl', '2008-02-04')
insert into medical_test values ('S8298153V', 'RDW', '13.6%', '2007-12-03')
insert into medical_test values ('S8288407C', 'MCHC', '33 g/dl', '2008-02-10')
insert into medical_test values ('S8274666V', 'TIBC', '240 mcg/dl', '2008-09-02')
insert into medical_test values ('S6271838N', 'RDW', '13.6%', '2009-05-09')
insert into medical_test values ('S8281351K', 'RDW', '13.6%', '2009-03-01')
insert into medical_test values ('S6217328D', 'TIBC', '450 mcg/dl', '2007-11-15')
insert into medical_test values ('S8288231F', 'MCV', '85 fl', '2008-07-18')
insert into medical_test values ('S8249545W', 'ABG', ' 7.41 pH', '2008-04-15')
insert into medical_test values ('S7282780C', 'RDW', '11.9%', '2008-07-17')
insert into medical_test values ('S7240835V', 'RDW', '13.6%', '2006-11-18')
insert into medical_test values ('S8247415J', 'MCV', '99 fl', '2008-09-17')
insert into medical_test values ('S7294207C', 'ABG', ' 7.48 pH', '2008-09-05')
insert into medical_test values ('S7295777K', 'RDW', '11.5%', '2008-06-14')
insert into medical_test values ('S7285360P', 'TIBC', '320 mcg/dl', '2007-04-13')
insert into medical_test values ('S7274457Z', 'MCH', '31 pg', '2008-08-08')
insert into medical_test values ('S7258437L', 'MCH', '31 pg', '2008-06-06')
insert into medical_test values ('S7230255A', 'MCV', '85 fl', '2007-07-15')
insert into medical_test values ('S7238936P', 'RDW', '11.9%', '2007-03-06')
insert into medical_test values ('S6243849V', 'heart rate', '51', '2006-05-11')
insert into medical_test values ('S8348105F', 'TIBC', '320 mcg/dl', '2008-12-09')
insert into medical_test values ('S7317401Y', 'MCH', '31 pg', '2006-08-05')
insert into medical_test values ('S8349644P', 'MCH', '34 pg', '2006-08-12')
insert into medical_test values ('S6375477Q', 'MCH', '29 pg', '2006-04-08')
insert into medical_test values ('S8336253M', 'MCHC', '33 g/dl', '2007-02-09')
insert into medical_test values ('S7361771G', 'MCH', '31 pg', '2009-05-17')
insert into medical_test values ('S8379412E', 'MCH', '31 pg', '2007-04-05')
insert into medical_test values ('S7324994L', 'RDW', '11.5%', '2007-05-04')
insert into medical_test values ('S7379896S', 'MCV', '89 fl', '2009-01-08')
insert into medical_test values ('S6357862F', 'RDW', '13.6%', '2006-07-09')
insert into medical_test values ('S8368619G', 'TIBC', '240 mcg/dl', '2006-05-18')
insert into medical_test values ('S6312939K', 'RDW', '13.6%', '2007-05-09')
insert into medical_test values ('S7332153N', 'heart rate', '56', '2008-08-07')
insert into medical_test values ('S6320248T', 'ABG', ' 7.41 pH', '2008-12-06')
insert into medical_test values ('S7371894D', 'RDW', '13.6%', '2006-03-10')
insert into medical_test values ('S8342326Q', 'MCHC', '33 g/dl', '2009-06-02')
insert into medical_test values ('S8310633S', 'MCH', '31 pg', '2006-05-06')
insert into medical_test values ('S8367171C', 'MCV', '82 fl', '2007-12-13')
insert into medical_test values ('S7373602T', 'MCH', '34 pg', '2007-07-13')
insert into medical_test values ('S8443268C', 'heart rate', '71', '2006-06-14')
insert into medical_test values ('S6456314P', 'MCV', '89 fl', '2006-02-02')
insert into medical_test values ('S7425592E', 'RDW', '14.5%', '2009-06-15')
insert into medical_test values ('S8425758I', 'MCV', '99 fl', '2009-03-11')
insert into medical_test values ('S6421532V', 'heart rate', '51', '2009-04-14')
insert into medical_test values ('S8458523H', 'RDW', '13.6%', '2007-01-17')
insert into medical_test values ('S7411581K', 'heart rate', '69', '2008-05-03')
insert into medical_test values ('S7489185S', 'MCH', '34 pg', '2008-02-04')
insert into medical_test values ('S6450563P', 'MCV', '99 fl', '2008-10-17')
insert into medical_test values ('S7411390P', 'MCHC', '33 g/dl', '2006-09-14')
insert into medical_test values ('S7438497C', 'ABG', ' 7.48 pH', '2006-09-17')
insert into medical_test values ('S8497138P', 'RDW', '11.9%', '2008-08-10')
insert into medical_test values ('S7418166O', 'MCH', '34 pg', '2008-01-12')
insert into medical_test values ('S6437581Y', 'MCHC', '35 g/dl', '2006-10-05')
insert into medical_test values ('S7419644Q', 'MCHC', '33 g/dl', '2007-09-14')
insert into medical_test values ('S8435240O', 'MCHC', '31 g/dl', '2006-12-02')
insert into medical_test values ('S7570667B', 'ABG', '7.13 pH', '2008-05-05')
insert into medical_test values ('S7551588F', 'RDW', '11.9%', '2006-10-08')
insert into medical_test values ('S7572327H', 'ABG', ' 7.37 pH', '2007-07-09')
insert into medical_test values ('S8574938M', 'heart rate', '63', '2008-05-16')
insert into medical_test values ('S7551347S', 'MCV', '85 fl', '2008-09-07')
insert into medical_test values ('S6516357V', 'MCV', '85 fl', '2007-02-14')
insert into medical_test values ('S7553175G', 'heart rate', '63', '2007-07-07')
insert into medical_test values ('S7560551R', 'TIBC', '400 mcg/dl', '2008-03-12')
insert into medical_test values ('S8574638X', 'TIBC', '240 mcg/dl', '2007-10-16')
insert into medical_test values ('S8554846K', 'TIBC', '400 mcg/dl', '2006-07-07')
insert into medical_test values ('S7567359S', 'heart rate', '69', '2008-12-14')
insert into medical_test values ('S7556818T', 'MCHC', '33 g/dl', '2009-06-09')
insert into medical_test values ('S6567620J', 'heart rate', '69', '2007-11-17')
insert into medical_test values ('S7583889O', 'MCH', '26 pg', '2008-11-06')
insert into medical_test values ('S7519334A', 'MCHC', '35 g/dl', '2009-04-07')
insert into medical_test values ('S6572776N', 'RDW', '11.9%', '2009-05-09')
insert into medical_test values ('S7546913Q', 'heart rate', '71', '2009-02-14')
insert into medical_test values ('S7532173Q', 'ABG', ' 7.41 pH', '2007-11-04')
insert into medical_test values ('S6550989M', 'TIBC', '290 mcg/dl', '2007-11-14')
insert into medical_test values ('S7571837V', 'heart rate', '69', '2009-03-17')
insert into medical_test values ('S7512999Y', 'MCV', '89 fl', '2009-03-15')
insert into medical_test values ('S8538193I', 'MCV', '85 fl', '2007-01-07')
insert into medical_test values ('S8612707S', 'heart rate', '56', '2007-04-07')
insert into medical_test values ('S8684993G', 'MCHC', '33 g/dl', '2007-08-14')
insert into medical_test values ('S7680197M', 'MCV', '89 fl', '2007-11-17')
insert into medical_test values ('S7687312H', 'MCH', '31 pg', '2009-01-02')
insert into medical_test values ('S6660623I', 'ABG', ' 7.37 pH', '2007-08-17')
insert into medical_test values ('S8629269G', 'MCH', '34 pg', '2007-05-19')
insert into medical_test values ('S7612103K', 'TIBC', '400 mcg/dl', '2008-01-06')
insert into medical_test values ('S7691378I', 'ABG', ' 7.48 pH', '2008-05-13')
insert into medical_test values ('S7636847K', 'TIBC', '290 mcg/dl', '2006-04-05')
insert into medical_test values ('S7666944X', 'MCV', '82 fl', '2007-05-14')
insert into medical_test values ('S7618137P', 'TIBC', '400 mcg/dl', '2009-03-05')
insert into medical_test values ('S8676589W', 'MCHC', '37 g/dl', '2007-02-13')
insert into medical_test values ('S8687187I', 'MCV', '99 fl', '2006-02-18')
insert into medical_test values ('S7647622E', 'MCV', '85 fl', '2008-09-08')
insert into medical_test values ('S7636200J', 'RDW', '11.5%', '2009-06-11')
insert into medical_test values ('S6650749S', 'heart rate', '71', '2008-07-15')
insert into medical_test values ('S6648445M', 'MCHC', '35 g/dl', '2009-07-03')
insert into medical_test values ('S7672862D', 'RDW', '11.9%', '2008-05-10')
insert into medical_test values ('S6665107Z', 'MCV', '85 fl', '2008-10-17')
insert into medical_test values ('S6652817Y', 'MCV', '82 fl', '2007-03-13')
insert into medical_test values ('S7639431U', 'heart rate', '51', '2007-09-07')
insert into medical_test values ('S7631906K', 'RDW', '14.5%', '2009-02-08')
insert into medical_test values ('S7656376J', 'MCV', '82 fl', '2007-10-09')
insert into medical_test values ('S7619280N', 'TIBC', '410 mcg/dl', '2007-07-08')
insert into medical_test values ('S8660744W', 'MCH', '31 pg', '2008-08-18')
insert into medical_test values ('S7639502T', 'RDW', '13.6%', '2007-03-16')
insert into medical_test values ('S6155633W', 'swine influenza', 'positive', '2009-07-20')
insert into medical_test values ('S8497138P', 'swine influenza', 'positive', '2009-07-11')
insert into medical_test values ('S6246901V', 'swine influenza', 'positive', '2009-07-22')
insert into medical_test values ('S6426142N', 'swine influenza', 'positive', '2009-07-28')
insert into medical_test values ('S7512999Y', 'swine influenza', 'positive', '2009-07-13')
insert into medical_test values ('S7371894D', 'swine influenza', 'positive', '2009-07-24')

CREATE TABLE allergy(patient_id varchar(30), allergy_name text)
insert into allergy values ('S8284186E', 'Benzyl Alcohol')
insert into allergy values ('S8285084H', 'Albumin')
insert into allergy values ('S7177880B', 'Androgens')
insert into allergy values ('S7138722B', 'Celecoxib')
insert into allergy values ('S6148824M', 'Albumin')
insert into allergy values ('S7118261I', 'Vancomcyn')
insert into allergy values ('S7171753Z', 'Celecoxib')
insert into allergy values ('S8167571C', 'Celecoxib')
insert into allergy values ('S7194736O', 'Alumnium')
insert into allergy values ('S6137306F', 'Benzyl Alcohol')
insert into allergy values ('S6138744F', 'Alumnium')
insert into allergy values ('S7171157X', 'Vancomcyn')
insert into allergy values ('S7163297W', 'Albumin')
insert into allergy values ('S6137904U', 'Albumin')
insert into allergy values ('S8216194K', 'Androgens')
insert into allergy values ('S7239833C', 'Albumin')
insert into allergy values ('S7266114H', 'Androgens')
insert into allergy values ('S8250763O', 'Androgens')
insert into allergy values ('S7272623O', 'Albumin')
insert into allergy values ('S7295511D', 'Alumnium')
insert into allergy values ('S7247817Y', 'Androgens')
insert into allergy values ('S8274666V', 'Alumnium')
insert into allergy values ('S6217328D', 'Vancomcyn')
insert into allergy values ('S8288231F', 'Alumnium')
insert into allergy values ('S8249545W', 'Alumnium')
insert into allergy values ('S7282780C', 'Androgens')
insert into allergy values ('S7240835V', 'Albumin')
insert into allergy values ('S8247415J', 'Albumin')
insert into allergy values ('S7294207C', 'Alumnium')
insert into allergy values ('S7285360P', 'Alumnium')
insert into allergy values ('S7230255A', 'Androgens')
insert into allergy values ('S7238936P', 'Albumin')
insert into allergy values ('S6243849V', 'Alumnium')
insert into allergy values ('S7317401Y', 'Alumnium')
insert into allergy values ('S7361771G', 'Vancomcyn')
insert into allergy values ('S8379412E', 'Celecoxib')
insert into allergy values ('S7324994L', 'Androgens')
insert into allergy values ('S7379896S', 'Androgens')
insert into allergy values ('S6357862F', 'Celecoxib')
insert into allergy values ('S8368619G', 'Vancomcyn')
insert into allergy values ('S6320248T', 'Vancomcyn')
insert into allergy values ('S7371894D', 'Androgens')
insert into allergy values ('S8342326Q', 'Alumnium')
insert into allergy values ('S8367171C', 'Androgens')
insert into allergy values ('S8425758I', 'Albumin')
insert into allergy values ('S6421532V', 'Celecoxib')
insert into allergy values ('S8458523H', 'Alumnium')
insert into allergy values ('S7411581K', 'Androgens')
insert into allergy values ('S7489185S', 'Androgens')
insert into allergy values ('S6450563P', 'Androgens')
insert into allergy values ('S7411390P', 'Androgens')
insert into allergy values ('S7418166O', 'Androgens')
insert into allergy values ('S6437581Y', 'Celecoxib')
insert into allergy values ('S7570667B', 'Celecoxib')
insert into allergy values ('S7572327H', 'Androgens')
insert into allergy values ('S6516357V', 'Vancomcyn')
insert into allergy values ('S7553175G', 'Celecoxib')
insert into allergy values ('S7560551R', 'Vancomcyn')
insert into allergy values ('S8574638X', 'Vancomcyn')
insert into allergy values ('S8554846K', 'Albumin')
insert into allergy values ('S7567359S', 'Vancomcyn')
insert into allergy values ('S7556818T', 'Androgens')
insert into allergy values ('S6567620J', 'Alumnium')
insert into allergy values ('S7583889O', 'Vancomcyn')
insert into allergy values ('S7546913Q', 'Alumnium')
insert into allergy values ('S6550989M', 'Vancomcyn')
insert into allergy values ('S8684993G', 'Androgens')
insert into allergy values ('S7687312H', 'Androgens')
insert into allergy values ('S6660623I', 'Androgens')
insert into allergy values ('S7691378I', 'Alumnium')
insert into allergy values ('S7666944X', 'Vancomcyn')
insert into allergy values ('S7618137P', 'Albumin')
insert into allergy values ('S8676589W', 'Vancomcyn')
insert into allergy values ('S6648445M', 'Albumin')
insert into allergy values ('S7672862D', 'Androgens')
insert into allergy values ('S6665107Z', 'Alumnium')
insert into allergy values ('S6652817Y', 'Alumnium')
insert into allergy values ('S7639431U', 'Albumin')
insert into allergy values ('S7631906K', 'Vancomcyn')
insert into allergy values ('S7656376J', 'Alumnium')
insert into allergy values ('S8660744W', 'Androgens')
insert into allergy values ('S7639502T', 'Celecoxib')

CREATE TABLE medication(patient_id varchar(30), medicine text, dosage text, start_date text, end_date text)
insert into medication values ('S8284186E', 'Ibufprofen 400mg', 'three times a day', '2006-02-09', '2006-02-16')
insert into medication values ('S8285084H', 'Ceftin 500mg', 'three times a day, 1 tablet by mouth', '2008-01-14', '2008-01-21')
insert into medication values ('S7177880B', 'Lipitor 20mg', 'once a day, at night', '2009-03-03', '2009-03-09')
insert into medication values ('S7138722B', 'Ceftin 500mg', 'three times a day, 1 tablet by mouth', '2007-11-18', '2007-11-25')
insert into medication values ('S6148824M', 'Ceftin 500mg', 'three times a day, 1 tablet by mouth', '2006-10-07', '2006-10-12')
insert into medication values ('S7118261I', 'Lactulose 10mg', 'two times a day, 5ml by mouth', '2008-11-18', '2008-11-23')
insert into medication values ('S8187643T', 'Lactulose 10mg', 'two times a day, 5ml by mouth', '2007-08-06', '2007-08-12')
insert into medication values ('S7137927N', 'Azythromycine 500mg', 'once a day, 1 injectable solution intravenously', '2007-08-06', '2007-08-14')
insert into medication values ('S7171753Z', 'Amiodarone 20mg', 'once a day, 1 tablet by mouth', '2008-11-14', '2008-11-20')
insert into medication values ('S6122982N', 'Azythromycine 500mg', 'once a day, 1 injectable solution intravenously', '2008-11-08', '2008-11-14')
insert into medication values ('S7145609I', 'Ceftin 500mg', 'three times a day, 1 tablet by mouth', '2006-03-03', '2006-03-11')
insert into medication values ('S8167571C', 'Lipitor 20mg', 'once a day, at night', '2007-04-03', '2007-04-09')
insert into medication values ('S7187692Z', 'Simvastatin 40mg', 'once a day, at night', '2007-07-05', '2007-07-10')
insert into medication values ('S6112171U', 'Lactulose 10mg', 'two times a day, 5ml by mouth', '2007-06-13', '2007-06-17')
insert into medication values ('S8198765N', 'Lipitor 20mg', 'once a day, at night', '2009-06-10', '2009-06-17')
insert into medication values ('S7194736O', 'Simvastatin 40mg', 'once a day, at night', '2008-01-04', '2008-01-12')
insert into medication values ('S6137306F', 'Lactulose 10mg', 'two times a day, 5ml by mouth', '2007-08-13', '2007-08-19')
insert into medication values ('S8188226G', 'Lactulose 10mg', 'two times a day, 5ml by mouth', '2007-08-06', '2007-08-11')
insert into medication values ('S6138744F', 'Lactulose 10mg', 'two times a day, 5ml by mouth', '2008-08-19', '2008-08-24')
insert into medication values ('S7171157X', 'Lactulose 10mg', 'two times a day, 5ml by mouth', '2007-04-20', '2007-04-26')
insert into medication values ('S7163297W', 'Ceftriaxone 1g', 'once a day, 1 injectable solution intravenously', '2009-01-02', '2009-01-09')
insert into medication values ('S7195982X', 'Lipitor 20mg', 'once a day, at night', '2006-11-06', '2006-11-13')
insert into medication values ('S7189551N', 'Simvastatin 40mg', 'once a day, at night', '2008-07-08', '2008-07-14')
insert into medication values ('S7180267D', 'Ceftriaxone 1g', 'once a day, 1 injectable solution intravenously', '2007-05-08', '2007-05-15')
insert into medication values ('S8179734S', 'Lactulose 10mg', 'two times a day, 5ml by mouth', '2008-05-05', '2008-05-11')
insert into medication values ('S6137904U', 'Ceftin 500mg', 'three times a day, 1 tablet by mouth', '2006-01-01', '2006-01-09')
insert into medication values ('S6191759M', 'Lipitor 20mg', 'once a day, at night', '2007-06-20', '2007-06-25')
insert into medication values ('S7118889U', 'Lactulose 10mg', 'two times a day, 5ml by mouth', '2006-11-20', '2006-11-27')
insert into medication values ('S8216194K', 'Simvastatin 40mg', 'once a day, at night', '2008-06-09', '2008-06-16')
insert into medication values ('S7239833C', 'Simvastatin 40mg', 'once a day, at night', '2007-11-11', '2007-11-17')
insert into medication values ('S7266114H', 'Azythromycine 500mg', 'once a day, 1 injectable solution intravenously', '2008-12-03', '2008-12-11')
insert into medication values ('S8250763O', 'Simvastatin 40mg', 'once a day, at night', '2009-05-05', '2009-05-10')
insert into medication values ('S7272623O', 'Azythromycine 500mg', 'once a day, 1 injectable solution intravenously', '2008-10-02', '2008-10-10')
insert into medication values ('S7295511D', 'Lactulose 10mg', 'two times a day, 5ml by mouth', '2008-04-12', '2008-04-16')
insert into medication values ('S6264862V', 'Simvastatin 40mg', 'once a day, at night', '2009-03-20', '2009-03-26')
insert into medication values ('S8214535T', 'Lactulose 10mg', 'two times a day, 5ml by mouth', '2006-10-08', '2006-10-15')
insert into medication values ('S8221415T', 'Ibufprofen 400mg', 'three times a day', '2007-05-16', '2007-05-22')
insert into medication values ('S7222963R', 'Azythromycine 500mg', 'once a day, 1 injectable solution intravenously', '2008-01-08', '2008-01-14')
insert into medication values ('S7247817Y', 'Lactulose 10mg', 'two times a day, 5ml by mouth', '2008-04-17', '2008-04-22')
insert into medication values ('S7221604D', 'Lactulose 10mg', 'two times a day, 5ml by mouth', '2007-06-12', '2007-06-18')
insert into medication values ('S7282601I', 'Lipitor 20mg', 'once a day, at night', '2008-02-04', '2008-02-11')
insert into medication values ('S8298153V', 'Ceftriaxone 1g', 'once a day, 1 injectable solution intravenously', '2007-12-03', '2007-12-09')
insert into medication values ('S8288407C', 'Lactulose 10mg', 'two times a day, 5ml by mouth', '2008-02-10', '2008-02-16')
insert into medication values ('S8274666V', 'Amiodarone 20mg', 'once a day, 1 tablet by mouth', '2008-09-02', '2008-09-08')
insert into medication values ('S6271838N', 'Azythromycine 500mg', 'once a day, 1 injectable solution intravenously', '2009-05-09', '2009-05-16')
insert into medication values ('S8281351K', 'Azythromycine 500mg', 'once a day, 1 injectable solution intravenously', '2009-03-01', '2009-03-05')
insert into medication values ('S6217328D', 'Ceftin 500mg', 'three times a day, 1 tablet by mouth', '2007-11-15', '2007-11-22')
insert into medication values ('S8288231F', 'Lipitor 20mg', 'once a day, at night', '2008-07-18', '2008-07-25')
insert into medication values ('S8249545W', 'Lactulose 10mg', 'two times a day, 5ml by mouth', '2008-04-15', '2008-04-20')
insert into medication values ('S7282780C', 'Azythromycine 500mg', 'once a day, 1 injectable solution intravenously', '2008-07-17', '2008-07-22')
insert into medication values ('S7240835V', 'Simvastatin 40mg', 'once a day, at night', '2006-11-18', '2006-11-23')
insert into medication values ('S8247415J', 'Ceftin 500mg', 'three times a day, 1 tablet by mouth', '2008-09-17', '2008-09-23')
insert into medication values ('S7294207C', 'Lactulose 10mg', 'two times a day, 5ml by mouth', '2008-09-05', '2008-09-13')
insert into medication values ('S7295777K', 'Ibufprofen 400mg', 'three times a day', '2008-06-14', '2008-06-18')
insert into medication values ('S7285360P', 'Amiodarone 20mg', 'once a day, 1 tablet by mouth', '2007-04-13', '2007-04-17')
insert into medication values ('S7274457Z', 'Ibufprofen 400mg', 'three times a day', '2008-08-08', '2008-08-14')
insert into medication values ('S7258437L', 'Lactulose 10mg', 'two times a day, 5ml by mouth', '2008-06-06', '2008-06-11')
insert into medication values ('S7230255A', 'Ceftriaxone 1g', 'once a day, 1 injectable solution intravenously', '2007-07-15', '2007-07-21')
insert into medication values ('S7238936P', 'Ibufprofen 400mg', 'three times a day', '2007-03-06', '2007-03-12')
insert into medication values ('S6243849V', 'Ibufprofen 400mg', 'three times a day', '2006-05-11', '2006-05-17')
insert into medication values ('S8348105F', 'Simvastatin 40mg', 'once a day, at night', '2008-12-09', '2008-12-15')
insert into medication values ('S7317401Y', 'Lipitor 20mg', 'once a day, at night', '2006-08-05', '2006-08-10')
insert into medication values ('S8349644P', 'Simvastatin 40mg', 'once a day, at night', '2006-08-12', '2006-08-20')
insert into medication values ('S6375477Q', 'Azythromycine 500mg', 'once a day, 1 injectable solution intravenously', '2006-04-08', '2006-04-13')
insert into medication values ('S8336253M', 'Ibufprofen 400mg', 'three times a day', '2007-02-09', '2007-02-14')
insert into medication values ('S7361771G', 'Ibufprofen 400mg', 'three times a day', '2009-05-17', '2009-05-22')
insert into medication values ('S8379412E', 'Amiodarone 20mg', 'once a day, 1 tablet by mouth', '2007-04-05', '2007-04-09')
insert into medication values ('S7324994L', 'Ceftin 500mg', 'three times a day, 1 tablet by mouth', '2007-05-04', '2007-05-12')
insert into medication values ('S7379896S', 'Amiodarone 20mg', 'once a day, 1 tablet by mouth', '2009-01-08', '2009-01-15')
insert into medication values ('S6357862F', 'Simvastatin 40mg', 'once a day, at night', '2006-07-09', '2006-07-15')
insert into medication values ('S8368619G', 'Ibufprofen 400mg', 'three times a day', '2006-05-18', '2006-05-23')
insert into medication values ('S6312939K', 'Ibufprofen 400mg', 'three times a day', '2007-05-09', '2007-05-15')
insert into medication values ('S7332153N', 'Amiodarone 20mg', 'once a day, 1 tablet by mouth', '2008-08-07', '2008-08-12')
insert into medication values ('S6320248T', 'Lactulose 10mg', 'two times a day, 5ml by mouth', '2008-12-06', '2008-12-13')
insert into medication values ('S7371894D', 'Simvastatin 40mg', 'once a day, at night', '2006-03-10', '2006-03-16')
insert into medication values ('S8342326Q', 'Lactulose 10mg', 'two times a day, 5ml by mouth', '2009-06-02', '2009-06-09')
insert into medication values ('S8310633S', 'Simvastatin 40mg', 'once a day, at night', '2006-05-06', '2006-05-13')
insert into medication values ('S8367171C', 'Lactulose 10mg', 'two times a day, 5ml by mouth', '2007-12-13', '2007-12-18')
insert into medication values ('S7373602T', 'Lactulose 10mg', 'two times a day, 5ml by mouth', '2007-07-13', '2007-07-17')
insert into medication values ('S8443268C', 'Ceftin 500mg', 'three times a day, 1 tablet by mouth', '2006-06-14', '2006-06-21')
insert into medication values ('S6456314P', 'Lipitor 20mg', 'once a day, at night', '2006-02-02', '2006-02-08')
insert into medication values ('S7425592E', 'Lipitor 20mg', 'once a day, at night', '2009-06-15', '2009-06-20')
insert into medication values ('S8425758I', 'Lactulose 10mg', 'two times a day, 5ml by mouth', '2009-03-11', '2009-03-19')
insert into medication values ('S6421532V', 'Amiodarone 20mg', 'once a day, 1 tablet by mouth', '2009-04-14', '2009-04-18')
insert into medication values ('S8458523H', 'Ibufprofen 400mg', 'three times a day', '2007-01-17', '2007-01-21')
insert into medication values ('S7411581K', 'Amiodarone 20mg', 'once a day, 1 tablet by mouth', '2008-05-03', '2008-05-09')
insert into medication values ('S7489185S', 'Azythromycine 500mg', 'once a day, 1 injectable solution intravenously', '2008-02-04', '2008-02-12')
insert into medication values ('S6450563P', 'Lipitor 20mg', 'once a day, at night', '2008-10-17', '2008-10-22')
insert into medication values ('S7411390P', 'Lactulose 10mg', 'two times a day, 5ml by mouth', '2006-09-14', '2006-09-21')
insert into medication values ('S7438497C', 'Azythromycine 500mg', 'once a day, 1 injectable solution intravenously', '2006-09-17', '2006-09-25')
insert into medication values ('S8497138P', 'Ibufprofen 400mg', 'three times a day', '2008-08-10', '2008-08-16')
insert into medication values ('S7418166O', 'Amiodarone 20mg', 'once a day, 1 tablet by mouth', '2008-01-12', '2008-01-18')
insert into medication values ('S6437581Y', 'Simvastatin 40mg', 'once a day, at night', '2006-10-05', '2006-10-12')
insert into medication values ('S7419644Q', 'Simvastatin 40mg', 'once a day, at night', '2007-09-14', '2007-09-22')
insert into medication values ('S8435240O', 'Azythromycine 500mg', 'once a day, 1 injectable solution intravenously', '2006-12-02', '2006-12-07')
insert into medication values ('S7570667B', 'Azythromycine 500mg', 'once a day, 1 injectable solution intravenously', '2008-05-05', '2008-05-11')
insert into medication values ('S7551588F', 'Azythromycine 500mg', 'once a day, 1 injectable solution intravenously', '2006-10-08', '2006-10-16')
insert into medication values ('S7572327H', 'Ibufprofen 400mg', 'three times a day', '2007-07-09', '2007-07-15')
insert into medication values ('S8574938M', 'Ibufprofen 400mg', 'three times a day', '2008-05-16', '2008-05-24')
insert into medication values ('S7551347S', 'Simvastatin 40mg', 'once a day, at night', '2008-09-07', '2008-09-12')
insert into medication values ('S6516357V', 'Simvastatin 40mg', 'once a day, at night', '2007-02-14', '2007-02-18')
insert into medication values ('S7553175G', 'Azythromycine 500mg', 'once a day, 1 injectable solution intravenously', '2007-07-07', '2007-07-14')
insert into medication values ('S7560551R', 'Ceftriaxone 1g', 'once a day, 1 injectable solution intravenously', '2008-03-12', '2008-03-17')
insert into medication values ('S8574638X', 'Ceftin 500mg', 'three times a day, 1 tablet by mouth', '2007-10-16', '2007-10-23')
insert into medication values ('S8554846K', 'Azythromycine 500mg', 'once a day, 1 injectable solution intravenously', '2006-07-07', '2006-07-13')
insert into medication values ('S7567359S', 'Ibufprofen 400mg', 'three times a day', '2008-12-14', '2008-12-20')
insert into medication values ('S7556818T', 'Lipitor 20mg', 'once a day, at night', '2009-06-09', '2009-06-17')
insert into medication values ('S6567620J', 'Simvastatin 40mg', 'once a day, at night', '2007-11-17', '2007-11-24')
insert into medication values ('S7583889O', 'Ceftriaxone 1g', 'once a day, 1 injectable solution intravenously', '2008-11-06', '2008-11-11')
insert into medication values ('S7519334A', 'Lipitor 20mg', 'once a day, at night', '2009-04-07', '2009-04-12')
insert into medication values ('S6572776N', 'Ibufprofen 400mg', 'three times a day', '2009-05-09', '2009-05-14')
insert into medication values ('S7546913Q', 'Simvastatin 40mg', 'once a day, at night', '2009-02-14', '2009-02-21')
insert into medication values ('S7532173Q', 'Ceftin 500mg', 'three times a day, 1 tablet by mouth', '2007-11-04', '2007-11-09')
insert into medication values ('S6550989M', 'Simvastatin 40mg', 'once a day, at night', '2007-11-14', '2007-11-21')
insert into medication values ('S7571837V', 'Azythromycine 500mg', 'once a day, 1 injectable solution intravenously', '2009-03-17', '2009-03-22')
insert into medication values ('S7512999Y', 'Ceftin 500mg', 'three times a day, 1 tablet by mouth', '2009-03-15', '2009-03-21')
insert into medication values ('S8538193I', 'Ceftin 500mg', 'three times a day, 1 tablet by mouth', '2007-01-07', '2007-01-15')
insert into medication values ('S8612707S', 'Simvastatin 40mg', 'once a day, at night', '2007-04-07', '2007-04-12')
insert into medication values ('S8684993G', 'Amiodarone 20mg', 'once a day, 1 tablet by mouth', '2007-08-14', '2007-08-19')
insert into medication values ('S7680197M', 'Ibufprofen 400mg', 'three times a day', '2007-11-17', '2007-11-25')
insert into medication values ('S7687312H', 'Simvastatin 40mg', 'once a day, at night', '2009-01-02', '2009-01-09')
insert into medication values ('S6660623I', 'Ibufprofen 400mg', 'three times a day', '2007-08-17', '2007-08-22')
insert into medication values ('S8629269G', 'Ibufprofen 400mg', 'three times a day', '2007-05-19', '2007-05-23')
insert into medication values ('S7612103K', 'Lactulose 10mg', 'two times a day, 5ml by mouth', '2008-01-06', '2008-01-14')
insert into medication values ('S7691378I', 'Lipitor 20mg', 'once a day, at night', '2008-05-13', '2008-05-18')
insert into medication values ('S7636847K', 'Ceftin 500mg', 'three times a day, 1 tablet by mouth', '2006-04-05', '2006-04-10')
insert into medication values ('S7666944X', 'Simvastatin 40mg', 'once a day, at night', '2007-05-14', '2007-05-20')
insert into medication values ('S7618137P', 'Simvastatin 40mg', 'once a day, at night', '2009-03-05', '2009-03-13')
insert into medication values ('S8676589W', 'Simvastatin 40mg', 'once a day, at night', '2007-02-13', '2007-02-17')
insert into medication values ('S8687187I', 'Ibufprofen 400mg', 'three times a day', '2006-02-18', '2006-02-25')
insert into medication values ('S7647622E', 'Ibufprofen 400mg', 'three times a day', '2008-09-08', '2008-09-16')
insert into medication values ('S7636200J', 'Lactulose 10mg', 'two times a day, 5ml by mouth', '2009-06-11', '2009-06-16')
insert into medication values ('S6650749S', 'Amiodarone 20mg', 'once a day, 1 tablet by mouth', '2008-07-15', '2008-07-19')
insert into medication values ('S6648445M', 'Simvastatin 40mg', 'once a day, at night', '2009-07-03', '2009-07-09')
insert into medication values ('S7672862D', 'Amiodarone 20mg', 'once a day, 1 tablet by mouth', '2008-05-10', '2008-05-15')
insert into medication values ('S6665107Z', 'Amiodarone 20mg', 'once a day, 1 tablet by mouth', '2008-10-17', '2008-10-21')
insert into medication values ('S6652817Y', 'Simvastatin 40mg', 'once a day, at night', '2007-03-13', '2007-03-18')
insert into medication values ('S7639431U', 'Lactulose 10mg', 'two times a day, 5ml by mouth', '2007-09-07', '2007-09-12')
insert into medication values ('S7631906K', 'Simvastatin 40mg', 'once a day, at night', '2009-02-08', '2009-02-13')
insert into medication values ('S7656376J', 'Amiodarone 20mg', 'once a day, 1 tablet by mouth', '2007-10-09', '2007-10-14')
insert into medication values ('S7619280N', 'Ceftin 500mg', 'three times a day, 1 tablet by mouth', '2007-07-08', '2007-07-13')
insert into medication values ('S8660744W', 'Simvastatin 40mg', 'once a day, at night', '2008-08-18', '2008-08-23')
insert into medication values ('S7639502T', 'Azythromycine 500mg', 'once a day, 1 injectable solution intravenously', '2007-03-16', '2007-03-24')
