drop database if exists localdb
create database if not exists localdb
use localdb

CREATE TABLE patient(patient_id varchar(30) NOT NULL, first_name text, last_name text, date_of_birth text, age integer, gender text, address text, nationality text, CONSTRAINT patient_pkey PRIMARY KEY (patient_id))
insert into patient values ('S8284186E', 'WEE PENG', 'LIAU', '1983-09-11', 26, 'female', 'Changi', 'Singaporean')
insert into patient values ('S8285084H', 'XIAOHUI', 'LEOW', '1984-02-04', 25, 'female', 'Keppel', 'Singaporean')
insert into patient values ('S7155655O', 'PUAY ENG CONSTANCE', 'SEOW', '1986-04-19', 23, 'female', 'Changi', 'Singaporean')
insert into patient values ('S7155700M', 'CHEE KEONG', 'CHUA', '1987-02-05', 22, 'male', 'Dover', 'Singaporean')
insert into patient values ('S7193676D', 'WAI LEONG', 'LAU', '1974-04-24', 35, 'male', 'Changi', 'Singaporean')
insert into patient values ('S7175840E', 'CHUGUANG ISAAC', 'CHUA', '1987-07-18', 22, 'female', 'Punggol', 'Singaporean')
insert into patient values ('S7198298O', 'AN SHUN', 'TAN', '1972-05-06', 37, 'female', 'Keppel', 'Singaporean')
insert into patient values ('S7167883J', 'SIEW LIANG', 'YEO', '1974-11-17', 35, 'female', 'Keppel', 'Singaporean')
insert into patient values ('S6132580S', 'PENG HOCK', 'TAN', '1975-04-25', 34, 'male', 'Katong', 'Singaporean')
insert into patient values ('S8197414O', 'DAO JUN', 'SUN', '1980-09-04', 29, 'male', 'Dover', 'Singaporean')
insert into patient values ('S6170221R', 'MIN HAU', 'SOON', '1973-03-14', 36, 'male', 'Bedok', 'Singaporean')
insert into patient values ('S8184431J', 'MENG KWONG', 'LUI', '1988-04-14', 21, 'male', 'Changi', 'Singaporean')
insert into patient values ('S7131566G', 'WAI KUAN', 'SUM', '1985-02-21', 24, 'male', 'Katong', 'Singaporean')
insert into patient values ('S7140392C', 'SZE YING EMILY', 'LI', '1985-07-26', 24, 'female', 'Keppel', 'Singaporean')
insert into patient values ('S7187850K', 'PROMVONGSANON', 'NAPOB', '1982-10-16', 27, 'female', 'Punggol', 'Singaporean')
insert into patient values ('S7111533M', 'NAZRUL AMIN BIN ABDUL MUTIN', 'MOHAMED', '1978-06-25', 31, 'female', 'Changi', 'Singaporean')
insert into patient values ('S7195328V', 'HOOI YING', 'TAN', '1974-07-16', 35, 'female', 'Bedok', 'Singaporean')
insert into patient values ('S6114166V', 'SEAN MAY', 'WONG', '1989-07-09', 20, 'female', 'Dover', 'Singaporean')
insert into patient values ('S7189811I', 'SHYH-CHYI', 'HUI', '1977-07-08', 32, 'female', 'Katong', 'Singaporean')
insert into patient values ('S6114875V', 'KHENG HWEE', 'CHIAM', '1983-08-27', 26, 'female', 'Changi', 'Singaporean')
insert into patient values ('S7192660I', 'CHONG SENG', 'KHOO', '1974-02-11', 35, 'female', 'Dover', 'Singaporean')
insert into patient values ('S8111354S', 'FANGXIANG MELVYN', 'LIM', '1975-05-18', 34, 'male', 'Bedok', 'Singaporean')
insert into patient values ('S8173258W', 'HALIM MAN', 'JOHNSON', '1969-09-02', 40, 'male', 'Toa Payo', 'Singaporean')
insert into patient values ('S8152639W', 'KANG HUI ALICIA', 'WONG', '1982-03-20', 27, 'male', 'Chinatown', 'Singaporean')
insert into patient values ('S7127561O', 'PUI KWAN', 'LOK', '1987-04-27', 22, 'female', 'Punggol', 'Singaporean')
insert into patient values ('S7125765C', 'YING YING', 'CHEW', '1982-10-17', 27, 'female', 'Punggol', 'Singaporean')
insert into patient values ('S6161851W', 'LEN VOON', 'LIM', '1985-05-17', 24, 'female', 'Katong', 'Singaporean')
insert into patient values ('S6162729S', 'WING SHAN SHIRLEY', 'ONG', '1977-03-23', 32, 'male', 'Changi', 'Singaporean')
insert into patient values ('S6180183X', 'CHUN KEONG KELVIN', 'GOH', '1982-05-09', 27, 'male', 'Bedok', 'Singaporean')
insert into patient values ('S7140723L', 'CHENG SHEK', 'FONG', '1982-09-05', 27, 'male', 'Bedok', 'Singaporean')
insert into patient values ('S7142112S', 'PIN', 'LIM', '1989-06-11', 20, 'male', 'Keppel', 'Singaporean')
insert into patient values ('S7125508X', 'KIN SAN', 'SONG', '1970-03-09', 39, 'female', 'Bedok', 'Singaporean')
insert into patient values ('S8198188S', 'HENG LENG', 'KWAN', '1974-02-24', 35, 'female', 'Bedok', 'Singaporean')
insert into patient values ('S8112407E', 'KHEI FATT', 'NG', '1979-04-08', 30, 'male', 'Punggol', 'Singaporean')
insert into patient values ('S6190388I', 'ENG KWEE', 'CHAI', '1984-05-07', 25, 'male', 'Chinatown', 'Singaporean')
insert into patient values ('S6156259Y', 'SHIYUN SERENA', 'TAN', '1979-11-05', 30, 'male', 'Dover', 'Singaporean')
insert into patient values ('S7193663O', 'DONG', 'LIN', '1984-09-16', 25, 'male', 'Toa Payo', 'Singaporean')
insert into patient values ('S6174953P', 'CHUNG HON', 'BOEY', '1986-02-14', 23, 'female', 'Keppel', 'Singaporean')
insert into patient values ('S8197520D', 'CHIN HON', 'LEE', '1978-07-28', 31, 'male', 'Changi', 'Singaporean')
insert into patient values ('S7120844M', 'WHYE KHUEN', 'CHONG', '1973-10-01', 36, 'male', 'Dover', 'Singaporean')
insert into patient values ('S8117936E', 'HWEE PHING JANE', 'GAN', '1985-03-12', 24, 'male', 'Chinatown', 'Singaporean')
insert into patient values ('S6121193J', 'GUAN LI', 'SOH', '1975-10-17', 34, 'male', 'Punggol', 'Singaporean')
insert into patient values ('S8148323K', 'MEI MEI', 'SOO', '1977-09-25', 32, 'male', 'Punggol', 'Singaporean')
insert into patient values ('S8160113T', 'KRISHNA', 'SUBRAMANIAN', '1982-10-21', 27, 'male', 'Changi', 'Singaporean')
insert into patient values ('S7113738O', 'SIEW CHUAN', 'TIA', '1989-02-05', 20, 'male', 'Changi', 'Singaporean')
insert into patient values ('S7190620H', 'LIANG KHIN TERRY', 'TEO', '1987-08-07', 22, 'male', 'Toa Payo', 'Singaporean')
insert into patient values ('S7180349D', 'SEE CHONG', 'NG', '1985-09-11', 24, 'male', 'Changi', 'Singaporean')
insert into patient values ('S8132878Y', 'KEE FUI TURNER', 'LAM', '1984-05-24', 25, 'male', 'Keppel', 'Singaporean')
insert into patient values ('S7127476Y', 'SWEE HONG', 'KWEK', '1972-09-10', 37, 'male', 'Punggol', 'Singaporean')
insert into patient values ('S6144418J', 'KWUN CHUNG', 'WONG', '1976-10-08', 33, 'male', 'Punggol', 'Singaporean')
insert into patient values ('S8116977M', 'CHING SIOW', 'TAN', '1982-06-05', 27, 'female', 'Toa Payo', 'Singaporean')
insert into patient values ('S6131365C', 'KOON JOO JESSICA', 'CHUA', '1979-04-12', 30, 'female', 'Katong', 'Singaporean')
insert into patient values ('S8180160G', 'DAO JUN', 'SUN', '1979-07-26', 30, 'male', 'Bedok', 'Singaporean')
insert into patient values ('S6174314D', 'MENG WEI', 'FENG', '1982-11-12', 27, 'male', 'Toa Payo', 'Singaporean')
insert into patient values ('S7123394N', 'HWEI MIN', 'CHEN', '1970-02-24', 39, 'male', 'Changi', 'Singaporean')
insert into patient values ('S7182216G', 'SWEE HONG', 'KWEK', '1970-03-13', 39, 'female', 'Toa Payo', 'Singaporean')
insert into patient values ('S8172129Q', 'HAN LIN', 'TOH', '1986-10-15', 23, 'male', 'Dover', 'Singaporean')
insert into patient values ('S7116673L', 'SIEW HOON', 'TEO', '1984-11-19', 25, 'male', 'Punggol', 'Singaporean')
insert into patient values ('S7129876I', 'CHEE WAN', 'CHUA', '1972-01-16', 37, 'female', 'Changi', 'Singaporean')
insert into patient values ('S6140669H', 'WEE TEE MICHAEL', 'LIM', '1982-09-27', 27, 'male', 'Changi', 'Singaporean')
insert into patient values ('S7170436M', 'BENG HONG', 'LEE', '1982-06-21', 27, 'female', 'Keppel', 'Singaporean')
insert into patient values ('S7123956S', 'HAN LEONG', 'NEO', '1983-09-03', 26, 'female', 'Keppel', 'Singaporean')
insert into patient values ('S7186482W', 'EE LENG ELAINE', 'MAK', '1971-12-09', 38, 'male', 'Keppel', 'Singaporean')
insert into patient values ('S6184907D', 'CONG', 'CHEN', '1980-11-05', 29, 'male', 'Keppel', 'Singaporean')
insert into patient values ('S6147231W', 'TECK HUI', 'WONG', '1978-05-04', 31, 'male', 'Punggol', 'Singaporean')
insert into patient values ('S8189182T', 'WEE LEONG ERIC', 'LOW', '1982-10-20', 27, 'female', 'Keppel', 'Singaporean')
insert into patient values ('S7128251H', 'BENG YEOW LEONARD', 'GOH', '1981-01-23', 28, 'female', 'Toa Payo', 'Singaporean')
insert into patient values ('S6170655Z', 'KIAN HEONG', 'NG', '1984-02-05', 25, 'female', 'Dover', 'Singaporean')
insert into patient values ('S8193299L', 'CHIN HONG', 'NEO', '1970-06-07', 39, 'female', 'Toa Payo', 'Singaporean')
insert into patient values ('S8155657E', 'JIAHE ALEXANDRA P CHIANG', 'CHIANG', '1978-09-07', 31, 'male', 'Keppel', 'Singaporean')
insert into patient values ('S6172388T', 'CHEE KEONG', 'YONG', '1982-11-25', 27, 'male', 'Keppel', 'Singaporean')
insert into patient values ('S7118761Q', 'CHEE SING', 'WONG', '1985-04-12', 24, 'female', 'Bedok', 'Singaporean')
insert into patient values ('S7182208F', 'SOK LENG', 'GOH', '1978-11-25', 31, 'male', 'Punggol', 'Singaporean')
insert into patient values ('S7151146X', 'KOK PENG', 'NA', '1971-11-22', 38, 'female', 'Chinatown', 'Singaporean')
insert into patient values ('S7195280S', 'GUAN HUAT', 'ONG', '1981-06-24', 28, 'female', 'Bedok', 'Singaporean')
insert into patient values ('S7194534L', 'ENG YEOW', 'LEE', '1986-10-04', 23, 'male', 'Keppel', 'Singaporean')
insert into patient values ('S7181396K', 'YING YING', 'CHEW', '1973-11-21', 36, 'female', 'Dover', 'Singaporean')
insert into patient values ('S8114765R', 'CHONG VUN CHING', 'EVELYN', '1973-05-19', 36, 'female', 'Changi', 'Singaporean')
insert into patient values ('S7130982H', 'POH LING', 'LEONG', '1980-06-02', 29, 'male', 'Punggol', 'Singaporean')
insert into patient values ('S7116354I', 'TUTEJA', 'NITIN', '1980-06-21', 29, 'female', 'Punggol', 'Singaporean')
insert into patient values ('S8133680I', 'YOKE LING', 'LOH', '1971-10-16', 38, 'female', 'Bedok', 'Singaporean')
insert into patient values ('S7185937Y', 'SHAO HUNG', 'GOH', '1984-02-25', 25, 'male', 'Bedok', 'Singaporean')
insert into patient values ('S8194746S', 'CHEN SEONG', 'CHONG', '1973-06-17', 36, 'female', 'Bedok', 'Singaporean')
insert into patient values ('S6111140U', 'SUAN SONG', 'LOY', '1976-07-22', 33, 'female', 'Punggol', 'Singaporean')
insert into patient values ('S7196105E', 'WEE PENG', 'LIAU', '1974-03-08', 35, 'female', 'Katong', 'Singaporean')
insert into patient values ('S6171475Q', 'CHEE YIK', 'TOH', '1979-04-28', 30, 'male', 'Keppel', 'Singaporean')
insert into patient values ('S7185209V', 'KIAN HAU', 'KONG', '1975-09-11', 34, 'female', 'Chinatown', 'Singaporean')
insert into patient values ('S7142391Q', 'HUI BING', 'THIO', '1988-08-12', 21, 'male', 'Punggol', 'Singaporean')
insert into patient values ('S7175394F', 'HWONG CHAY', 'TIN', '1977-11-04', 32, 'male', 'Punggol', 'Singaporean')
insert into patient values ('S8159404M', 'ZEE KEONG', 'LIM', '1976-07-10', 33, 'male', 'Keppel', 'Singaporean')
insert into patient values ('S6136624V', 'KHENG HWEE', 'CHIAM', '1971-12-27', 38, 'male', 'Punggol', 'Singaporean')
insert into patient values ('S6141888W', 'SOO SING', 'CHOI', '1975-02-17', 34, 'male', 'Dover', 'Singaporean')
insert into patient values ('S7143870K', 'CHIN HOCK ADRIAN', 'TAN', '1973-03-07', 36, 'female', 'Toa Payo', 'Singaporean')
insert into patient values ('S8111639X', 'HWEE CHUAN', 'GOH', '1984-06-12', 25, 'male', 'Punggol', 'Singaporean')
insert into patient values ('S8115971H', 'YU WENG BERNARD', 'THAM', '1979-01-25', 30, 'female', 'Punggol', 'Singaporean')
insert into patient values ('S8129176B', 'NGEE FEI', 'KAN', '1981-04-01', 28, 'male', 'Changi', 'Singaporean')
insert into patient values ('S6163565U', 'HONG JING', 'LIM', '1989-09-25', 20, 'male', 'Toa Payo', 'Singaporean')
insert into patient values ('S7162491X', 'CHEE YONG', 'CHNG', '1974-08-06', 35, 'male', 'Dover', 'Singaporean')
insert into patient values ('S8136686M', 'KIANG WEE', 'LIM', '1980-06-12', 29, 'female', 'Bedok', 'Singaporean')
insert into patient values ('S7172774D', 'WAI HOUNG', 'TAN', '1989-09-05', 20, 'female', 'Changi', 'Singaporean')
insert into patient values ('S7122780J', 'CHIN CHIN', 'KOH', '1973-01-17', 36, 'male', 'Dover', 'Singaporean')
insert into patient values ('S8160617G', 'LI LIAN', 'SOON', '1978-11-12', 31, 'female', 'Bedok', 'Singaporean')
insert into patient values ('S8115370D', 'SU YE', 'GOH', '1976-09-07', 33, 'male', 'Bedok', 'Singaporean')
insert into patient values ('S8143811S', 'SUK PENG', 'CHIN', '1972-08-01', 37, 'female', 'Punggol', 'Singaporean')
insert into patient values ('S7181466B', 'SHENG JIE', 'WENG', '1976-05-11', 33, 'male', 'Dover', 'Singaporean')
insert into patient values ('S6189610I', 'XUCHAO', 'HOU', '1975-03-10', 34, 'female', 'Chinatown', 'Singaporean')
insert into patient values ('S7198935D', 'SOOK WAI', 'LEONG', '1984-05-17', 25, 'female', 'Chinatown', 'Singaporean')
insert into patient values ('S6116370S', 'HUIFEN', 'BAI', '1986-08-03', 23, 'female', 'Changi', 'Singaporean')
insert into patient values ('S7184143X', 'BENG CHOO', 'LIM', '1970-08-26', 39, 'female', 'Keppel', 'Singaporean')
insert into patient values ('S7143738C', 'WONG PAK MING', 'IFAT', '1971-07-15', 38, 'male', 'Chinatown', 'Singaporean')
insert into patient values ('S7154729X', 'LAI SAN', 'YEE', '1971-04-06', 38, 'male', 'Punggol', 'Singaporean')
insert into patient values ('S6123532F', 'CHIEH SHING', 'NG', '1973-08-25', 36, 'male', 'Toa Payo', 'Singaporean')

CREATE TABLE physician(physician_id varchar(30) NOT NULL, first_name text, last_name text, CONSTRAINT patient_pkey PRIMARY KEY (physician_id))
insert into physician values ('PH1000001', 'TAN', 'KAI BEE')
insert into physician values ('PH1000002', 'KOH', 'SOO JIN ADRIAN')

CREATE TABLE treat(patient_id varchar(30), physician_id varchar(30), start_date text, end_date text)
insert into treat values ('S8284186E', 'PH1000001', '2007-10-04', '2007-10-11')
insert into treat values ('S8284186E', 'PH1000002', '2007-10-04', '2007-10-11')
insert into treat values ('S8285084H', 'PH1000001', '2006-05-07', '2006-05-11')
insert into treat values ('S8285084H', 'PH1000002', '2006-05-07', '2006-05-13')
insert into treat values ('S7155700M', 'PH1000001', '2008-10-08', '2008-10-13')
insert into treat values ('S7155700M', 'PH1000002', '2008-10-08', '2008-10-14')
insert into treat values ('S7175840E', 'PH1000001', '2006-02-03', '2006-02-07')
insert into treat values ('S7175840E', 'PH1000002', '2006-02-03', '2006-02-10')
insert into treat values ('S7131566G', 'PH1000001', '2008-09-06', '2008-09-12')
insert into treat values ('S7131566G', 'PH1000002', '2008-09-06', '2008-09-11')
insert into treat values ('S7195328V', 'PH1000001', '2006-10-06', '2006-10-12')
insert into treat values ('S7195328V', 'PH1000002', '2006-10-06', '2006-10-11')
insert into treat values ('S7127561O', 'PH1000001', '2006-04-07', '2006-04-14')
insert into treat values ('S7127561O', 'PH1000002', '2006-04-07', '2006-04-14')
insert into treat values ('S6156259Y', 'PH1000001', '2008-08-19', '2008-08-23')
insert into treat values ('S6156259Y', 'PH1000002', '2008-08-19', '2008-08-27')
insert into treat values ('S8160113T', 'PH1000001', '2009-03-06', '2009-03-13')
insert into treat values ('S8160113T', 'PH1000002', '2009-03-06', '2009-03-13')
insert into treat values ('S7113738O', 'PH1000001', '2007-09-06', '2007-09-11')
insert into treat values ('S7113738O', 'PH1000002', '2007-09-06', '2007-09-12')
insert into treat values ('S7180349D', 'PH1000001', '2008-04-11', '2008-04-18')
insert into treat values ('S7180349D', 'PH1000002', '2008-04-11', '2008-04-16')
insert into treat values ('S7127476Y', 'PH1000001', '2009-06-18', '2009-06-24')
insert into treat values ('S7127476Y', 'PH1000002', '2009-06-18', '2009-06-23')
insert into treat values ('S7182216G', 'PH1000001', '2008-07-06', '2008-07-13')
insert into treat values ('S7182216G', 'PH1000002', '2008-07-06', '2008-07-12')
insert into treat values ('S7128251H', 'PH1000001', '2008-05-19', '2008-05-23')
insert into treat values ('S7128251H', 'PH1000002', '2008-05-19', '2008-05-24')
insert into treat values ('S6111140U', 'PH1000001', '2008-08-08', '2008-08-13')
insert into treat values ('S6111140U', 'PH1000002', '2008-08-08', '2008-08-15')
insert into treat values ('S7142391Q', 'PH1000001', '2008-07-07', '2008-07-12')
insert into treat values ('S7142391Q', 'PH1000002', '2008-07-07', '2008-07-12')
insert into treat values ('S7143870K', 'PH1000001', '2009-02-04', '2009-02-08')
insert into treat values ('S7143870K', 'PH1000002', '2009-02-04', '2009-02-11')
insert into treat values ('S8115971H', 'PH1000001', '2008-03-09', '2008-03-15')
insert into treat values ('S8115971H', 'PH1000002', '2008-03-09', '2008-03-17')
insert into treat values ('S6116370S', 'PH1000001', '2008-05-06', '2008-05-13')
insert into treat values ('S6116370S', 'PH1000002', '2008-05-06', '2008-05-12')
insert into treat values ('S7223971Z', 'PH1000001', '2008-11-19', '2008-11-26')
insert into treat values ('S7223971Z', 'PH1000002', '2008-11-19', '2008-11-25')
insert into treat values ('S8258369F', 'PH1000001', '2007-12-07', '2007-12-14')
insert into treat values ('S8258369F', 'PH1000002', '2007-12-07', '2007-12-13')
insert into treat values ('S7217197T', 'PH1000001', '2009-03-08', '2009-03-14')
insert into treat values ('S7217197T', 'PH1000002', '2009-03-08', '2009-03-14')
insert into treat values ('S7267677E', 'PH1000001', '2008-03-05', '2008-03-12')
insert into treat values ('S7267677E', 'PH1000002', '2008-03-05', '2008-03-11')
insert into treat values ('S8216312N', 'PH1000001', '2006-11-05', '2006-11-09')
insert into treat values ('S8216312N', 'PH1000002', '2006-11-05', '2006-11-13')
insert into treat values ('S6267517Z', 'PH1000001', '2007-02-18', '2007-02-24')
insert into treat values ('S6267517Z', 'PH1000002', '2007-02-18', '2007-02-23')
insert into treat values ('S7228419U', 'PH1000001', '2007-04-14', '2007-04-18')
insert into treat values ('S7228419U', 'PH1000002', '2007-04-14', '2007-04-20')
insert into treat values ('S7257637G', 'PH1000001', '2009-04-05', '2009-04-12')
insert into treat values ('S7257637G', 'PH1000002', '2009-04-05', '2009-04-13')
insert into treat values ('S7257117P', 'PH1000001', '2009-05-04', '2009-05-08')
insert into treat values ('S7257117P', 'PH1000002', '2009-05-04', '2009-05-12')
insert into treat values ('S7269224V', 'PH1000001', '2008-07-08', '2008-07-15')
insert into treat values ('S7269224V', 'PH1000002', '2008-07-08', '2008-07-14')
insert into treat values ('S7273923C', 'PH1000001', '2007-06-17', '2007-06-24')
insert into treat values ('S7273923C', 'PH1000002', '2007-06-17', '2007-06-25')
insert into treat values ('S6261139W', 'PH1000001', '2008-04-05', '2008-04-10')
insert into treat values ('S6261139W', 'PH1000002', '2008-04-05', '2008-04-12')
insert into treat values ('S7227411X', 'PH1000001', '2007-12-02', '2007-12-07')
insert into treat values ('S7227411X', 'PH1000002', '2007-12-02', '2007-12-08')
insert into treat values ('S7263477S', 'PH1000001', '2009-05-12', '2009-05-18')
insert into treat values ('S7263477S', 'PH1000002', '2009-05-12', '2009-05-16')
insert into treat values ('S7246717H', 'PH1000001', '2008-06-12', '2008-06-16')
insert into treat values ('S7246717H', 'PH1000002', '2008-06-12', '2008-06-18')
insert into treat values ('S8218449Y', 'PH1000001', '2009-01-04', '2009-01-11')
insert into treat values ('S8218449Y', 'PH1000002', '2009-01-04', '2009-01-10')
insert into treat values ('S8283761O', 'PH1000001', '2009-06-01', '2009-06-05')
insert into treat values ('S8283761O', 'PH1000002', '2009-06-01', '2009-06-08')
insert into treat values ('S8216753V', 'PH1000001', '2007-12-03', '2007-12-10')
insert into treat values ('S8216753V', 'PH1000002', '2007-12-03', '2007-12-09')
insert into treat values ('S8356268I', 'PH1000001', '2007-10-03', '2007-10-09')
insert into treat values ('S8356268I', 'PH1000002', '2007-10-03', '2007-10-10')
insert into treat values ('S7382208K', 'PH1000001', '2006-07-07', '2006-07-13')
insert into treat values ('S7382208K', 'PH1000002', '2006-07-07', '2006-07-11')
insert into treat values ('S6359192P', 'PH1000001', '2006-04-10', '2006-04-16')
insert into treat values ('S6359192P', 'PH1000002', '2006-04-10', '2006-04-16')
insert into treat values ('S7320654M', 'PH1000001', '2008-03-04', '2008-03-11')
insert into treat values ('S7320654M', 'PH1000002', '2008-03-04', '2008-03-10')
insert into treat values ('S8310788R', 'PH1000001', '2007-09-14', '2007-09-19')
insert into treat values ('S8310788R', 'PH1000002', '2007-09-14', '2007-09-20')
insert into treat values ('S8386881S', 'PH1000001', '2009-02-16', '2009-02-21')
insert into treat values ('S8386881S', 'PH1000002', '2009-02-16', '2009-02-23')
insert into treat values ('S7370387T', 'PH1000001', '2007-12-17', '2007-12-23')
insert into treat values ('S7370387T', 'PH1000002', '2007-12-17', '2007-12-23')
insert into treat values ('S7321579R', 'PH1000001', '2007-07-19', '2007-07-23')
insert into treat values ('S7321579R', 'PH1000002', '2007-07-19', '2007-07-23')
insert into treat values ('S6360780B', 'PH1000001', '2007-04-09', '2007-04-14')
insert into treat values ('S6360780B', 'PH1000002', '2007-04-09', '2007-04-13')
insert into treat values ('S7351935M', 'PH1000001', '2006-04-12', '2006-04-17')
insert into treat values ('S7351935M', 'PH1000002', '2006-04-12', '2006-04-19')
insert into treat values ('S7353790V', 'PH1000001', '2009-03-08', '2009-03-13')
insert into treat values ('S7353790V', 'PH1000002', '2009-03-08', '2009-03-14')
insert into treat values ('S8389611P', 'PH1000001', '2008-08-18', '2008-08-25')
insert into treat values ('S8389611P', 'PH1000002', '2008-08-18', '2008-08-23')
insert into treat values ('S6343283V', 'PH1000001', '2008-03-04', '2008-03-09')
insert into treat values ('S6343283V', 'PH1000002', '2008-03-04', '2008-03-11')
insert into treat values ('S7318665L', 'PH1000001', '2008-05-04', '2008-05-10')
insert into treat values ('S7318665L', 'PH1000002', '2008-05-04', '2008-05-10')
insert into treat values ('S6341442R', 'PH1000001', '2006-06-14', '2006-06-22')
insert into treat values ('S6341442R', 'PH1000002', '2006-06-14', '2006-06-18')
insert into treat values ('S7310327M', 'PH1000001', '2006-09-14', '2006-09-19')
insert into treat values ('S7310327M', 'PH1000002', '2006-09-14', '2006-09-19')
insert into treat values ('S7398570K', 'PH1000001', '2006-11-12', '2006-11-17')
insert into treat values ('S7398570K', 'PH1000002', '2006-11-12', '2006-11-16')
insert into treat values ('S6444767F', 'PH1000001', '2007-08-08', '2007-08-13')
insert into treat values ('S6444767F', 'PH1000002', '2007-08-08', '2007-08-13')
insert into treat values ('S7479701V', 'PH1000001', '2009-07-11', '2009-07-16')
insert into treat values ('S7479701V', 'PH1000002', '2009-07-11', '2009-07-16')
insert into treat values ('S7443693E', 'PH1000001', '2007-11-16', '2007-11-22')
insert into treat values ('S7443693E', 'PH1000002', '2007-11-16', '2007-11-21')
insert into treat values ('S8442952Z', 'PH1000001', '2008-03-03', '2008-03-11')
insert into treat values ('S8442952Z', 'PH1000002', '2008-03-03', '2008-03-09')
insert into treat values ('S6460940H', 'PH1000001', '2007-04-18', '2007-04-23')
insert into treat values ('S6460940H', 'PH1000002', '2007-04-18', '2007-04-23')
insert into treat values ('S7438494X', 'PH1000001', '2006-09-13', '2006-09-17')
insert into treat values ('S7438494X', 'PH1000002', '2006-09-13', '2006-09-21')
insert into treat values ('S7432505M', 'PH1000001', '2007-08-15', '2007-08-22')
insert into treat values ('S7432505M', 'PH1000002', '2007-08-15', '2007-08-21')
insert into treat values ('S7496312D', 'PH1000001', '2008-04-20', '2008-04-28')
insert into treat values ('S7496312D', 'PH1000002', '2008-04-20', '2008-04-26')
insert into treat values ('S7439620Y', 'PH1000001', '2006-09-19', '2006-09-27')
insert into treat values ('S7439620Y', 'PH1000002', '2006-09-19', '2006-09-25')
insert into treat values ('S7455185K', 'PH1000001', '2007-06-12', '2007-06-18')
insert into treat values ('S7455185K', 'PH1000002', '2007-06-12', '2007-06-17')
insert into treat values ('S7417173K', 'PH1000001', '2008-04-07', '2008-04-14')
insert into treat values ('S7417173K', 'PH1000002', '2008-04-07', '2008-04-11')
insert into treat values ('S8450296O', 'PH1000001', '2007-06-16', '2007-06-24')
insert into treat values ('S8450296O', 'PH1000002', '2007-06-16', '2007-06-23')
insert into treat values ('S8487906P', 'PH1000001', '2009-04-14', '2009-04-18')
insert into treat values ('S8487906P', 'PH1000002', '2009-04-14', '2009-04-20')
insert into treat values ('S6478104E', 'PH1000001', '2008-07-12', '2008-07-19')
insert into treat values ('S6478104E', 'PH1000002', '2008-07-12', '2008-07-18')
insert into treat values ('S7451931O', 'PH1000001', '2007-08-17', '2007-08-23')
insert into treat values ('S7451931O', 'PH1000002', '2007-08-17', '2007-08-22')
insert into treat values ('S7434568M', 'PH1000001', '2007-07-12', '2007-07-19')
insert into treat values ('S7434568M', 'PH1000002', '2007-07-12', '2007-07-19')
insert into treat values ('S7457253Y', 'PH1000001', '2008-09-16', '2008-09-23')
insert into treat values ('S7457253Y', 'PH1000002', '2008-09-16', '2008-09-22')
insert into treat values ('S7436389T', 'PH1000001', '2007-10-19', '2007-10-23')
insert into treat values ('S7436389T', 'PH1000002', '2007-10-19', '2007-10-25')
insert into treat values ('S6449987U', 'PH1000001', '2007-03-20', '2007-03-26')
insert into treat values ('S6449987U', 'PH1000002', '2007-03-20', '2007-03-26')
insert into treat values ('S7465487E', 'PH1000001', '2008-05-03', '2008-05-11')
insert into treat values ('S7465487E', 'PH1000002', '2008-05-03', '2008-05-10')
insert into treat values ('S7449910Y', 'PH1000001', '2006-08-15', '2006-08-20')
insert into treat values ('S7449910Y', 'PH1000002', '2006-08-15', '2006-08-19')
insert into treat values ('S8471587J', 'PH1000001', '2008-05-02', '2008-05-09')
insert into treat values ('S8471587J', 'PH1000002', '2008-05-02', '2008-05-08')
insert into treat values ('S7578670R', 'PH1000001', '2008-09-17', '2008-09-24')
insert into treat values ('S7578670R', 'PH1000002', '2008-09-17', '2008-09-24')
insert into treat values ('S7534933E', 'PH1000001', '2007-07-09', '2007-07-13')
insert into treat values ('S7534933E', 'PH1000002', '2007-07-09', '2007-07-15')
insert into treat values ('S8533785A', 'PH1000001', '2007-02-12', '2007-02-20')
insert into treat values ('S8533785A', 'PH1000002', '2007-02-12', '2007-02-18')
insert into treat values ('S6521341F', 'PH1000001', '2006-09-10', '2006-09-15')
insert into treat values ('S6521341F', 'PH1000002', '2006-09-10', '2006-09-14')
insert into treat values ('S7579647C', 'PH1000001', '2009-05-16', '2009-05-24')
insert into treat values ('S7579647C', 'PH1000002', '2009-05-16', '2009-05-22')
insert into treat values ('S7555534N', 'PH1000001', '2009-02-11', '2009-02-16')
insert into treat values ('S7555534N', 'PH1000002', '2009-02-11', '2009-02-16')
insert into treat values ('S6599494U', 'PH1000001', '2008-07-20', '2008-07-28')
insert into treat values ('S6599494U', 'PH1000002', '2008-07-20', '2008-07-27')
insert into treat values ('S6519677Y', 'PH1000001', '2006-08-09', '2006-08-14')
insert into treat values ('S6519677Y', 'PH1000002', '2006-08-09', '2006-08-15')
insert into treat values ('S6594382J', 'PH1000001', '2008-09-10', '2008-09-15')
insert into treat values ('S6594382J', 'PH1000002', '2008-09-10', '2008-09-15')
insert into treat values ('S7568109D', 'PH1000001', '2007-03-06', '2007-03-10')
insert into treat values ('S7568109D', 'PH1000002', '2007-03-06', '2007-03-11')
insert into treat values ('S6594424C', 'PH1000001', '2008-09-10', '2008-09-17')
insert into treat values ('S6594424C', 'PH1000002', '2008-09-10', '2008-09-15')
insert into treat values ('S7566381C', 'PH1000001', '2009-07-08', '2009-07-13')
insert into treat values ('S7566381C', 'PH1000002', '2009-07-08', '2009-07-13')
insert into treat values ('S7584957I', 'PH1000001', '2007-06-03', '2007-06-07')
insert into treat values ('S7584957I', 'PH1000002', '2007-06-03', '2007-06-07')
insert into treat values ('S7559561U', 'PH1000001', '2006-03-13', '2006-03-19')
insert into treat values ('S7559561U', 'PH1000002', '2006-03-13', '2006-03-19')
insert into treat values ('S7572737A', 'PH1000001', '2009-01-02', '2009-01-07')
insert into treat values ('S7572737A', 'PH1000002', '2009-01-02', '2009-01-07')
insert into treat values ('S7574399D', 'PH1000001', '2009-07-05', '2009-07-11')
insert into treat values ('S7574399D', 'PH1000002', '2009-07-05', '2009-07-12')
insert into treat values ('S7543298P', 'PH1000001', '2007-11-05', '2007-11-09')
insert into treat values ('S7543298P', 'PH1000002', '2007-11-05', '2007-11-12')
insert into treat values ('S6525621I', 'PH1000001', '2006-11-20', '2006-11-27')
insert into treat values ('S6525621I', 'PH1000002', '2006-11-20', '2006-11-25')
insert into treat values ('S7563683E', 'PH1000001', '2006-07-20', '2006-07-25')
insert into treat values ('S7563683E', 'PH1000002', '2006-07-20', '2006-07-27')
insert into treat values ('S6537826H', 'PH1000001', '2008-03-09', '2008-03-13')
insert into treat values ('S6537826H', 'PH1000002', '2008-03-09', '2008-03-13')
insert into treat values ('S8586402F', 'PH1000001', '2007-07-13', '2007-07-18')
insert into treat values ('S8586402F', 'PH1000002', '2007-07-13', '2007-07-19')
insert into treat values ('S6562537B', 'PH1000001', '2008-01-19', '2008-01-24')
insert into treat values ('S6562537B', 'PH1000002', '2008-01-19', '2008-01-27')
insert into treat values ('S7575645U', 'PH1000001', '2007-10-02', '2007-10-06')
insert into treat values ('S7575645U', 'PH1000002', '2007-10-02', '2007-10-07')
insert into treat values ('S8522105T', 'PH1000001', '2007-06-04', '2007-06-11')
insert into treat values ('S8522105T', 'PH1000002', '2007-06-04', '2007-06-11')
insert into treat values ('S8568662U', 'PH1000001', '2007-04-03', '2007-04-10')
insert into treat values ('S8568662U', 'PH1000002', '2007-04-03', '2007-04-10')
insert into treat values ('S7579221J', 'PH1000001', '2008-04-07', '2008-04-14')
insert into treat values ('S7579221J', 'PH1000002', '2008-04-07', '2008-04-12')
insert into treat values ('S6569400O', 'PH1000001', '2007-11-07', '2007-11-13')
insert into treat values ('S6569400O', 'PH1000002', '2007-11-07', '2007-11-15')
insert into treat values ('S7581775E', 'PH1000001', '2008-10-14', '2008-10-19')
insert into treat values ('S7581775E', 'PH1000002', '2008-10-14', '2008-10-19')
insert into treat values ('S8658530T', 'PH1000001', '2008-07-19', '2008-07-24')
insert into treat values ('S8658530T', 'PH1000002', '2008-07-19', '2008-07-26')
insert into treat values ('S7629944U', 'PH1000001', '2008-11-11', '2008-11-17')
insert into treat values ('S7629944U', 'PH1000002', '2008-11-11', '2008-11-16')
insert into treat values ('S7679911R', 'PH1000001', '2009-02-03', '2009-02-09')
insert into treat values ('S7679911R', 'PH1000002', '2009-02-03', '2009-02-10')
insert into treat values ('S7637350X', 'PH1000001', '2009-04-07', '2009-04-14')
insert into treat values ('S7637350X', 'PH1000002', '2009-04-07', '2009-04-12')
insert into treat values ('S8620155D', 'PH1000001', '2007-09-17', '2007-09-25')
insert into treat values ('S8620155D', 'PH1000002', '2007-09-17', '2007-09-24')
insert into treat values ('S7661617W', 'PH1000001', '2007-11-06', '2007-11-13')
insert into treat values ('S7661617W', 'PH1000002', '2007-11-06', '2007-11-12')
insert into treat values ('S7630464O', 'PH1000001', '2008-11-16', '2008-11-21')
insert into treat values ('S7630464O', 'PH1000002', '2008-11-16', '2008-11-22')
insert into treat values ('S7685186Y', 'PH1000001', '2007-05-04', '2007-05-10')
insert into treat values ('S7685186Y', 'PH1000002', '2007-05-04', '2007-05-09')
insert into treat values ('S8652792R', 'PH1000001', '2007-01-20', '2007-01-25')
insert into treat values ('S8652792R', 'PH1000002', '2007-01-20', '2007-01-25')
insert into treat values ('S7682173K', 'PH1000001', '2008-07-14', '2008-07-19')
insert into treat values ('S7682173K', 'PH1000002', '2008-07-14', '2008-07-22')
insert into treat values ('S6671466O', 'PH1000001', '2006-02-18', '2006-02-23')
insert into treat values ('S6671466O', 'PH1000002', '2006-02-18', '2006-02-24')
insert into treat values ('S8616827Z', 'PH1000001', '2009-06-03', '2009-06-09')
insert into treat values ('S8616827Z', 'PH1000002', '2009-06-03', '2009-06-09')
insert into treat values ('S7638861J', 'PH1000001', '2006-12-14', '2006-12-22')
insert into treat values ('S7638861J', 'PH1000002', '2006-12-14', '2006-12-20')
insert into treat values ('S7629685J', 'PH1000001', '2008-07-14', '2008-07-19')
insert into treat values ('S7629685J', 'PH1000002', '2008-07-14', '2008-07-21')
insert into treat values ('S6687109T', 'PH1000001', '2008-11-07', '2008-11-14')
insert into treat values ('S6687109T', 'PH1000002', '2008-11-07', '2008-11-13')
insert into treat values ('S7692445K', 'PH1000001', '2007-05-19', '2007-05-25')
insert into treat values ('S7692445K', 'PH1000002', '2007-05-19', '2007-05-25')
insert into treat values ('S7689627O', 'PH1000001', '2009-02-07', '2009-02-14')
insert into treat values ('S7689627O', 'PH1000002', '2009-02-07', '2009-02-14')
insert into treat values ('S7658543V', 'PH1000001', '2009-02-16', '2009-02-21')
insert into treat values ('S7658543V', 'PH1000002', '2009-02-16', '2009-02-23')
insert into treat values ('S8692808J', 'PH1000001', '2007-11-13', '2007-11-18')
insert into treat values ('S8692808J', 'PH1000002', '2007-11-13', '2007-11-19')
insert into treat values ('S6669167M', 'PH1000001', '2007-03-13', '2007-03-21')
insert into treat values ('S6669167M', 'PH1000002', '2007-03-13', '2007-03-18')
insert into treat values ('S8666896M', 'PH1000001', '2007-02-05', '2007-02-12')
insert into treat values ('S8666896M', 'PH1000002', '2007-02-05', '2007-02-11')

CREATE TABLE visit(patient_id text, visit_date text, location text, reason text)
insert into visit values ('S8284186E', '2007-10-04', 'Changi Hospital', 'heart problem')
insert into visit values ('S8285084H', '2006-05-07', 'Changi Hospital', 'stomach problem')
insert into visit values ('S7155700M', '2008-10-08', 'Changi Hospital', 'stomach problem')
insert into visit values ('S7175840E', '2006-02-03', 'Changi Hospital', 'heart problem')
insert into visit values ('S7131566G', '2008-09-06', 'Changi Hospital', 'heart problem')
insert into visit values ('S7195328V', '2006-10-06', 'Changi Hospital', 'fever')
insert into visit values ('S7127561O', '2006-04-07', 'Changi Hospital', 'fever')
insert into visit values ('S6156259Y', '2008-08-19', 'Changi Hospital', 'respiratory problem')
insert into visit values ('S8160113T', '2009-03-06', 'Changi Hospital', 'fever')
insert into visit values ('S7113738O', '2007-09-06', 'Changi Hospital', 'stomach problem')
insert into visit values ('S7180349D', '2008-04-11', 'Changi Hospital', 'sore throat')
insert into visit values ('S7127476Y', '2009-06-18', 'Changi Hospital', 'respiratory problem')
insert into visit values ('S7182216G', '2008-07-06', 'Changi Hospital', 'heart problem')
insert into visit values ('S7128251H', '2008-05-19', 'Changi Hospital', 'sore throat')
insert into visit values ('S6111140U', '2008-08-08', 'Changi Hospital', 'cough')
insert into visit values ('S7142391Q', '2008-07-07', 'Changi Hospital', 'stomach problem')
insert into visit values ('S7143870K', '2009-02-04', 'Changi Hospital', 'backache')
insert into visit values ('S8115971H', '2008-03-09', 'Changi Hospital', 'sore throat')
insert into visit values ('S6116370S', '2008-05-06', 'Changi Hospital', 'cough')
insert into visit values ('S7223971Z', '2008-11-19', 'Changi Hospital', 'heart problem')
insert into visit values ('S8258369F', '2007-12-07', 'Changi Hospital', 'fever')
insert into visit values ('S7217197T', '2009-03-08', 'Changi Hospital', 'respiratory problem')
insert into visit values ('S7267677E', '2008-03-05', 'Changi Hospital', 'stomach problem')
insert into visit values ('S8216312N', '2006-11-05', 'Changi Hospital', 'sore throat')
insert into visit values ('S6267517Z', '2007-02-18', 'Changi Hospital', 'heart problem')
insert into visit values ('S7228419U', '2007-04-14', 'Changi Hospital', 'cough')
insert into visit values ('S7257637G', '2009-04-05', 'Changi Hospital', 'heart problem')
insert into visit values ('S7257117P', '2009-05-04', 'Changi Hospital', 'fever')
insert into visit values ('S7269224V', '2008-07-08', 'Changi Hospital', 'heart problem')
insert into visit values ('S7273923C', '2007-06-17', 'Changi Hospital', 'sore throat')
insert into visit values ('S6261139W', '2008-04-05', 'Changi Hospital', 'sore throat')
insert into visit values ('S7227411X', '2007-12-02', 'Changi Hospital', 'heart problem')
insert into visit values ('S7263477S', '2009-05-12', 'Changi Hospital', 'stomach problem')
insert into visit values ('S7246717H', '2008-06-12', 'Changi Hospital', 'cephalalgia')
insert into visit values ('S8218449Y', '2009-01-04', 'Changi Hospital', 'fever')
insert into visit values ('S8283761O', '2009-06-01', 'Changi Hospital', 'sore throat')
insert into visit values ('S8216753V', '2007-12-03', 'Changi Hospital', 'heart problem')
insert into visit values ('S8356268I', '2007-10-03', 'Changi Hospital', 'heart problem')
insert into visit values ('S7382208K', '2006-07-07', 'Changi Hospital', 'stomach problem')
insert into visit values ('S6359192P', '2006-04-10', 'Changi Hospital', 'backache')
insert into visit values ('S7320654M', '2008-03-04', 'Changi Hospital', 'stomach problem')
insert into visit values ('S8310788R', '2007-09-14', 'Changi Hospital', 'heart problem')
insert into visit values ('S8386881S', '2009-02-16', 'Changi Hospital', 'sore throat')
insert into visit values ('S7370387T', '2007-12-17', 'Changi Hospital', 'respiratory problem')
insert into visit values ('S7321579R', '2007-07-19', 'Changi Hospital', 'sore throat')
insert into visit values ('S6360780B', '2007-04-09', 'Changi Hospital', 'sore throat')
insert into visit values ('S7351935M', '2006-04-12', 'Changi Hospital', 'backache')
insert into visit values ('S7353790V', '2009-03-08', 'Changi Hospital', 'heart problem')
insert into visit values ('S8389611P', '2008-08-18', 'Changi Hospital', 'stomach problem')
insert into visit values ('S6343283V', '2008-03-04', 'Changi Hospital', 'heart problem')
insert into visit values ('S7318665L', '2008-05-04', 'Changi Hospital', 'sore throat')
insert into visit values ('S6341442R', '2006-06-14', 'Changi Hospital', 'sore throat')
insert into visit values ('S7310327M', '2006-09-14', 'Changi Hospital', 'fever')
insert into visit values ('S7398570K', '2006-11-12', 'Changi Hospital', 'respiratory problem')
insert into visit values ('S6444767F', '2007-08-08', 'Changi Hospital', 'heart problem')
insert into visit values ('S7479701V', '2009-07-11', 'Changi Hospital', 'cough')
insert into visit values ('S7443693E', '2007-11-16', 'Changi Hospital', 'heart problem')
insert into visit values ('S8442952Z', '2008-03-03', 'Changi Hospital', 'respiratory problem')
insert into visit values ('S6460940H', '2007-04-18', 'Changi Hospital', 'fever')
insert into visit values ('S7438494X', '2006-09-13', 'Changi Hospital', 'sore throat')
insert into visit values ('S7432505M', '2007-08-15', 'Changi Hospital', 'stomach problem')
insert into visit values ('S7496312D', '2008-04-20', 'Changi Hospital', 'fever')
insert into visit values ('S7439620Y', '2006-09-19', 'Changi Hospital', 'fever')
insert into visit values ('S7455185K', '2007-06-12', 'Changi Hospital', 'heart problem')
insert into visit values ('S7417173K', '2008-04-07', 'Changi Hospital', 'sore throat')
insert into visit values ('S8450296O', '2007-06-16', 'Changi Hospital', 'backache')
insert into visit values ('S8487906P', '2009-04-14', 'Changi Hospital', 'stomach problem')
insert into visit values ('S6478104E', '2008-07-12', 'Changi Hospital', 'cough')
insert into visit values ('S7451931O', '2007-08-17', 'Changi Hospital', 'cough')
insert into visit values ('S7434568M', '2007-07-12', 'Changi Hospital', 'heart problem')
insert into visit values ('S7457253Y', '2008-09-16', 'Changi Hospital', 'stomach problem')
insert into visit values ('S7436389T', '2007-10-19', 'Changi Hospital', 'stomach problem')
insert into visit values ('S6449987U', '2007-03-20', 'Changi Hospital', 'sore throat')
insert into visit values ('S7465487E', '2008-05-03', 'Changi Hospital', 'backache')
insert into visit values ('S7449910Y', '2006-08-15', 'Changi Hospital', 'heart problem')
insert into visit values ('S8471587J', '2008-05-02', 'Changi Hospital', 'heart problem')
insert into visit values ('S7578670R', '2008-09-17', 'Changi Hospital', 'sore throat')
insert into visit values ('S7534933E', '2007-07-09', 'Changi Hospital', 'cephalalgia')
insert into visit values ('S8533785A', '2007-02-12', 'Changi Hospital', 'fever')
insert into visit values ('S6521341F', '2006-09-10', 'Changi Hospital', 'cephalalgia')
insert into visit values ('S7579647C', '2009-05-16', 'Changi Hospital', 'backache')
insert into visit values ('S7555534N', '2009-02-11', 'Changi Hospital', 'stomach problem')
insert into visit values ('S6599494U', '2008-07-20', 'Changi Hospital', 'stomach problem')
insert into visit values ('S6519677Y', '2006-08-09', 'Changi Hospital', 'stomach problem')
insert into visit values ('S6594382J', '2008-09-10', 'Changi Hospital', 'sore throat')
insert into visit values ('S7568109D', '2007-03-06', 'Changi Hospital', 'fever')
insert into visit values ('S6594424C', '2008-09-10', 'Changi Hospital', 'heart problem')
insert into visit values ('S7566381C', '2009-07-08', 'Changi Hospital', 'stomach problem')
insert into visit values ('S7584957I', '2007-06-03', 'Changi Hospital', 'fever')
insert into visit values ('S7559561U', '2006-03-13', 'Changi Hospital', 'cough')
insert into visit values ('S7572737A', '2009-01-02', 'Changi Hospital', 'stomach problem')
insert into visit values ('S7574399D', '2009-07-05', 'Changi Hospital', 'backache')
insert into visit values ('S7543298P', '2007-11-05', 'Changi Hospital', 'backache')
insert into visit values ('S6525621I', '2006-11-20', 'Changi Hospital', 'stomach problem')
insert into visit values ('S7563683E', '2006-07-20', 'Changi Hospital', 'sore throat')
insert into visit values ('S6537826H', '2008-03-09', 'Changi Hospital', 'fever')
insert into visit values ('S8586402F', '2007-07-13', 'Changi Hospital', 'sore throat')
insert into visit values ('S6562537B', '2008-01-19', 'Changi Hospital', 'backache')
insert into visit values ('S7575645U', '2007-10-02', 'Changi Hospital', 'backache')
insert into visit values ('S8522105T', '2007-06-04', 'Changi Hospital', 'stomach problem')
insert into visit values ('S8568662U', '2007-04-03', 'Changi Hospital', 'stomach problem')
insert into visit values ('S7579221J', '2008-04-07', 'Changi Hospital', 'heart problem')
insert into visit values ('S6569400O', '2007-11-07', 'Changi Hospital', 'backache')
insert into visit values ('S7581775E', '2008-10-14', 'Changi Hospital', 'sore throat')
insert into visit values ('S8658530T', '2008-07-19', 'Changi Hospital', 'fever')
insert into visit values ('S7629944U', '2008-11-11', 'Changi Hospital', 'heart problem')
insert into visit values ('S7679911R', '2009-02-03', 'Changi Hospital', 'heart problem')
insert into visit values ('S7637350X', '2009-04-07', 'Changi Hospital', 'respiratory problem')
insert into visit values ('S8620155D', '2007-09-17', 'Changi Hospital', 'heart problem')
insert into visit values ('S7661617W', '2007-11-06', 'Changi Hospital', 'sore throat')
insert into visit values ('S7630464O', '2008-11-16', 'Changi Hospital', 'cough')
insert into visit values ('S7685186Y', '2007-05-04', 'Changi Hospital', 'sore throat')
insert into visit values ('S8652792R', '2007-01-20', 'Changi Hospital', 'cough')
insert into visit values ('S7682173K', '2008-07-14', 'Changi Hospital', 'heart problem')
insert into visit values ('S6671466O', '2006-02-18', 'Changi Hospital', 'cough')
insert into visit values ('S8616827Z', '2009-06-03', 'Changi Hospital', 'backache')
insert into visit values ('S7638861J', '2006-12-14', 'Changi Hospital', 'fever')
insert into visit values ('S7629685J', '2008-07-14', 'Changi Hospital', 'sore throat')
insert into visit values ('S6687109T', '2008-11-07', 'Changi Hospital', 'sore throat')
insert into visit values ('S7692445K', '2007-05-19', 'Changi Hospital', 'cough')
insert into visit values ('S7689627O', '2009-02-07', 'Changi Hospital', 'fever')
insert into visit values ('S7658543V', '2009-02-16', 'Changi Hospital', 'stomach problem')
insert into visit values ('S8692808J', '2007-11-13', 'Changi Hospital', 'cephalalgia')
insert into visit values ('S6669167M', '2007-03-13', 'Changi Hospital', 'sore throat')
insert into visit values ('S8666896M', '2007-02-05', 'Changi Hospital', 'heart problem')

CREATE TABLE medical_test(patient_id varchar(30), test_name text, value text, test_date text)
insert into medical_test values ('S8284186E', 'ABG', '7.13 pH', '2007-10-04')
insert into medical_test values ('S8285084H', 'RDW', '11.5%', '2006-05-07')
insert into medical_test values ('S7155700M', 'MCV', '89 fl', '2008-10-08')
insert into medical_test values ('S7175840E', 'ABG', ' 7.41 pH', '2006-02-03')
insert into medical_test values ('S7131566G', 'ABG', '7.25 pH', '2008-09-06')
insert into medical_test values ('S7195328V', 'ABG', ' 7.37 pH', '2006-10-06')
insert into medical_test values ('S7127561O', 'RDW', '11.5%', '2006-04-07')
insert into medical_test values ('S6156259Y', 'heart rate', '63', '2008-08-19')
insert into medical_test values ('S8160113T', 'MCHC', '33 g/dl', '2009-03-06')
insert into medical_test values ('S7113738O', 'RDW', '11.5%', '2007-09-06')
insert into medical_test values ('S7180349D', 'TIBC', '290 mcg/dl', '2008-04-11')
insert into medical_test values ('S7127476Y', 'TIBC', '410 mcg/dl', '2009-06-18')
insert into medical_test values ('S7182216G', 'RDW', '11.5%', '2008-07-06')
insert into medical_test values ('S7128251H', 'heart rate', '51', '2008-05-19')
insert into medical_test values ('S6111140U', 'ABG', ' 7.37 pH', '2008-08-08')
insert into medical_test values ('S7142391Q', 'MCV', '99 fl', '2008-07-07')
insert into medical_test values ('S7143870K', 'TIBC', '450 mcg/dl', '2009-02-04')
insert into medical_test values ('S8115971H', 'heart rate', '71', '2008-03-09')
insert into medical_test values ('S6116370S', 'heart rate', '51', '2008-05-06')
insert into medical_test values ('S7223971Z', 'MCV', '89 fl', '2008-11-19')
insert into medical_test values ('S8258369F', 'RDW', '13.6%', '2007-12-07')
insert into medical_test values ('S7217197T', 'RDW', '13.6%', '2009-03-08')
insert into medical_test values ('S7267677E', 'RDW', '11.9%', '2008-03-05')
insert into medical_test values ('S8216312N', 'MCH', '29 pg', '2006-11-05')
insert into medical_test values ('S6267517Z', 'MCV', '89 fl', '2007-02-18')
insert into medical_test values ('S7228419U', 'MCH', '26 pg', '2007-04-14')
insert into medical_test values ('S7257637G', 'RDW', '13.6%', '2009-04-05')
insert into medical_test values ('S7257117P', 'RDW', '13.6%', '2009-05-04')
insert into medical_test values ('S7269224V', 'MCV', '85 fl', '2008-07-08')
insert into medical_test values ('S7273923C', 'MCH', '34 pg', '2007-06-17')
insert into medical_test values ('S6261139W', 'RDW', '13.6%', '2008-04-05')
insert into medical_test values ('S7227411X', 'RDW', '13.6%', '2007-12-02')
insert into medical_test values ('S7263477S', 'MCH', '31 pg', '2009-05-12')
insert into medical_test values ('S7246717H', 'TIBC', '410 mcg/dl', '2008-06-12')
insert into medical_test values ('S8218449Y', 'TIBC', '450 mcg/dl', '2009-01-04')
insert into medical_test values ('S8283761O', 'RDW', '11.5%', '2009-06-01')
insert into medical_test values ('S8216753V', 'ABG', '7.25 pH', '2007-12-03')
insert into medical_test values ('S8356268I', 'ABG', ' 7.37 pH', '2007-10-03')
insert into medical_test values ('S7382208K', 'heart rate', '56', '2006-07-07')
insert into medical_test values ('S6359192P', 'TIBC', '410 mcg/dl', '2006-04-10')
insert into medical_test values ('S7320654M', 'MCH', '34 pg', '2008-03-04')
insert into medical_test values ('S8310788R', 'MCV', '99 fl', '2007-09-14')
insert into medical_test values ('S8386881S', 'heart rate', '63', '2009-02-16')
insert into medical_test values ('S7370387T', 'TIBC', '240 mcg/dl', '2007-12-17')
insert into medical_test values ('S7321579R', 'MCHC', '33 g/dl', '2007-07-19')
insert into medical_test values ('S6360780B', 'MCHC', '33 g/dl', '2007-04-09')
insert into medical_test values ('S7351935M', 'RDW', '14.5%', '2006-04-12')
insert into medical_test values ('S7353790V', 'MCV', '82 fl', '2009-03-08')
insert into medical_test values ('S8389611P', 'ABG', '7.25 pH', '2008-08-18')
insert into medical_test values ('S6343283V', 'TIBC', '320 mcg/dl', '2008-03-04')
insert into medical_test values ('S7318665L', 'heart rate', '69', '2008-05-04')
insert into medical_test values ('S6341442R', 'RDW', '13.6%', '2006-06-14')
insert into medical_test values ('S7310327M', 'heart rate', '69', '2006-09-14')
insert into medical_test values ('S7398570K', 'TIBC', '240 mcg/dl', '2006-11-12')
insert into medical_test values ('S6444767F', 'MCV', '89 fl', '2007-08-08')
insert into medical_test values ('S7479701V', 'MCV', '89 fl', '2009-07-11')
insert into medical_test values ('S7443693E', 'MCV', '89 fl', '2007-11-16')
insert into medical_test values ('S8442952Z', 'RDW', '13.6%', '2008-03-03')
insert into medical_test values ('S6460940H', 'MCH', '29 pg', '2007-04-18')
insert into medical_test values ('S7438494X', 'RDW', '11.5%', '2006-09-13')
insert into medical_test values ('S7432505M', 'RDW', '13.6%', '2007-08-15')
insert into medical_test values ('S7496312D', 'MCH', '31 pg', '2008-04-20')
insert into medical_test values ('S7439620Y', 'RDW', '14.5%', '2006-09-19')
insert into medical_test values ('S7455185K', 'heart rate', '69', '2007-06-12')
insert into medical_test values ('S7417173K', 'RDW', '13.6%', '2008-04-07')
insert into medical_test values ('S8450296O', 'MCHC', '33 g/dl', '2007-06-16')
insert into medical_test values ('S8487906P', 'ABG', ' 7.48 pH', '2009-04-14')
insert into medical_test values ('S6478104E', 'MCV', '89 fl', '2008-07-12')
insert into medical_test values ('S7451931O', 'RDW', '13.6%', '2007-08-17')
insert into medical_test values ('S7434568M', 'MCHC', '31 g/dl', '2007-07-12')
insert into medical_test values ('S7457253Y', 'heart rate', '71', '2008-09-16')
insert into medical_test values ('S7436389T', 'ABG', ' 7.41 pH', '2007-10-19')
insert into medical_test values ('S6449987U', 'TIBC', '410 mcg/dl', '2007-03-20')
insert into medical_test values ('S7465487E', 'ABG', ' 7.41 pH', '2008-05-03')
insert into medical_test values ('S7449910Y', 'RDW', '11.9%', '2006-08-15')
insert into medical_test values ('S8471587J', 'RDW', '13.6%', '2008-05-02')
insert into medical_test values ('S7578670R', 'MCH', '29 pg', '2008-09-17')
insert into medical_test values ('S7534933E', 'ABG', ' 7.48 pH', '2007-07-09')
insert into medical_test values ('S8533785A', 'TIBC', '290 mcg/dl', '2007-02-12')
insert into medical_test values ('S6521341F', 'TIBC', '240 mcg/dl', '2006-09-10')
insert into medical_test values ('S7579647C', 'MCHC', '35 g/dl', '2009-05-16')
insert into medical_test values ('S7555534N', 'heart rate', '69', '2009-02-11')
insert into medical_test values ('S6599494U', 'MCV', '82 fl', '2008-07-20')
insert into medical_test values ('S6519677Y', 'MCV', '85 fl', '2006-08-09')
insert into medical_test values ('S6594382J', 'MCV', '85 fl', '2008-09-10')
insert into medical_test values ('S7568109D', 'MCHC', '31 g/dl', '2007-03-06')
insert into medical_test values ('S6594424C', 'TIBC', '450 mcg/dl', '2008-09-10')
insert into medical_test values ('S7566381C', 'MCV', '85 fl', '2009-07-08')
insert into medical_test values ('S7584957I', 'MCV', '85 fl', '2007-06-03')
insert into medical_test values ('S7559561U', 'heart rate', '56', '2006-03-13')
insert into medical_test values ('S7572737A', 'MCH', '29 pg', '2009-01-02')
insert into medical_test values ('S7574399D', 'ABG', ' 7.37 pH', '2009-07-05')
insert into medical_test values ('S7543298P', 'MCV', '89 fl', '2007-11-05')
insert into medical_test values ('S6525621I', 'ABG', ' 7.41 pH', '2006-11-20')
insert into medical_test values ('S7563683E', 'TIBC', '410 mcg/dl', '2006-07-20')
insert into medical_test values ('S6537826H', 'MCV', '85 fl', '2008-03-09')
insert into medical_test values ('S8586402F', 'MCV', '89 fl', '2007-07-13')
insert into medical_test values ('S6562537B', 'MCHC', '31 g/dl', '2008-01-19')
insert into medical_test values ('S7575645U', 'TIBC', '410 mcg/dl', '2007-10-02')
insert into medical_test values ('S8522105T', 'ABG', '7.13 pH', '2007-06-04')
insert into medical_test values ('S8568662U', 'MCV', '82 fl', '2007-04-03')
insert into medical_test values ('S7579221J', 'MCH', '26 pg', '2008-04-07')
insert into medical_test values ('S6569400O', 'heart rate', '71', '2007-11-07')
insert into medical_test values ('S7581775E', 'TIBC', '240 mcg/dl', '2008-10-14')
insert into medical_test values ('S8658530T', 'TIBC', '320 mcg/dl', '2008-07-19')
insert into medical_test values ('S7629944U', 'RDW', '11.5%', '2008-11-11')
insert into medical_test values ('S7679911R', 'MCH', '29 pg', '2009-02-03')
insert into medical_test values ('S7637350X', 'ABG', ' 7.41 pH', '2009-04-07')
insert into medical_test values ('S8620155D', 'TIBC', '410 mcg/dl', '2007-09-17')
insert into medical_test values ('S7661617W', 'ABG', ' 7.48 pH', '2007-11-06')
insert into medical_test values ('S7630464O', 'RDW', '13.6%', '2008-11-16')
insert into medical_test values ('S7685186Y', 'ABG', '7.25 pH', '2007-05-04')
insert into medical_test values ('S8652792R', 'RDW', '14.5%', '2007-01-20')
insert into medical_test values ('S7682173K', 'TIBC', '450 mcg/dl', '2008-07-14')
insert into medical_test values ('S6671466O', 'ABG', ' 7.48 pH', '2006-02-18')
insert into medical_test values ('S8616827Z', 'MCV', '85 fl', '2009-06-03')
insert into medical_test values ('S7638861J', 'ABG', '7.25 pH', '2006-12-14')
insert into medical_test values ('S7629685J', 'MCH', '26 pg', '2008-07-14')
insert into medical_test values ('S6687109T', 'ABG', '7.13 pH', '2008-11-07')
insert into medical_test values ('S7692445K', 'ABG', ' 7.37 pH', '2007-05-19')
insert into medical_test values ('S7689627O', 'RDW', '11.9%', '2009-02-07')
insert into medical_test values ('S7658543V', 'heart rate', '71', '2009-02-16')
insert into medical_test values ('S8692808J', 'RDW', '14.5%', '2007-11-13')
insert into medical_test values ('S6669167M', 'TIBC', '400 mcg/dl', '2007-03-13')
insert into medical_test values ('S8666896M', 'MCH', '26 pg', '2007-02-05')
insert into medical_test values ('S7412920Q', 'H1N1 flu', 'positive', '2009-07-05')
insert into medical_test values ('S6140669H', 'H1N1 flu', 'positive', '2009-07-04')
insert into medical_test values ('S7233819N', 'H1N1 flu', 'positive', '2009-07-22')
insert into medical_test values ('S6293112T', 'H1N1 flu', 'positive', '2009-07-04')
insert into medical_test values ('S8238254N', 'H1N1 flu', 'positive', '2009-07-16')
insert into medical_test values ('S8374866W', 'H1N1 flu', 'positive', '2009-07-20')
insert into medical_test values ('S8450296O', 'dengue', 'positive', '2009-07-19')
insert into medical_test values ('S7382758J', 'dengue', 'positive', '2009-07-26')
insert into medical_test values ('S7465487E', 'dengue', 'positive', '2009-07-10')
insert into medical_test values ('S7196105E', 'dengue', 'positive', '2009-07-15')
insert into medical_test values ('S7125765C', 'dengue', 'positive', '2009-07-28')
insert into medical_test values ('S6654110Y', 'dengue', 'positive', '2009-07-04')
insert into medical_test values ('S7241963A', 'dengue', 'positive', '2009-07-08')

CREATE TABLE allergy(patient_id varchar(30), allergy_name text)
insert into allergy values ('S8284186E', 'Albumin')
insert into allergy values ('S8285084H', 'Albumin')
insert into allergy values ('S7155700M', 'Alumnium')
insert into allergy values ('S7175840E', 'Albumin')
insert into allergy values ('S7131566G', 'Albumin')
insert into allergy values ('S7195328V', 'Calcium ')
insert into allergy values ('S7127561O', 'Vancomcyn')
insert into allergy values ('S6156259Y', 'Androgens')
insert into allergy values ('S8160113T', 'Vancomcyn')
insert into allergy values ('S7113738O', 'Androgens')
insert into allergy values ('S7180349D', 'Alumnium')
insert into allergy values ('S7127476Y', 'Alumnium')
insert into allergy values ('S7182216G', 'Alumnium')
insert into allergy values ('S7128251H', 'Vancomcyn')
insert into allergy values ('S6111140U', 'Beef products')
insert into allergy values ('S7142391Q', 'Albumin')
insert into allergy values ('S7143870K', 'Calcium ')
insert into allergy values ('S8115971H', 'Celecoxib')
insert into allergy values ('S6116370S', 'Calcium ')
insert into allergy values ('S7223971Z', 'Androgens')
insert into allergy values ('S8258369F', 'Calcium ')
insert into allergy values ('S7217197T', 'Beef products')
insert into allergy values ('S7267677E', 'Celecoxib')
insert into allergy values ('S8216312N', 'Vancomcyn')
insert into allergy values ('S6267517Z', 'Androgens')
insert into allergy values ('S7228419U', 'Alumnium')
insert into allergy values ('S7257637G', 'Benzyl Alcohol')
insert into allergy values ('S7257117P', 'Androgens')
insert into allergy values ('S7269224V', 'Alumnium')
insert into allergy values ('S7273923C', 'Alumnium')
insert into allergy values ('S6261139W', 'Benzyl Alcohol')
insert into allergy values ('S7227411X', 'Vancomcyn')
insert into allergy values ('S7263477S', 'Celecoxib')
insert into allergy values ('S7246717H', 'Calcium ')
insert into allergy values ('S8218449Y', 'Benzyl Alcohol')
insert into allergy values ('S8283761O', 'Calcium ')
insert into allergy values ('S8216753V', 'Alumnium')
insert into allergy values ('S8356268I', 'Calcium ')
insert into allergy values ('S7382208K', 'Benzyl Alcohol')
insert into allergy values ('S6359192P', 'Celecoxib')
insert into allergy values ('S7320654M', 'Beef products')
insert into allergy values ('S8310788R', 'Alumnium')
insert into allergy values ('S8386881S', 'Vancomcyn')
insert into allergy values ('S7370387T', 'Alumnium')
insert into allergy values ('S7321579R', 'Albumin')
insert into allergy values ('S6360780B', 'Calcium ')
insert into allergy values ('S7351935M', 'Albumin')
insert into allergy values ('S7353790V', 'Celecoxib')
insert into allergy values ('S8389611P', 'Benzyl Alcohol')
insert into allergy values ('S6343283V', 'Calcium ')
insert into allergy values ('S7318665L', 'Beef products')
insert into allergy values ('S6341442R', 'Alumnium')
insert into allergy values ('S7310327M', 'Benzyl Alcohol')
insert into allergy values ('S7398570K', 'Albumin')
insert into allergy values ('S6444767F', 'Calcium ')
insert into allergy values ('S7479701V', 'Albumin')
insert into allergy values ('S7443693E', 'Calcium ')
insert into allergy values ('S8442952Z', 'Alumnium')
insert into allergy values ('S6460940H', 'Calcium ')
insert into allergy values ('S7438494X', 'Androgens')
insert into allergy values ('S7432505M', 'Albumin')
insert into allergy values ('S7496312D', 'Benzyl Alcohol')
insert into allergy values ('S7439620Y', 'Albumin')
insert into allergy values ('S7455185K', 'Vancomcyn')
insert into allergy values ('S7417173K', 'Albumin')
insert into allergy values ('S8450296O', 'Benzyl Alcohol')
insert into allergy values ('S8487906P', 'Celecoxib')
insert into allergy values ('S6478104E', 'Calcium ')
insert into allergy values ('S7451931O', 'Alumnium')
insert into allergy values ('S7434568M', 'Celecoxib')
insert into allergy values ('S7457253Y', 'Benzyl Alcohol')
insert into allergy values ('S7436389T', 'Albumin')
insert into allergy values ('S6449987U', 'Celecoxib')
insert into allergy values ('S7465487E', 'Beef products')
insert into allergy values ('S7449910Y', 'Benzyl Alcohol')
insert into allergy values ('S8471587J', 'Albumin')
insert into allergy values ('S7578670R', 'Celecoxib')
insert into allergy values ('S7534933E', 'Benzyl Alcohol')
insert into allergy values ('S8533785A', 'Androgens')
insert into allergy values ('S6521341F', 'Calcium ')
insert into allergy values ('S7579647C', 'Alumnium')
insert into allergy values ('S7555534N', 'Androgens')
insert into allergy values ('S6599494U', 'Vancomcyn')
insert into allergy values ('S6519677Y', 'Calcium ')
insert into allergy values ('S6594382J', 'Vancomcyn')
insert into allergy values ('S7568109D', 'Celecoxib')
insert into allergy values ('S6594424C', 'Benzyl Alcohol')
insert into allergy values ('S7566381C', 'Calcium ')
insert into allergy values ('S7584957I', 'Alumnium')
insert into allergy values ('S7559561U', 'Benzyl Alcohol')
insert into allergy values ('S7572737A', 'Alumnium')
insert into allergy values ('S7574399D', 'Celecoxib')
insert into allergy values ('S7543298P', 'Celecoxib')
insert into allergy values ('S6525621I', 'Celecoxib')
insert into allergy values ('S7563683E', 'Androgens')
insert into allergy values ('S6537826H', 'Androgens')
insert into allergy values ('S8586402F', 'Androgens')
insert into allergy values ('S6562537B', 'Albumin')
insert into allergy values ('S7575645U', 'Androgens')
insert into allergy values ('S8522105T', 'Beef products')
insert into allergy values ('S8568662U', 'Calcium ')
insert into allergy values ('S7579221J', 'Alumnium')
insert into allergy values ('S6569400O', 'Benzyl Alcohol')
insert into allergy values ('S7581775E', 'Albumin')
insert into allergy values ('S8658530T', 'Benzyl Alcohol')
insert into allergy values ('S7629944U', 'Celecoxib')
insert into allergy values ('S7679911R', 'Vancomcyn')
insert into allergy values ('S7637350X', 'Calcium ')
insert into allergy values ('S8620155D', 'Calcium ')
insert into allergy values ('S7661617W', 'Alumnium')
insert into allergy values ('S7630464O', 'Albumin')
insert into allergy values ('S7685186Y', 'Albumin')
insert into allergy values ('S8652792R', 'Calcium ')
insert into allergy values ('S7682173K', 'Alumnium')
insert into allergy values ('S6671466O', 'Androgens')
insert into allergy values ('S8616827Z', 'Albumin')
insert into allergy values ('S7638861J', 'Albumin')
insert into allergy values ('S7629685J', 'Benzyl Alcohol')
insert into allergy values ('S6687109T', 'Androgens')
insert into allergy values ('S7692445K', 'Celecoxib')
insert into allergy values ('S7689627O', 'Albumin')
insert into allergy values ('S7658543V', 'Benzyl Alcohol')
insert into allergy values ('S8692808J', 'Vancomcyn')
insert into allergy values ('S6669167M', 'Celecoxib')
insert into allergy values ('S8666896M', 'Calcium ')

CREATE TABLE medication(patient_id varchar(30), medicine text, dosage text, start_date text, end_date text)
insert into medication values ('S8284186E', 'Ibufprofen 400mg', 'three times a day', '2007-10-04', '2007-10-10')
insert into medication values ('S8285084H', 'Ceftriaxone 1g', 'once a day, 1 injectable solution intravenously', '2006-05-07', '2006-05-13')
insert into medication values ('S7155700M', 'Ibufprofen 400mg', 'three times a day', '2008-10-08', '2008-10-16')
insert into medication values ('S7175840E', 'Ceftin 500mg', 'three times a day, 1 tablet by mouth', '2006-02-03', '2006-02-11')
insert into medication values ('S7131566G', 'Ceftin 500mg', 'three times a day, 1 tablet by mouth', '2008-09-06', '2008-09-13')
insert into medication values ('S7195328V', 'Azythromycine 500mg', 'once a day, 1 injectable solution intravenously', '2006-10-06', '2006-10-10')
insert into medication values ('S7127561O', 'Amiodarone 20mg', 'once a day, 1 tablet by mouth', '2006-04-07', '2006-04-14')
insert into medication values ('S6156259Y', 'Simvastatin 40mg', 'once a day, at night', '2008-08-19', '2008-08-26')
insert into medication values ('S8160113T', 'Simvastatin 40mg', 'once a day, at night', '2009-03-06', '2009-03-11')
insert into medication values ('S7113738O', 'Azythromycine 500mg', 'once a day, 1 injectable solution intravenously', '2007-09-06', '2007-09-12')
insert into medication values ('S7180349D', 'Simvastatin 40mg', 'once a day, at night', '2008-04-11', '2008-04-16')
insert into medication values ('S7127476Y', 'Lipitor 20mg', 'once a day, at night', '2009-06-18', '2009-06-23')
insert into medication values ('S7182216G', 'Azythromycine 500mg', 'once a day, 1 injectable solution intravenously', '2008-07-06', '2008-07-10')
insert into medication values ('S7128251H', 'Simvastatin 40mg', 'once a day, at night', '2008-05-19', '2008-05-23')
insert into medication values ('S6111140U', 'Lactulose 10mg', 'two times a day, 5ml by mouth', '2008-08-08', '2008-08-15')
insert into medication values ('S7142391Q', 'Lipitor 20mg', 'once a day, at night', '2008-07-07', '2008-07-13')
insert into medication values ('S7143870K', 'Lipitor 20mg', 'once a day, at night', '2009-02-04', '2009-02-09')
insert into medication values ('S8115971H', 'Amiodarone 20mg', 'once a day, 1 tablet by mouth', '2008-03-09', '2008-03-15')
insert into medication values ('S6116370S', 'Amiodarone 20mg', 'once a day, 1 tablet by mouth', '2008-05-06', '2008-05-10')
insert into medication values ('S7223971Z', 'Simvastatin 40mg', 'once a day, at night', '2008-11-19', '2008-11-26')
insert into medication values ('S8258369F', 'Ibufprofen 400mg', 'three times a day', '2007-12-07', '2007-12-14')
insert into medication values ('S7217197T', 'Lactulose 10mg', 'two times a day, 5ml by mouth', '2009-03-08', '2009-03-15')
insert into medication values ('S7267677E', 'Ceftin 500mg', 'three times a day, 1 tablet by mouth', '2008-03-05', '2008-03-10')
insert into medication values ('S8216312N', 'Lactulose 10mg', 'two times a day, 5ml by mouth', '2006-11-05', '2006-11-13')
insert into medication values ('S6267517Z', 'Amiodarone 20mg', 'once a day, 1 tablet by mouth', '2007-02-18', '2007-02-24')
insert into medication values ('S7228419U', 'Ceftin 500mg', 'three times a day, 1 tablet by mouth', '2007-04-14', '2007-04-18')
insert into medication values ('S7257637G', 'Lipitor 20mg', 'once a day, at night', '2009-04-05', '2009-04-10')
insert into medication values ('S7257117P', 'Lactulose 10mg', 'two times a day, 5ml by mouth', '2009-05-04', '2009-05-09')
insert into medication values ('S7269224V', 'Amiodarone 20mg', 'once a day, 1 tablet by mouth', '2008-07-08', '2008-07-14')
insert into medication values ('S7273923C', 'Azythromycine 500mg', 'once a day, 1 injectable solution intravenously', '2007-06-17', '2007-06-23')
insert into medication values ('S6261139W', 'Lipitor 20mg', 'once a day, at night', '2008-04-05', '2008-04-09')
insert into medication values ('S7227411X', 'Amiodarone 20mg', 'once a day, 1 tablet by mouth', '2007-12-02', '2007-12-07')
insert into medication values ('S7263477S', 'Amiodarone 20mg', 'once a day, 1 tablet by mouth', '2009-05-12', '2009-05-17')
insert into medication values ('S7246717H', 'Azythromycine 500mg', 'once a day, 1 injectable solution intravenously', '2008-06-12', '2008-06-16')
insert into medication values ('S8218449Y', 'Azythromycine 500mg', 'once a day, 1 injectable solution intravenously', '2009-01-04', '2009-01-10')
insert into medication values ('S8283761O', 'Ceftin 500mg', 'three times a day, 1 tablet by mouth', '2009-06-01', '2009-06-08')
insert into medication values ('S8216753V', 'Azythromycine 500mg', 'once a day, 1 injectable solution intravenously', '2007-12-03', '2007-12-09')
insert into medication values ('S8356268I', 'Lactulose 10mg', 'two times a day, 5ml by mouth', '2007-10-03', '2007-10-09')
insert into medication values ('S7382208K', 'Azythromycine 500mg', 'once a day, 1 injectable solution intravenously', '2006-07-07', '2006-07-15')
insert into medication values ('S6359192P', 'Amiodarone 20mg', 'once a day, 1 tablet by mouth', '2006-04-10', '2006-04-16')
insert into medication values ('S7320654M', 'Lactulose 10mg', 'two times a day, 5ml by mouth', '2008-03-04', '2008-03-09')
insert into medication values ('S8310788R', 'Ibufprofen 400mg', 'three times a day', '2007-09-14', '2007-09-19')
insert into medication values ('S8386881S', 'Azythromycine 500mg', 'once a day, 1 injectable solution intravenously', '2009-02-16', '2009-02-21')
insert into medication values ('S7370387T', 'Amiodarone 20mg', 'once a day, 1 tablet by mouth', '2007-12-17', '2007-12-22')
insert into medication values ('S7321579R', 'Lactulose 10mg', 'two times a day, 5ml by mouth', '2007-07-19', '2007-07-25')
insert into medication values ('S6360780B', 'Simvastatin 40mg', 'once a day, at night', '2007-04-09', '2007-04-13')
insert into medication values ('S7351935M', 'Amiodarone 20mg', 'once a day, 1 tablet by mouth', '2006-04-12', '2006-04-19')
insert into medication values ('S7353790V', 'Amiodarone 20mg', 'once a day, 1 tablet by mouth', '2009-03-08', '2009-03-15')
insert into medication values ('S8389611P', 'Simvastatin 40mg', 'once a day, at night', '2008-08-18', '2008-08-25')
insert into medication values ('S6343283V', 'Azythromycine 500mg', 'once a day, 1 injectable solution intravenously', '2008-03-04', '2008-03-11')
insert into medication values ('S7318665L', 'Simvastatin 40mg', 'once a day, at night', '2008-05-04', '2008-05-11')
insert into medication values ('S6341442R', 'Azythromycine 500mg', 'once a day, 1 injectable solution intravenously', '2006-06-14', '2006-06-20')
insert into medication values ('S7310327M', 'Azythromycine 500mg', 'once a day, 1 injectable solution intravenously', '2006-09-14', '2006-09-22')
insert into medication values ('S7398570K', 'Ceftin 500mg', 'three times a day, 1 tablet by mouth', '2006-11-12', '2006-11-17')
insert into medication values ('S6444767F', 'Lactulose 10mg', 'two times a day, 5ml by mouth', '2007-08-08', '2007-08-12')
insert into medication values ('S7479701V', 'Amiodarone 20mg', 'once a day, 1 tablet by mouth', '2009-07-11', '2009-07-16')
insert into medication values ('S7443693E', 'Azythromycine 500mg', 'once a day, 1 injectable solution intravenously', '2007-11-16', '2007-11-21')
insert into medication values ('S8442952Z', 'Amiodarone 20mg', 'once a day, 1 tablet by mouth', '2008-03-03', '2008-03-10')
insert into medication values ('S6460940H', 'Amiodarone 20mg', 'once a day, 1 tablet by mouth', '2007-04-18', '2007-04-23')
insert into medication values ('S7438494X', 'Ibufprofen 400mg', 'three times a day', '2006-09-13', '2006-09-20')
insert into medication values ('S7432505M', 'Lactulose 10mg', 'two times a day, 5ml by mouth', '2007-08-15', '2007-08-20')
insert into medication values ('S7496312D', 'Ibufprofen 400mg', 'three times a day', '2008-04-20', '2008-04-25')
insert into medication values ('S7439620Y', 'Amiodarone 20mg', 'once a day, 1 tablet by mouth', '2006-09-19', '2006-09-23')
insert into medication values ('S7455185K', 'Amiodarone 20mg', 'once a day, 1 tablet by mouth', '2007-06-12', '2007-06-16')
insert into medication values ('S7417173K', 'Ibufprofen 400mg', 'three times a day', '2008-04-07', '2008-04-13')
insert into medication values ('S8450296O', 'Simvastatin 40mg', 'once a day, at night', '2007-06-16', '2007-06-21')
insert into medication values ('S8487906P', 'Simvastatin 40mg', 'once a day, at night', '2009-04-14', '2009-04-19')
insert into medication values ('S6478104E', 'Ceftriaxone 1g', 'once a day, 1 injectable solution intravenously', '2008-07-12', '2008-07-16')
insert into medication values ('S7451931O', 'Ceftin 500mg', 'three times a day, 1 tablet by mouth', '2007-08-17', '2007-08-23')
insert into medication values ('S7434568M', 'Simvastatin 40mg', 'once a day, at night', '2007-07-12', '2007-07-16')
insert into medication values ('S7457253Y', 'Lactulose 10mg', 'two times a day, 5ml by mouth', '2008-09-16', '2008-09-22')
insert into medication values ('S7436389T', 'Ibufprofen 400mg', 'three times a day', '2007-10-19', '2007-10-25')
insert into medication values ('S6449987U', 'Ceftriaxone 1g', 'once a day, 1 injectable solution intravenously', '2007-03-20', '2007-03-25')
insert into medication values ('S7465487E', 'Simvastatin 40mg', 'once a day, at night', '2008-05-03', '2008-05-09')
insert into medication values ('S7449910Y', 'Lipitor 20mg', 'once a day, at night', '2006-08-15', '2006-08-21')
insert into medication values ('S8471587J', 'Amiodarone 20mg', 'once a day, 1 tablet by mouth', '2008-05-02', '2008-05-09')
insert into medication values ('S7578670R', 'Lipitor 20mg', 'once a day, at night', '2008-09-17', '2008-09-23')
insert into medication values ('S7534933E', 'Lactulose 10mg', 'two times a day, 5ml by mouth', '2007-07-09', '2007-07-16')
insert into medication values ('S8533785A', 'Ceftriaxone 1g', 'once a day, 1 injectable solution intravenously', '2007-02-12', '2007-02-19')
insert into medication values ('S6521341F', 'Simvastatin 40mg', 'once a day, at night', '2006-09-10', '2006-09-15')
insert into medication values ('S7579647C', 'Lactulose 10mg', 'two times a day, 5ml by mouth', '2009-05-16', '2009-05-24')
insert into medication values ('S7555534N', 'Ibufprofen 400mg', 'three times a day', '2009-02-11', '2009-02-17')
insert into medication values ('S6599494U', 'Ceftriaxone 1g', 'once a day, 1 injectable solution intravenously', '2008-07-20', '2008-07-27')
insert into medication values ('S6519677Y', 'Ceftin 500mg', 'three times a day, 1 tablet by mouth', '2006-08-09', '2006-08-14')
insert into medication values ('S6594382J', 'Lactulose 10mg', 'two times a day, 5ml by mouth', '2008-09-10', '2008-09-14')
insert into medication values ('S7568109D', 'Amiodarone 20mg', 'once a day, 1 tablet by mouth', '2007-03-06', '2007-03-12')
insert into medication values ('S6594424C', 'Ceftriaxone 1g', 'once a day, 1 injectable solution intravenously', '2008-09-10', '2008-09-15')
insert into medication values ('S7566381C', 'Amiodarone 20mg', 'once a day, 1 tablet by mouth', '2009-07-08', '2009-07-15')
insert into medication values ('S7584957I', 'Ceftin 500mg', 'three times a day, 1 tablet by mouth', '2007-06-03', '2007-06-10')
insert into medication values ('S7559561U', 'Azythromycine 500mg', 'once a day, 1 injectable solution intravenously', '2006-03-13', '2006-03-20')
insert into medication values ('S7572737A', 'Simvastatin 40mg', 'once a day, at night', '2009-01-02', '2009-01-08')
insert into medication values ('S7574399D', 'Azythromycine 500mg', 'once a day, 1 injectable solution intravenously', '2009-07-05', '2009-07-13')
insert into medication values ('S7543298P', 'Ceftin 500mg', 'three times a day, 1 tablet by mouth', '2007-11-05', '2007-11-10')
insert into medication values ('S6525621I', 'Simvastatin 40mg', 'once a day, at night', '2006-11-20', '2006-11-28')
insert into medication values ('S7563683E', 'Lactulose 10mg', 'two times a day, 5ml by mouth', '2006-07-20', '2006-07-25')
insert into medication values ('S6537826H', 'Ceftin 500mg', 'three times a day, 1 tablet by mouth', '2008-03-09', '2008-03-17')
insert into medication values ('S8586402F', 'Ibufprofen 400mg', 'three times a day', '2007-07-13', '2007-07-18')
insert into medication values ('S6562537B', 'Lactulose 10mg', 'two times a day, 5ml by mouth', '2008-01-19', '2008-01-26')
insert into medication values ('S7575645U', 'Amiodarone 20mg', 'once a day, 1 tablet by mouth', '2007-10-02', '2007-10-09')
insert into medication values ('S8522105T', 'Azythromycine 500mg', 'once a day, 1 injectable solution intravenously', '2007-06-04', '2007-06-08')
insert into medication values ('S8568662U', 'Azythromycine 500mg', 'once a day, 1 injectable solution intravenously', '2007-04-03', '2007-04-10')
insert into medication values ('S7579221J', 'Ceftin 500mg', 'three times a day, 1 tablet by mouth', '2008-04-07', '2008-04-13')
insert into medication values ('S6569400O', 'Azythromycine 500mg', 'once a day, 1 injectable solution intravenously', '2007-11-07', '2007-11-11')
insert into medication values ('S7581775E', 'Ibufprofen 400mg', 'three times a day', '2008-10-14', '2008-10-22')
insert into medication values ('S8658530T', 'Ibufprofen 400mg', 'three times a day', '2008-07-19', '2008-07-25')
insert into medication values ('S7629944U', 'Ceftin 500mg', 'three times a day, 1 tablet by mouth', '2008-11-11', '2008-11-17')
insert into medication values ('S7679911R', 'Simvastatin 40mg', 'once a day, at night', '2009-02-03', '2009-02-09')
insert into medication values ('S7637350X', 'Ceftin 500mg', 'three times a day, 1 tablet by mouth', '2009-04-07', '2009-04-13')
insert into medication values ('S8620155D', 'Lipitor 20mg', 'once a day, at night', '2007-09-17', '2007-09-22')
insert into medication values ('S7661617W', 'Lactulose 10mg', 'two times a day, 5ml by mouth', '2007-11-06', '2007-11-12')
insert into medication values ('S7630464O', 'Ceftriaxone 1g', 'once a day, 1 injectable solution intravenously', '2008-11-16', '2008-11-20')
insert into medication values ('S7685186Y', 'Azythromycine 500mg', 'once a day, 1 injectable solution intravenously', '2007-05-04', '2007-05-12')
insert into medication values ('S8652792R', 'Azythromycine 500mg', 'once a day, 1 injectable solution intravenously', '2007-01-20', '2007-01-26')
insert into medication values ('S7682173K', 'Azythromycine 500mg', 'once a day, 1 injectable solution intravenously', '2008-07-14', '2008-07-19')
insert into medication values ('S6671466O', 'Lactulose 10mg', 'two times a day, 5ml by mouth', '2006-02-18', '2006-02-26')
insert into medication values ('S8616827Z', 'Ceftin 500mg', 'three times a day, 1 tablet by mouth', '2009-06-03', '2009-06-08')
insert into medication values ('S7638861J', 'Simvastatin 40mg', 'once a day, at night', '2006-12-14', '2006-12-21')
insert into medication values ('S7629685J', 'Lactulose 10mg', 'two times a day, 5ml by mouth', '2008-07-14', '2008-07-22')
insert into medication values ('S6687109T', 'Ceftriaxone 1g', 'once a day, 1 injectable solution intravenously', '2008-11-07', '2008-11-14')
insert into medication values ('S7692445K', 'Simvastatin 40mg', 'once a day, at night', '2007-05-19', '2007-05-27')
insert into medication values ('S7689627O', 'Ceftin 500mg', 'three times a day, 1 tablet by mouth', '2009-02-07', '2009-02-12')
insert into medication values ('S7658543V', 'Azythromycine 500mg', 'once a day, 1 injectable solution intravenously', '2009-02-16', '2009-02-21')
insert into medication values ('S8692808J', 'Lactulose 10mg', 'two times a day, 5ml by mouth', '2007-11-13', '2007-11-20')
insert into medication values ('S6669167M', 'Simvastatin 40mg', 'once a day, at night', '2007-03-13', '2007-03-18')
insert into medication values ('S8666896M', 'Simvastatin 40mg', 'once a day, at night', '2007-02-05', '2007-02-09')
