drop database if exists localdb
create database if not exists localdb
use localdb

CREATE TABLE patient(patient_id varchar(30) NOT NULL, first_name text, last_name text, date_of_birth text, age integer, gender text, address text, nationality text, CONSTRAINT patient_pkey PRIMARY KEY (patient_id))
insert into patient values ('S6466271Z', 'TSUN MAN JOSEPH', 'IP', '1987-10-06', 22, 'male', 'Toa Payo', 'Singaporean')
insert into patient values ('S8435923Q', 'MEI LING', 'TAN', '1972-04-27', 37, 'female', 'Changi', 'Singaporean')
insert into patient values ('S8424314J', 'KOH CHUNG', 'CHONG', '1970-06-24', 39, 'female', 'Katong', 'Singaporean')
insert into patient values ('S6444767F', 'XUCHAO', 'HOU', '1978-07-07', 31, 'male', 'Toa Payo', 'Singaporean')
insert into patient values ('S8417263D', 'TECK GUAN', 'NG', '1980-10-11', 29, 'female', 'Toa Payo', 'Singaporean')
insert into patient values ('S7469704M', 'SIEW LIANG', 'YEO', '1981-07-15', 28, 'male', 'Dover', 'Singaporean')
insert into patient values ('S7434317K', 'BOON TIONG VINCENT', 'TAN', '1979-09-08', 30, 'female', 'Toa Payo', 'Singaporean')
insert into patient values ('S7479163X', 'ZHOU', 'MA', '1976-03-01', 33, 'female', 'Bedok', 'Singaporean')
insert into patient values ('S7479701V', 'PUI CHIH', 'CHONG', '1974-10-25', 35, 'male', 'Keppel', 'Singaporean')
insert into patient values ('S6474486O', 'KOK KWANG HARRISON', 'GOH', '1974-06-08', 35, 'male', 'Bedok', 'Singaporean')
insert into patient values ('S8488461O', 'ARACHCHIGE PERERA', 'RANASINGHA', '1976-11-03', 33, 'female', 'Bedok', 'Singaporean')
insert into patient values ('S7412920Q', 'ON YEE ANNIE', 'YIP', '1988-02-28', 21, 'male', 'Toa Payo', 'Singaporean')
insert into patient values ('S7443693E', 'HON CHIEW DENNIS', 'HO', '1984-02-06', 25, 'female', 'Chinatown', 'Singaporean')
insert into patient values ('S7498269S', 'SHU HAO', 'LEE', '1975-04-19', 34, 'male', 'Changi', 'Singaporean')
insert into patient values ('S7450331K', 'CHIA LING', 'TONG', '1979-12-27', 30, 'male', 'Changi', 'Singaporean')
insert into patient values ('S7457525X', 'KAI BEE', 'TAN', '1972-05-02', 37, 'male', 'Katong', 'Singaporean')
insert into patient values ('S7473696M', 'WEE SOON EDMUND GERARD', 'YONG', '1988-05-19', 21, 'male', 'Dover', 'Singaporean')
insert into patient values ('S8442952Z', 'SUNG WAI', 'YEUNG', '1972-11-11', 37, 'female', 'Bedok', 'Singaporean')
insert into patient values ('S8433203O', 'MING HSIEN', 'SEOW', '1989-08-09', 20, 'male', 'Punggol', 'Singaporean')
insert into patient values ('S6460940H', 'CHENG PIAU ED', 'FUNG', '1971-03-23', 38, 'male', 'Bedok', 'Singaporean')
insert into patient values ('S7411358H', 'YAN', 'RONG', '1984-10-10', 25, 'female', 'Dover', 'Singaporean')
insert into patient values ('S8473569H', 'WEE THOE', 'SEET', '1978-09-08', 31, 'male', 'Chinatown', 'Singaporean')
insert into patient values ('S8459405Q', 'SU FEN JASMINE', 'THAM', '1969-03-03', 40, 'male', 'Toa Payo', 'Singaporean')
insert into patient values ('S7419572G', 'HWEE LIN', 'NG', '1974-07-22', 35, 'male', 'Dover', 'Singaporean')
insert into patient values ('S8430406Z', 'CHING YEE JANICE', 'LIM', '1978-09-17', 31, 'female', 'Toa Payo', 'Singaporean')
insert into patient values ('S6495964C', 'CHONG CHERT WILLIAM', 'CHAN', '1984-11-07', 25, 'female', 'Changi', 'Singaporean')
insert into patient values ('S6438451S', 'RWE YUN', 'TAN', '1979-03-14', 30, 'male', 'Katong', 'Singaporean')
insert into patient values ('S7438494X', 'CHEONG HWEE', 'CHUA', '1978-12-02', 31, 'female', 'Changi', 'Singaporean')
insert into patient values ('S7443944R', 'LOO ANN', 'TAN', '1970-11-02', 39, 'male', 'Toa Payo', 'Singaporean')
insert into patient values ('S8427205N', 'D/O VELLASAMY', 'SHOBHA', '1971-06-25', 38, 'male', 'Keppel', 'Singaporean')
insert into patient values ('S6429212X', 'WEE GIAP COLIN', 'POH', '1981-06-06', 28, 'female', 'Dover', 'Singaporean')
insert into patient values ('S6439241R', 'YEOW MING JASON', 'YAP', '1976-04-10', 33, 'male', 'Dover', 'Singaporean')
insert into patient values ('S7419209D', 'BENG HWEE', 'TOH', '1984-05-24', 25, 'female', 'Bedok', 'Singaporean')
insert into patient values ('S7429841N', 'YEE FEI', 'HWANG', '1987-08-15', 22, 'male', 'Keppel', 'Singaporean')
insert into patient values ('S8414853O', 'JIALIANG', 'JIAN', '1971-11-10', 38, 'male', 'Punggol', 'Singaporean')
insert into patient values ('S7470673P', 'GEOK MENG', 'NG', '1984-11-24', 25, 'male', 'Punggol', 'Singaporean')
insert into patient values ('S7432505M', 'CHEE KEONG', 'CHUA', '1975-10-17', 34, 'female', 'Changi', 'Singaporean')
insert into patient values ('S7496312D', 'SEOW CHING GILLIAN', 'LOW', '1973-01-02', 36, 'male', 'Bedok', 'Singaporean')
insert into patient values ('S7439620Y', 'YI MIN KRISTY', 'HENG', '1980-11-15', 29, 'male', 'Keppel', 'Singaporean')
insert into patient values ('S8412893F', 'TONG SHIN', 'GOH', '1979-02-25', 30, 'male', 'Katong', 'Singaporean')
insert into patient values ('S8461230N', 'CHEUNG WEN BERTSCHIN', 'TAN', '1984-09-12', 25, 'male', 'Changi', 'Singaporean')
insert into patient values ('S8466772U', 'WAI HONG', 'LOW', '1985-09-21', 24, 'male', 'Bedok', 'Singaporean')
insert into patient values ('S7454273P', 'SHYH-CHYI', 'HUI', '1988-10-21', 21, 'female', 'Keppel', 'Singaporean')
insert into patient values ('S6455451I', 'ZEE KEONG', 'LIM', '1970-10-26', 39, 'male', 'Bedok', 'Singaporean')
insert into patient values ('S7453274E', 'YEOW CHONG', 'TAN', '1987-02-20', 22, 'male', 'Toa Payo', 'Singaporean')
insert into patient values ('S7455185K', 'YULIANTO', 'MARTIN', '1987-04-11', 22, 'male', 'Bedok', 'Singaporean')
insert into patient values ('S6426680F', 'LIP HONG ERIC', 'LIM', '1970-02-23', 39, 'male', 'Katong', 'Singaporean')
insert into patient values ('S7451981U', 'WEE PENG', 'LIAU', '1986-07-05', 23, 'female', 'Chinatown', 'Singaporean')
insert into patient values ('S8414981B', 'HWEE PHING JANE', 'GAN', '1981-08-02', 28, 'female', 'Changi', 'Singaporean')
insert into patient values ('S6453135L', 'WEN XIAN RUEBEN', 'LIM', '1977-08-23', 32, 'female', 'Dover', 'Singaporean')
insert into patient values ('S7417173K', 'SOO JIN ADRIAN', 'KOH', '1981-04-14', 28, 'female', 'Bedok', 'Singaporean')
insert into patient values ('S6470552M', 'SHU YING', 'WEE', '1972-12-16', 37, 'male', 'Changi', 'Singaporean')
insert into patient values ('S7483928Z', 'KIAT HWA', 'OOI', '1971-04-13', 38, 'male', 'Dover', 'Singaporean')
insert into patient values ('S8450296O', 'HOA KONG', 'KAAN', '1972-11-24', 37, 'female', 'Chinatown', 'Singaporean')
insert into patient values ('S8492231V', 'TECK CHEE', 'KOH', '1985-03-22', 24, 'male', 'Changi', 'Singaporean')
insert into patient values ('S8415930J', 'ZHOU', 'MA', '1977-07-09', 32, 'male', 'Toa Payo', 'Singaporean')
insert into patient values ('S8419630Q', 'YONG KHOON VINCENT', 'GUWE', '1978-12-12', 31, 'female', 'Keppel', 'Singaporean')
insert into patient values ('S8420637H', 'SZE KIAT', 'LAU', '1988-04-04', 21, 'male', 'Dover', 'Singaporean')
insert into patient values ('S7418151X', 'SZE DAI', 'PANG', '1970-11-10', 39, 'female', 'Chinatown', 'Singaporean')
insert into patient values ('S7488358K', 'UDHAV PRASHANT', 'SHARDA', '1983-04-14', 26, 'female', 'Bedok', 'Singaporean')
insert into patient values ('S6498870A', 'EN HSIN', 'HSIEH', '1970-10-14', 39, 'male', 'Punggol', 'Singaporean')
insert into patient values ('S8493161K', 'HUN SEONG', 'SHUM', '1976-03-25', 33, 'male', 'Changi', 'Singaporean')
insert into patient values ('S6429935O', 'POUL MENG', 'TAY', '1973-07-20', 36, 'female', 'Keppel', 'Singaporean')
insert into patient values ('S7439156S', 'YUNG HSIEN TIMOTHY', 'LOH', '1973-11-28', 36, 'female', 'Bedok', 'Singaporean')
insert into patient values ('S7476582G', 'KIANG WEE', 'LIM', '1976-08-16', 33, 'female', 'Dover', 'Singaporean')
insert into patient values ('S7444693L', 'JOO HWEE', 'TAN', '1986-04-25', 23, 'female', 'Katong', 'Singaporean')
insert into patient values ('S7456875U', 'MENG KWONG', 'LUI', '1976-06-09', 33, 'male', 'Bedok', 'Singaporean')
insert into patient values ('S7476426F', 'HONG HAEY', 'TONG', '1987-05-14', 22, 'male', 'Chinatown', 'Singaporean')
insert into patient values ('S8420121D', 'BOON SEONG', 'CHAI', '1977-07-10', 32, 'male', 'Katong', 'Singaporean')
insert into patient values ('S8435909E', 'BIN SELAMAT', 'HENDRIAWAN', '1988-07-01', 21, 'male', 'Toa Payo', 'Singaporean')
insert into patient values ('S6422343V', 'SWEE CHEONG', 'SIM', '1983-02-25', 26, 'female', 'Bedok', 'Singaporean')
insert into patient values ('S7418595J', 'DAO JUN', 'SUN', '1973-12-11', 36, 'female', 'Chinatown', 'Singaporean')
insert into patient values ('S8487503Z', 'WEE LEE', 'KOH', '1976-07-12', 33, 'female', 'Bedok', 'Singaporean')
insert into patient values ('S7456808I', 'LAI HONG', 'LEE', '1976-05-04', 33, 'female', 'Punggol', 'Singaporean')
insert into patient values ('S8419969K', 'JIE SI', 'FONG', '1970-03-18', 39, 'male', 'Toa Payo', 'Singaporean')
insert into patient values ('S6422743T', 'THIN LONG', 'SOH', '1977-07-16', 32, 'male', 'Chinatown', 'Singaporean')
insert into patient values ('S6436847J', 'YI LIN MAVIS', 'HOON', '1975-08-04', 34, 'female', 'Chinatown', 'Singaporean')
insert into patient values ('S8487906P', 'HALIM', 'HARUN', '1971-05-05', 38, 'female', 'Bedok', 'Singaporean')
insert into patient values ('S8444566E', 'SHAN TOM', 'WONG', '1982-09-01', 27, 'male', 'Dover', 'Singaporean')
insert into patient values ('S7491579V', 'JUNEY', 'FOO', '1986-04-12', 23, 'male', 'Bedok', 'Singaporean')
insert into patient values ('S8497760T', 'WEE MING', 'KWOK', '1973-03-27', 36, 'male', 'Keppel', 'Singaporean')
insert into patient values ('S7419207R', 'CHOON MENG JASON', 'LEONG', '1978-07-05', 31, 'male', 'Keppel', 'Singaporean')
insert into patient values ('S6464397T', 'WEE LEE', 'KOH', '1981-09-23', 28, 'male', 'Chinatown', 'Singaporean')
insert into patient values ('S6478104E', 'YAN KIAT', 'WONG', '1970-04-06', 39, 'male', 'Keppel', 'Singaporean')
insert into patient values ('S7451931O', 'GEOK HAR', 'CHIEW', '1979-12-25', 30, 'male', 'Toa Payo', 'Singaporean')
insert into patient values ('S7434568M', 'KHYE YEIEN', 'CHAI', '1985-10-05', 24, 'female', 'Keppel', 'Singaporean')
insert into patient values ('S8473102X', 'WAI MENG MATTHEW', 'WEE', '1972-05-19', 37, 'male', 'Keppel', 'Singaporean')
insert into patient values ('S6483613Y', 'LECK POH', 'LING', '1986-06-02', 23, 'male', 'Changi', 'Singaporean')
insert into patient values ('S8429585T', 'LABASTIDA RODRIGO', 'FERNANDEZ', '1978-06-07', 31, 'female', 'Dover', 'Singaporean')
insert into patient values ('S6437863J', 'TZONG RONG', 'TAN', '1980-02-07', 29, 'female', 'Keppel', 'Singaporean')
insert into patient values ('S7445487V', 'LI WEN VALERIE', 'QUEK', '1974-06-03', 35, 'male', 'Bedok', 'Singaporean')
insert into patient values ('S6498201D', 'FAZLI BIN AHMAD', 'MOHAMAD', '1978-04-11', 31, 'male', 'Bedok', 'Singaporean')
insert into patient values ('S7455330D', 'SOK HUI', 'ENG', '1971-04-14', 38, 'male', 'Katong', 'Singaporean')
insert into patient values ('S8469228A', 'LOONG', 'WEE', '1988-03-13', 21, 'female', 'Katong', 'Singaporean')
insert into patient values ('S7457253Y', 'LEONG SENG', 'LEE', '1989-01-21', 20, 'female', 'Chinatown', 'Singaporean')
insert into patient values ('S7436389T', 'CHIN HOCK ADRIAN', 'TAN', '1977-06-15', 32, 'female', 'Katong', 'Singaporean')
insert into patient values ('S7460963R', 'JIA YUAN', 'LEE', '1975-09-08', 34, 'male', 'Toa Payo', 'Singaporean')
insert into patient values ('S6449987U', 'BUAN HOW', 'TAY', '1988-03-07', 21, 'female', 'Changi', 'Singaporean')
insert into patient values ('S7430586A', 'KIANG WEE', 'LIM', '1988-04-28', 21, 'male', 'Chinatown', 'Singaporean')
insert into patient values ('S7491959Y', 'CHIN NEI', 'TAY', '1985-07-22', 24, 'female', 'Bedok', 'Singaporean')
insert into patient values ('S7465487E', 'SHARMILA', 'JUGESSUR', '1977-08-04', 32, 'male', 'Katong', 'Singaporean')
insert into patient values ('S7449910Y', 'GEK YONG', 'TAN', '1988-08-11', 21, 'female', 'Changi', 'Singaporean')
insert into patient values ('S7493996G', 'JIA YUAN', 'LEE', '1977-09-08', 32, 'female', 'Changi', 'Singaporean')
insert into patient values ('S6445526C', 'YINKO JONATHAN CHEN SHIM', 'LEUNG', '1970-03-05', 39, 'male', 'Bedok', 'Singaporean')
insert into patient values ('S7439557S', 'HAN LEONG', 'NEO', '1987-08-14', 22, 'female', 'Keppel', 'Singaporean')
insert into patient values ('S6473406I', 'GEOK HOON ALVINA', 'KEK', '1980-11-12', 29, 'female', 'Chinatown', 'Singaporean')
insert into patient values ('S8433325Z', 'SIOW WOON', 'TIEW', '1981-05-08', 28, 'male', 'Changi', 'Singaporean')
insert into patient values ('S8471587J', 'S/O DAVENDRAN', 'NAVINDRAN', '1986-07-18', 23, 'female', 'Changi', 'Singaporean')
insert into patient values ('S7494362Y', 'WEE LEONG', 'LAI', '1986-07-06', 23, 'male', 'Dover', 'Singaporean')
insert into patient values ('S8421851Q', 'CHONG TECK', 'LIM', '1987-02-16', 22, 'male', 'Bedok', 'Singaporean')

CREATE TABLE physician(physician_id varchar(30) NOT NULL, first_name text, last_name text, CONSTRAINT patient_pkey PRIMARY KEY (physician_id))
insert into physician values ('PH4000001', 'GAY', 'WEI HIAN')
insert into physician values ('PH4000002', 'TAN', 'CHEE MENG')

CREATE TABLE treat(patient_id varchar(30), physician_id varchar(30), start_date text, end_date text)
insert into treat values ('S8284186E', 'PH4000001', '2008-11-07', '2008-11-15')
insert into treat values ('S8284186E', 'PH4000002', '2008-11-07', '2008-11-15')
insert into treat values ('S8285084H', 'PH4000001', '2008-10-13', '2008-10-18')
insert into treat values ('S8285084H', 'PH4000002', '2008-10-13', '2008-10-18')
insert into treat values ('S7155700M', 'PH4000001', '2008-05-02', '2008-05-06')
insert into treat values ('S7155700M', 'PH4000002', '2008-05-02', '2008-05-10')
insert into treat values ('S7175840E', 'PH4000001', '2007-06-04', '2007-06-12')
insert into treat values ('S7175840E', 'PH4000002', '2007-06-04', '2007-06-10')
insert into treat values ('S7131566G', 'PH4000001', '2009-08-16', '2009-08-23')
insert into treat values ('S7131566G', 'PH4000002', '2009-08-16', '2009-08-20')
insert into treat values ('S7195328V', 'PH4000001', '2007-09-17', '2007-09-24')
insert into treat values ('S7195328V', 'PH4000002', '2007-09-17', '2007-09-22')
insert into treat values ('S7127561O', 'PH4000001', '2007-08-14', '2007-08-18')
insert into treat values ('S7127561O', 'PH4000002', '2007-08-14', '2007-08-21')
insert into treat values ('S6156259Y', 'PH4000001', '2006-08-18', '2006-08-23')
insert into treat values ('S6156259Y', 'PH4000002', '2006-08-18', '2006-08-25')
insert into treat values ('S8160113T', 'PH4000001', '2006-07-02', '2006-07-06')
insert into treat values ('S8160113T', 'PH4000002', '2006-07-02', '2006-07-10')
insert into treat values ('S7113738O', 'PH4000001', '2008-06-12', '2008-06-17')
insert into treat values ('S7113738O', 'PH4000002', '2008-06-12', '2008-06-16')
insert into treat values ('S7180349D', 'PH4000001', '2006-02-07', '2006-02-12')
insert into treat values ('S7180349D', 'PH4000002', '2006-02-07', '2006-02-14')
insert into treat values ('S7127476Y', 'PH4000001', '2008-05-17', '2008-05-24')
insert into treat values ('S7127476Y', 'PH4000002', '2008-05-17', '2008-05-24')
insert into treat values ('S7182216G', 'PH4000001', '2008-12-11', '2008-12-17')
insert into treat values ('S7182216G', 'PH4000002', '2008-12-11', '2008-12-17')
insert into treat values ('S7128251H', 'PH4000001', '2008-07-04', '2008-07-10')
insert into treat values ('S7128251H', 'PH4000002', '2008-07-04', '2008-07-10')
insert into treat values ('S6111140U', 'PH4000001', '2009-05-14', '2009-05-19')
insert into treat values ('S6111140U', 'PH4000002', '2009-05-14', '2009-05-19')
insert into treat values ('S7142391Q', 'PH4000001', '2008-05-19', '2008-05-23')
insert into treat values ('S7142391Q', 'PH4000002', '2008-05-19', '2008-05-24')
insert into treat values ('S7143870K', 'PH4000001', '2009-06-03', '2009-06-09')
insert into treat values ('S7143870K', 'PH4000002', '2009-06-03', '2009-06-09')
insert into treat values ('S8115971H', 'PH4000001', '2008-11-20', '2008-11-25')
insert into treat values ('S8115971H', 'PH4000002', '2008-11-20', '2008-11-26')
insert into treat values ('S6116370S', 'PH4000001', '2008-03-01', '2008-03-06')
insert into treat values ('S6116370S', 'PH4000002', '2008-03-01', '2008-03-07')
insert into treat values ('S7223971Z', 'PH4000001', '2008-10-07', '2008-10-14')
insert into treat values ('S7223971Z', 'PH4000002', '2008-10-07', '2008-10-14')
insert into treat values ('S8258369F', 'PH4000001', '2008-04-14', '2008-04-19')
insert into treat values ('S8258369F', 'PH4000002', '2008-04-14', '2008-04-18')
insert into treat values ('S7217197T', 'PH4000001', '2007-04-11', '2007-04-18')
insert into treat values ('S7217197T', 'PH4000002', '2007-04-11', '2007-04-18')
insert into treat values ('S7267677E', 'PH4000001', '2008-06-15', '2008-06-19')
insert into treat values ('S7267677E', 'PH4000002', '2008-06-15', '2008-06-21')
insert into treat values ('S8216312N', 'PH4000001', '2009-07-08', '2009-07-15')
insert into treat values ('S8216312N', 'PH4000002', '2009-07-08', '2009-07-16')
insert into treat values ('S6267517Z', 'PH4000001', '2008-04-03', '2008-04-07')
insert into treat values ('S6267517Z', 'PH4000002', '2008-04-03', '2008-04-09')
insert into treat values ('S7228419U', 'PH4000001', '2007-12-18', '2007-12-26')
insert into treat values ('S7228419U', 'PH4000002', '2007-12-18', '2007-12-23')
insert into treat values ('S7257637G', 'PH4000001', '2007-09-12', '2007-09-17')
insert into treat values ('S7257637G', 'PH4000002', '2007-09-12', '2007-09-17')
insert into treat values ('S7257117P', 'PH4000001', '2006-10-17', '2006-10-25')
insert into treat values ('S7257117P', 'PH4000002', '2006-10-17', '2006-10-24')
insert into treat values ('S7269224V', 'PH4000001', '2007-02-19', '2007-02-23')
insert into treat values ('S7269224V', 'PH4000002', '2007-02-19', '2007-02-24')
insert into treat values ('S7273923C', 'PH4000001', '2008-01-11', '2008-01-17')
insert into treat values ('S7273923C', 'PH4000002', '2008-01-11', '2008-01-19')
insert into treat values ('S6261139W', 'PH4000001', '2008-02-10', '2008-02-17')
insert into treat values ('S6261139W', 'PH4000002', '2008-02-10', '2008-02-15')
insert into treat values ('S7227411X', 'PH4000001', '2006-07-02', '2006-07-09')
insert into treat values ('S7227411X', 'PH4000002', '2006-07-02', '2006-07-07')
insert into treat values ('S7263477S', 'PH4000001', '2009-02-17', '2009-02-21')
insert into treat values ('S7263477S', 'PH4000002', '2009-02-17', '2009-02-22')
insert into treat values ('S7246717H', 'PH4000001', '2006-01-18', '2006-01-25')
insert into treat values ('S7246717H', 'PH4000002', '2006-01-18', '2006-01-23')
insert into treat values ('S8218449Y', 'PH4000001', '2006-02-02', '2006-02-10')
insert into treat values ('S8218449Y', 'PH4000002', '2006-02-02', '2006-02-09')
insert into treat values ('S8283761O', 'PH4000001', '2008-01-15', '2008-01-22')
insert into treat values ('S8283761O', 'PH4000002', '2008-01-15', '2008-01-19')
insert into treat values ('S8216753V', 'PH4000001', '2008-12-13', '2008-12-19')
insert into treat values ('S8216753V', 'PH4000002', '2008-12-13', '2008-12-17')
insert into treat values ('S8356268I', 'PH4000001', '2008-06-06', '2008-06-14')
insert into treat values ('S8356268I', 'PH4000002', '2008-06-06', '2008-06-11')
insert into treat values ('S7382208K', 'PH4000001', '2009-05-11', '2009-05-18')
insert into treat values ('S7382208K', 'PH4000002', '2009-05-11', '2009-05-16')
insert into treat values ('S6359192P', 'PH4000001', '2006-08-18', '2006-08-22')
insert into treat values ('S6359192P', 'PH4000002', '2006-08-18', '2006-08-22')
insert into treat values ('S7320654M', 'PH4000001', '2006-09-02', '2006-09-08')
insert into treat values ('S7320654M', 'PH4000002', '2006-09-02', '2006-09-08')
insert into treat values ('S8310788R', 'PH4000001', '2008-05-04', '2008-05-09')
insert into treat values ('S8310788R', 'PH4000002', '2008-05-04', '2008-05-11')
insert into treat values ('S8386881S', 'PH4000001', '2009-02-10', '2009-02-14')
insert into treat values ('S8386881S', 'PH4000002', '2009-02-10', '2009-02-17')
insert into treat values ('S7370387T', 'PH4000001', '2007-06-08', '2007-06-15')
insert into treat values ('S7370387T', 'PH4000002', '2007-06-08', '2007-06-15')
insert into treat values ('S7321579R', 'PH4000001', '2007-02-01', '2007-02-05')
insert into treat values ('S7321579R', 'PH4000002', '2007-02-01', '2007-02-08')
insert into treat values ('S6360780B', 'PH4000001', '2006-06-17', '2006-06-22')
insert into treat values ('S6360780B', 'PH4000002', '2006-06-17', '2006-06-24')
insert into treat values ('S7351935M', 'PH4000001', '2006-09-19', '2006-09-27')
insert into treat values ('S7351935M', 'PH4000002', '2006-09-19', '2006-09-27')
insert into treat values ('S7353790V', 'PH4000001', '2008-10-03', '2008-10-08')
insert into treat values ('S7353790V', 'PH4000002', '2008-10-03', '2008-10-09')
insert into treat values ('S8389611P', 'PH4000001', '2006-08-03', '2006-08-10')
insert into treat values ('S8389611P', 'PH4000002', '2006-08-03', '2006-08-11')
insert into treat values ('S6343283V', 'PH4000001', '2007-07-03', '2007-07-08')
insert into treat values ('S6343283V', 'PH4000002', '2007-07-03', '2007-07-08')
insert into treat values ('S7318665L', 'PH4000001', '2008-03-16', '2008-03-23')
insert into treat values ('S7318665L', 'PH4000002', '2008-03-16', '2008-03-24')
insert into treat values ('S6341442R', 'PH4000001', '2006-11-06', '2006-11-12')
insert into treat values ('S6341442R', 'PH4000002', '2006-11-06', '2006-11-11')
insert into treat values ('S7310327M', 'PH4000001', '2006-11-18', '2006-11-25')
insert into treat values ('S7310327M', 'PH4000002', '2006-11-18', '2006-11-26')
insert into treat values ('S7398570K', 'PH4000001', '2006-11-11', '2006-11-18')
insert into treat values ('S7398570K', 'PH4000002', '2006-11-11', '2006-11-17')
insert into treat values ('S6444767F', 'PH4000001', '2009-05-03', '2009-05-10')
insert into treat values ('S6444767F', 'PH4000002', '2009-05-03', '2009-05-09')
insert into treat values ('S7479701V', 'PH4000001', '2007-11-12', '2007-11-18')
insert into treat values ('S7479701V', 'PH4000002', '2007-11-12', '2007-11-18')
insert into treat values ('S7443693E', 'PH4000001', '2008-01-16', '2008-01-21')
insert into treat values ('S7443693E', 'PH4000002', '2008-01-16', '2008-01-21')
insert into treat values ('S8442952Z', 'PH4000001', '2008-01-08', '2008-01-15')
insert into treat values ('S8442952Z', 'PH4000002', '2008-01-08', '2008-01-13')
insert into treat values ('S6460940H', 'PH4000001', '2007-04-02', '2007-04-06')
insert into treat values ('S6460940H', 'PH4000002', '2007-04-02', '2007-04-09')
insert into treat values ('S7438494X', 'PH4000001', '2008-04-06', '2008-04-10')
insert into treat values ('S7438494X', 'PH4000002', '2008-04-06', '2008-04-11')
insert into treat values ('S7432505M', 'PH4000001', '2006-10-03', '2006-10-09')
insert into treat values ('S7432505M', 'PH4000002', '2006-10-03', '2006-10-10')
insert into treat values ('S7496312D', 'PH4000001', '2009-08-07', '2009-08-12')
insert into treat values ('S7496312D', 'PH4000002', '2009-08-07', '2009-08-11')
insert into treat values ('S7439620Y', 'PH4000001', '2009-05-04', '2009-05-11')
insert into treat values ('S7439620Y', 'PH4000002', '2009-05-04', '2009-05-10')
insert into treat values ('S7455185K', 'PH4000001', '2009-07-03', '2009-07-10')
insert into treat values ('S7455185K', 'PH4000002', '2009-07-03', '2009-07-07')
insert into treat values ('S7417173K', 'PH4000001', '2008-01-02', '2008-01-06')
insert into treat values ('S7417173K', 'PH4000002', '2008-01-02', '2008-01-08')
insert into treat values ('S8450296O', 'PH4000001', '2007-11-20', '2007-11-28')
insert into treat values ('S8450296O', 'PH4000002', '2007-11-20', '2007-11-28')
insert into treat values ('S8487906P', 'PH4000001', '2006-06-06', '2006-06-14')
insert into treat values ('S8487906P', 'PH4000002', '2006-06-06', '2006-06-12')
insert into treat values ('S6478104E', 'PH4000001', '2008-08-08', '2008-08-13')
insert into treat values ('S6478104E', 'PH4000002', '2008-08-08', '2008-08-16')
insert into treat values ('S7451931O', 'PH4000001', '2008-11-05', '2008-11-09')
insert into treat values ('S7451931O', 'PH4000002', '2008-11-05', '2008-11-13')
insert into treat values ('S7434568M', 'PH4000001', '2007-06-05', '2007-06-12')
insert into treat values ('S7434568M', 'PH4000002', '2007-06-05', '2007-06-10')
insert into treat values ('S7457253Y', 'PH4000001', '2007-02-15', '2007-02-20')
insert into treat values ('S7457253Y', 'PH4000002', '2007-02-15', '2007-02-20')
insert into treat values ('S7436389T', 'PH4000001', '2009-03-05', '2009-03-11')
insert into treat values ('S7436389T', 'PH4000002', '2009-03-05', '2009-03-11')
insert into treat values ('S6449987U', 'PH4000001', '2007-01-18', '2007-01-24')
insert into treat values ('S6449987U', 'PH4000002', '2007-01-18', '2007-01-23')
insert into treat values ('S7465487E', 'PH4000001', '2008-05-05', '2008-05-12')
insert into treat values ('S7465487E', 'PH4000002', '2008-05-05', '2008-05-11')
insert into treat values ('S7449910Y', 'PH4000001', '2007-03-16', '2007-03-24')
insert into treat values ('S7449910Y', 'PH4000002', '2007-03-16', '2007-03-23')
insert into treat values ('S8471587J', 'PH4000001', '2008-01-02', '2008-01-09')
insert into treat values ('S8471587J', 'PH4000002', '2008-01-02', '2008-01-10')
insert into treat values ('S7578670R', 'PH4000001', '2006-12-03', '2006-12-09')
insert into treat values ('S7578670R', 'PH4000002', '2006-12-03', '2006-12-08')
insert into treat values ('S7534933E', 'PH4000001', '2007-08-15', '2007-08-22')
insert into treat values ('S7534933E', 'PH4000002', '2007-08-15', '2007-08-20')
insert into treat values ('S8533785A', 'PH4000001', '2006-07-05', '2006-07-12')
insert into treat values ('S8533785A', 'PH4000002', '2006-07-05', '2006-07-10')
insert into treat values ('S6521341F', 'PH4000001', '2009-07-12', '2009-07-18')
insert into treat values ('S6521341F', 'PH4000002', '2009-07-12', '2009-07-18')
insert into treat values ('S7579647C', 'PH4000001', '2008-10-02', '2008-10-08')
insert into treat values ('S7579647C', 'PH4000002', '2008-10-02', '2008-10-08')
insert into treat values ('S7555534N', 'PH4000001', '2008-11-16', '2008-11-22')
insert into treat values ('S7555534N', 'PH4000002', '2008-11-16', '2008-11-20')
insert into treat values ('S6599494U', 'PH4000001', '2007-02-13', '2007-02-18')
insert into treat values ('S6599494U', 'PH4000002', '2007-02-13', '2007-02-18')
insert into treat values ('S6519677Y', 'PH4000001', '2006-10-16', '2006-10-22')
insert into treat values ('S6519677Y', 'PH4000002', '2006-10-16', '2006-10-21')
insert into treat values ('S6594382J', 'PH4000001', '2008-06-02', '2008-06-10')
insert into treat values ('S6594382J', 'PH4000002', '2008-06-02', '2008-06-09')
insert into treat values ('S7568109D', 'PH4000001', '2008-04-08', '2008-04-13')
insert into treat values ('S7568109D', 'PH4000002', '2008-04-08', '2008-04-14')
insert into treat values ('S6594424C', 'PH4000001', '2009-02-02', '2009-02-06')
insert into treat values ('S6594424C', 'PH4000002', '2009-02-02', '2009-02-09')
insert into treat values ('S7566381C', 'PH4000001', '2007-04-08', '2007-04-13')
insert into treat values ('S7566381C', 'PH4000002', '2007-04-08', '2007-04-14')
insert into treat values ('S7584957I', 'PH4000001', '2006-04-03', '2006-04-10')
insert into treat values ('S7584957I', 'PH4000002', '2006-04-03', '2006-04-08')
insert into treat values ('S7559561U', 'PH4000001', '2007-11-04', '2007-11-09')
insert into treat values ('S7559561U', 'PH4000002', '2007-11-04', '2007-11-08')
insert into treat values ('S7572737A', 'PH4000001', '2007-04-05', '2007-04-12')
insert into treat values ('S7572737A', 'PH4000002', '2007-04-05', '2007-04-12')
insert into treat values ('S7574399D', 'PH4000001', '2007-06-08', '2007-06-13')
insert into treat values ('S7574399D', 'PH4000002', '2007-06-08', '2007-06-13')
insert into treat values ('S7543298P', 'PH4000001', '2008-12-15', '2008-12-20')
insert into treat values ('S7543298P', 'PH4000002', '2008-12-15', '2008-12-22')
insert into treat values ('S6525621I', 'PH4000001', '2008-03-17', '2008-03-22')
insert into treat values ('S6525621I', 'PH4000002', '2008-03-17', '2008-03-24')
insert into treat values ('S7563683E', 'PH4000001', '2008-09-13', '2008-09-18')
insert into treat values ('S7563683E', 'PH4000002', '2008-09-13', '2008-09-17')
insert into treat values ('S6537826H', 'PH4000001', '2008-08-13', '2008-08-20')
insert into treat values ('S6537826H', 'PH4000002', '2008-08-13', '2008-08-18')
insert into treat values ('S8586402F', 'PH4000001', '2009-01-05', '2009-01-12')
insert into treat values ('S8586402F', 'PH4000002', '2009-01-05', '2009-01-13')
insert into treat values ('S6562537B', 'PH4000001', '2008-12-17', '2008-12-24')
insert into treat values ('S6562537B', 'PH4000002', '2008-12-17', '2008-12-23')
insert into treat values ('S7575645U', 'PH4000001', '2008-12-06', '2008-12-12')
insert into treat values ('S7575645U', 'PH4000002', '2008-12-06', '2008-12-14')
insert into treat values ('S8522105T', 'PH4000001', '2007-09-18', '2007-09-24')
insert into treat values ('S8522105T', 'PH4000002', '2007-09-18', '2007-09-24')
insert into treat values ('S8568662U', 'PH4000001', '2006-05-11', '2006-05-16')
insert into treat values ('S8568662U', 'PH4000002', '2006-05-11', '2006-05-18')
insert into treat values ('S7579221J', 'PH4000001', '2006-03-04', '2006-03-08')
insert into treat values ('S7579221J', 'PH4000002', '2006-03-04', '2006-03-08')
insert into treat values ('S6569400O', 'PH4000001', '2007-12-12', '2007-12-18')
insert into treat values ('S6569400O', 'PH4000002', '2007-12-12', '2007-12-17')
insert into treat values ('S7581775E', 'PH4000001', '2008-06-03', '2008-06-08')
insert into treat values ('S7581775E', 'PH4000002', '2008-06-03', '2008-06-09')
insert into treat values ('S8658530T', 'PH4000001', '2006-07-03', '2006-07-10')
insert into treat values ('S8658530T', 'PH4000002', '2006-07-03', '2006-07-10')
insert into treat values ('S7629944U', 'PH4000001', '2008-06-06', '2008-06-10')
insert into treat values ('S7629944U', 'PH4000002', '2008-06-06', '2008-06-11')
insert into treat values ('S7679911R', 'PH4000001', '2008-01-10', '2008-01-15')
insert into treat values ('S7679911R', 'PH4000002', '2008-01-10', '2008-01-16')
insert into treat values ('S7637350X', 'PH4000001', '2009-04-14', '2009-04-18')
insert into treat values ('S7637350X', 'PH4000002', '2009-04-14', '2009-04-18')
insert into treat values ('S8620155D', 'PH4000001', '2007-11-11', '2007-11-15')
insert into treat values ('S8620155D', 'PH4000002', '2007-11-11', '2007-11-17')
insert into treat values ('S7661617W', 'PH4000001', '2007-08-11', '2007-08-17')
insert into treat values ('S7661617W', 'PH4000002', '2007-08-11', '2007-08-16')
insert into treat values ('S7630464O', 'PH4000001', '2009-07-10', '2009-07-16')
insert into treat values ('S7630464O', 'PH4000002', '2009-07-10', '2009-07-17')
insert into treat values ('S7685186Y', 'PH4000001', '2007-03-20', '2007-03-26')
insert into treat values ('S7685186Y', 'PH4000002', '2007-03-20', '2007-03-24')
insert into treat values ('S8652792R', 'PH4000001', '2009-02-07', '2009-02-14')
insert into treat values ('S8652792R', 'PH4000002', '2009-02-07', '2009-02-14')
insert into treat values ('S7682173K', 'PH4000001', '2008-02-14', '2008-02-22')
insert into treat values ('S7682173K', 'PH4000002', '2008-02-14', '2008-02-21')
insert into treat values ('S6671466O', 'PH4000001', '2008-04-18', '2008-04-24')
insert into treat values ('S6671466O', 'PH4000002', '2008-04-18', '2008-04-24')
insert into treat values ('S8616827Z', 'PH4000001', '2008-03-10', '2008-03-14')
insert into treat values ('S8616827Z', 'PH4000002', '2008-03-10', '2008-03-15')
insert into treat values ('S7638861J', 'PH4000001', '2008-05-20', '2008-05-25')
insert into treat values ('S7638861J', 'PH4000002', '2008-05-20', '2008-05-26')
insert into treat values ('S7629685J', 'PH4000001', '2007-10-03', '2007-10-09')
insert into treat values ('S7629685J', 'PH4000002', '2007-10-03', '2007-10-10')
insert into treat values ('S6687109T', 'PH4000001', '2006-12-18', '2006-12-25')
insert into treat values ('S6687109T', 'PH4000002', '2006-12-18', '2006-12-23')
insert into treat values ('S7692445K', 'PH4000001', '2008-10-09', '2008-10-14')
insert into treat values ('S7692445K', 'PH4000002', '2008-10-09', '2008-10-14')
insert into treat values ('S7689627O', 'PH4000001', '2007-10-13', '2007-10-17')
insert into treat values ('S7689627O', 'PH4000002', '2007-10-13', '2007-10-19')
insert into treat values ('S7658543V', 'PH4000001', '2006-02-17', '2006-02-22')
insert into treat values ('S7658543V', 'PH4000002', '2006-02-17', '2006-02-23')
insert into treat values ('S8692808J', 'PH4000001', '2007-06-16', '2007-06-21')
insert into treat values ('S8692808J', 'PH4000002', '2007-06-16', '2007-06-21')
insert into treat values ('S6669167M', 'PH4000001', '2008-07-08', '2008-07-13')
insert into treat values ('S6669167M', 'PH4000002', '2008-07-08', '2008-07-14')
insert into treat values ('S8666896M', 'PH4000001', '2007-03-10', '2007-03-16')
insert into treat values ('S8666896M', 'PH4000002', '2007-03-10', '2007-03-16')

CREATE TABLE visit(patient_id text, visit_date text, location text, reason text)
insert into visit values ('S8284186E', '2008-11-07', 'National University Hospital', 'heart problem')
insert into visit values ('S8285084H', '2008-10-13', 'National University Hospital', 'backache')
insert into visit values ('S7155700M', '2008-05-02', 'National University Hospital', 'backache')
insert into visit values ('S7175840E', '2007-06-04', 'National University Hospital', 'cough')
insert into visit values ('S7131566G', '2009-08-16', 'National University Hospital', 'respiratory problem')
insert into visit values ('S7195328V', '2007-09-17', 'National University Hospital', 'backache')
insert into visit values ('S7127561O', '2007-08-14', 'National University Hospital', 'respiratory problem')
insert into visit values ('S6156259Y', '2006-08-18', 'National University Hospital', 'cough')
insert into visit values ('S8160113T', '2006-07-02', 'National University Hospital', 'backache')
insert into visit values ('S7113738O', '2008-06-12', 'National University Hospital', 'sore throat')
insert into visit values ('S7180349D', '2006-02-07', 'National University Hospital', 'cough')
insert into visit values ('S7127476Y', '2008-05-17', 'National University Hospital', 'sore throat')
insert into visit values ('S7182216G', '2008-12-11', 'National University Hospital', 'backache')
insert into visit values ('S7128251H', '2008-07-04', 'National University Hospital', 'fever')
insert into visit values ('S6111140U', '2009-05-14', 'National University Hospital', 'fever')
insert into visit values ('S7142391Q', '2008-05-19', 'National University Hospital', 'heart problem')
insert into visit values ('S7143870K', '2009-06-03', 'National University Hospital', 'cough')
insert into visit values ('S8115971H', '2008-11-20', 'National University Hospital', 'cough')
insert into visit values ('S6116370S', '2008-03-01', 'National University Hospital', 'stomach problem')
insert into visit values ('S7223971Z', '2008-10-07', 'National University Hospital', 'cough')
insert into visit values ('S8258369F', '2008-04-14', 'National University Hospital', 'stomach problem')
insert into visit values ('S7217197T', '2007-04-11', 'National University Hospital', 'heart problem')
insert into visit values ('S7267677E', '2008-06-15', 'National University Hospital', 'headache')
insert into visit values ('S8216312N', '2009-07-08', 'National University Hospital', 'backache')
insert into visit values ('S6267517Z', '2008-04-03', 'National University Hospital', 'fever')
insert into visit values ('S7228419U', '2007-12-18', 'National University Hospital', 'fever')
insert into visit values ('S7257637G', '2007-09-12', 'National University Hospital', 'cough')
insert into visit values ('S7257117P', '2006-10-17', 'National University Hospital', 'cough')
insert into visit values ('S7269224V', '2007-02-19', 'National University Hospital', 'backache')
insert into visit values ('S7273923C', '2008-01-11', 'National University Hospital', 'sore throat')
insert into visit values ('S6261139W', '2008-02-10', 'National University Hospital', 'fever')
insert into visit values ('S7227411X', '2006-07-02', 'National University Hospital', 'backache')
insert into visit values ('S7263477S', '2009-02-17', 'National University Hospital', 'headache')
insert into visit values ('S7246717H', '2006-01-18', 'National University Hospital', 'sore throat')
insert into visit values ('S8218449Y', '2006-02-02', 'National University Hospital', 'backache')
insert into visit values ('S8283761O', '2008-01-15', 'National University Hospital', 'stomach problem')
insert into visit values ('S8216753V', '2008-12-13', 'National University Hospital', 'stomach problem')
insert into visit values ('S8356268I', '2008-06-06', 'National University Hospital', 'headache')
insert into visit values ('S7382208K', '2009-05-11', 'National University Hospital', 'stomach problem')
insert into visit values ('S6359192P', '2006-08-18', 'National University Hospital', 'cough')
insert into visit values ('S7320654M', '2006-09-02', 'National University Hospital', 'fever')
insert into visit values ('S8310788R', '2008-05-04', 'National University Hospital', 'backache')
insert into visit values ('S8386881S', '2009-02-10', 'National University Hospital', 'fever')
insert into visit values ('S7370387T', '2007-06-08', 'National University Hospital', 'heart problem')
insert into visit values ('S7321579R', '2007-02-01', 'National University Hospital', 'stomach problem')
insert into visit values ('S6360780B', '2006-06-17', 'National University Hospital', 'heart problem')
insert into visit values ('S7351935M', '2006-09-19', 'National University Hospital', 'headache')
insert into visit values ('S7353790V', '2008-10-03', 'National University Hospital', 'cough')
insert into visit values ('S8389611P', '2006-08-03', 'National University Hospital', 'cough')
insert into visit values ('S6343283V', '2007-07-03', 'National University Hospital', 'heart problem')
insert into visit values ('S7318665L', '2008-03-16', 'National University Hospital', 'backache')
insert into visit values ('S6341442R', '2006-11-06', 'National University Hospital', 'headache')
insert into visit values ('S7310327M', '2006-11-18', 'National University Hospital', 'fever')
insert into visit values ('S7398570K', '2006-11-11', 'National University Hospital', 'fever')
insert into visit values ('S6444767F', '2009-05-03', 'National University Hospital', 'fever')
insert into visit values ('S7479701V', '2007-11-12', 'National University Hospital', 'sore throat')
insert into visit values ('S7443693E', '2008-01-16', 'National University Hospital', 'headache')
insert into visit values ('S8442952Z', '2008-01-08', 'National University Hospital', 'respiratory problem')
insert into visit values ('S6460940H', '2007-04-02', 'National University Hospital', 'fever')
insert into visit values ('S7438494X', '2008-04-06', 'National University Hospital', 'backache')
insert into visit values ('S7432505M', '2006-10-03', 'National University Hospital', 'heart problem')
insert into visit values ('S7496312D', '2009-08-07', 'National University Hospital', 'cough')
insert into visit values ('S7439620Y', '2009-05-04', 'National University Hospital', 'stomach problem')
insert into visit values ('S7455185K', '2009-07-03', 'National University Hospital', 'stomach problem')
insert into visit values ('S7417173K', '2008-01-02', 'National University Hospital', 'headache')
insert into visit values ('S8450296O', '2007-11-20', 'National University Hospital', 'backache')
insert into visit values ('S8487906P', '2006-06-06', 'National University Hospital', 'respiratory problem')
insert into visit values ('S6478104E', '2008-08-08', 'National University Hospital', 'fever')
insert into visit values ('S7451931O', '2008-11-05', 'National University Hospital', 'cough')
insert into visit values ('S7434568M', '2007-06-05', 'National University Hospital', 'backache')
insert into visit values ('S7457253Y', '2007-02-15', 'National University Hospital', 'backache')
insert into visit values ('S7436389T', '2009-03-05', 'National University Hospital', 'heart problem')
insert into visit values ('S6449987U', '2007-01-18', 'National University Hospital', 'respiratory problem')
insert into visit values ('S7465487E', '2008-05-05', 'National University Hospital', 'cough')
insert into visit values ('S7449910Y', '2007-03-16', 'National University Hospital', 'fever')
insert into visit values ('S8471587J', '2008-01-02', 'National University Hospital', 'stomach problem')
insert into visit values ('S7578670R', '2006-12-03', 'National University Hospital', 'stomach problem')
insert into visit values ('S7534933E', '2007-08-15', 'National University Hospital', 'cough')
insert into visit values ('S8533785A', '2006-07-05', 'National University Hospital', 'backache')
insert into visit values ('S6521341F', '2009-07-12', 'National University Hospital', 'heart problem')
insert into visit values ('S7579647C', '2008-10-02', 'National University Hospital', 'headache')
insert into visit values ('S7555534N', '2008-11-16', 'National University Hospital', 'respiratory problem')
insert into visit values ('S6599494U', '2007-02-13', 'National University Hospital', 'headache')
insert into visit values ('S6519677Y', '2006-10-16', 'National University Hospital', 'respiratory problem')
insert into visit values ('S6594382J', '2008-06-02', 'National University Hospital', 'fever')
insert into visit values ('S7568109D', '2008-04-08', 'National University Hospital', 'cough')
insert into visit values ('S6594424C', '2009-02-02', 'National University Hospital', 'sore throat')
insert into visit values ('S7566381C', '2007-04-08', 'National University Hospital', 'sore throat')
insert into visit values ('S7584957I', '2006-04-03', 'National University Hospital', 'respiratory problem')
insert into visit values ('S7559561U', '2007-11-04', 'National University Hospital', 'cough')
insert into visit values ('S7572737A', '2007-04-05', 'National University Hospital', 'sore throat')
insert into visit values ('S7574399D', '2007-06-08', 'National University Hospital', 'headache')
insert into visit values ('S7543298P', '2008-12-15', 'National University Hospital', 'sore throat')
insert into visit values ('S6525621I', '2008-03-17', 'National University Hospital', 'headache')
insert into visit values ('S7563683E', '2008-09-13', 'National University Hospital', 'sore throat')
insert into visit values ('S6537826H', '2008-08-13', 'National University Hospital', 'stomach problem')
insert into visit values ('S8586402F', '2009-01-05', 'National University Hospital', 'heart problem')
insert into visit values ('S6562537B', '2008-12-17', 'National University Hospital', 'respiratory problem')
insert into visit values ('S7575645U', '2008-12-06', 'National University Hospital', 'backache')
insert into visit values ('S8522105T', '2007-09-18', 'National University Hospital', 'sore throat')
insert into visit values ('S8568662U', '2006-05-11', 'National University Hospital', 'heart problem')
insert into visit values ('S7579221J', '2006-03-04', 'National University Hospital', 'heart problem')
insert into visit values ('S6569400O', '2007-12-12', 'National University Hospital', 'backache')
insert into visit values ('S7581775E', '2008-06-03', 'National University Hospital', 'backache')
insert into visit values ('S8658530T', '2006-07-03', 'National University Hospital', 'cough')
insert into visit values ('S7629944U', '2008-06-06', 'National University Hospital', 'fever')
insert into visit values ('S7679911R', '2008-01-10', 'National University Hospital', 'fever')
insert into visit values ('S7637350X', '2009-04-14', 'National University Hospital', 'cough')
insert into visit values ('S8620155D', '2007-11-11', 'National University Hospital', 'heart problem')
insert into visit values ('S7661617W', '2007-08-11', 'National University Hospital', 'heart problem')
insert into visit values ('S7630464O', '2009-07-10', 'National University Hospital', 'stomach problem')
insert into visit values ('S7685186Y', '2007-03-20', 'National University Hospital', 'heart problem')
insert into visit values ('S8652792R', '2009-02-07', 'National University Hospital', 'backache')
insert into visit values ('S7682173K', '2008-02-14', 'National University Hospital', 'fever')
insert into visit values ('S6671466O', '2008-04-18', 'National University Hospital', 'sore throat')
insert into visit values ('S8616827Z', '2008-03-10', 'National University Hospital', 'backache')
insert into visit values ('S7638861J', '2008-05-20', 'National University Hospital', 'backache')
insert into visit values ('S7629685J', '2007-10-03', 'National University Hospital', 'stomach problem')
insert into visit values ('S6687109T', '2006-12-18', 'National University Hospital', 'backache')
insert into visit values ('S7692445K', '2008-10-09', 'National University Hospital', 'cough')
insert into visit values ('S7689627O', '2007-10-13', 'National University Hospital', 'cough')
insert into visit values ('S7658543V', '2006-02-17', 'National University Hospital', 'cough')
insert into visit values ('S8692808J', '2007-06-16', 'National University Hospital', 'cough')
insert into visit values ('S6669167M', '2008-07-08', 'National University Hospital', 'sore throat')
insert into visit values ('S8666896M', '2007-03-10', 'National University Hospital', 'fever')

CREATE TABLE medical_test(patient_id varchar(30), test_name text, value text, test_date text)
insert into medical_test values ('S8284186E', 'MCHC', '35 g/dl', '2008-11-07')
insert into medical_test values ('S8285084H', 'mean corpuscular volume', '85 fl', '2008-10-13')
insert into medical_test values ('S7155700M', 'mean corpuscular hemoglobin', '31 pg', '2008-05-02')
insert into medical_test values ('S7175840E', 'MCHC', '33 g/dl', '2007-06-04')
insert into medical_test values ('S7131566G', 'mean corpuscular volume', '89 fl', '2009-08-16')
insert into medical_test values ('S7195328V', 'heart rate', '69', '2007-09-17')
insert into medical_test values ('S7127561O', 'mean corpuscular volume', '82 fl', '2007-08-14')
insert into medical_test values ('S6156259Y', 'MCHC', '35 g/dl', '2006-08-18')
insert into medical_test values ('S8160113T', 'arterial blood gas', ' 7.48 pH', '2006-07-02')
insert into medical_test values ('S7113738O', 'heart rate', '56', '2008-06-12')
insert into medical_test values ('S7180349D', 'MCHC', '35 g/dl', '2006-02-07')
insert into medical_test values ('S7127476Y', 'heart rate', '63', '2008-05-17')
insert into medical_test values ('S7182216G', 'MCHC', '33 g/dl', '2008-12-11')
insert into medical_test values ('S7128251H', 'arterial blood gas', ' 7.41 pH', '2008-07-04')
insert into medical_test values ('S6111140U', 'heart rate', '51', '2009-05-14')
insert into medical_test values ('S7142391Q', 'total iron binding capacity', '410 mcg/dl', '2008-05-19')
insert into medical_test values ('S7143870K', 'mean corpuscular hemoglobin', '34 pg', '2009-06-03')
insert into medical_test values ('S8115971H', 'mean corpuscular hemoglobin', '31 pg', '2008-11-20')
insert into medical_test values ('S6116370S', 'total iron binding capacity', '450 mcg/dl', '2008-03-01')
insert into medical_test values ('S7223971Z', 'arterial blood gas', ' 7.37 pH', '2008-10-07')
insert into medical_test values ('S8258369F', 'mean corpuscular hemoglobin', '31 pg', '2008-04-14')
insert into medical_test values ('S7217197T', 'mean corpuscular hemoglobin', '31 pg', '2007-04-11')
insert into medical_test values ('S7267677E', 'heart rate', '56', '2008-06-15')
insert into medical_test values ('S8216312N', 'mean corpuscular volume', '99 fl', '2009-07-08')
insert into medical_test values ('S6267517Z', 'mean corpuscular hemoglobin', '26 pg', '2008-04-03')
insert into medical_test values ('S7228419U', 'mean corpuscular volume', '82 fl', '2007-12-18')
insert into medical_test values ('S7257637G', 'heart rate', '56', '2007-09-12')
insert into medical_test values ('S7257117P', 'heart rate', '69', '2006-10-17')
insert into medical_test values ('S7269224V', 'red cell distribution width', '13.6%', '2007-02-19')
insert into medical_test values ('S7273923C', 'total iron binding capacity', '410 mcg/dl', '2008-01-11')
insert into medical_test values ('S6261139W', 'heart rate', '51', '2008-02-10')
insert into medical_test values ('S7227411X', 'mean corpuscular hemoglobin', '31 pg', '2006-07-02')
insert into medical_test values ('S7263477S', 'heart rate', '56', '2009-02-17')
insert into medical_test values ('S7246717H', 'mean corpuscular hemoglobin', '34 pg', '2006-01-18')
insert into medical_test values ('S8218449Y', 'mean corpuscular volume', '89 fl', '2006-02-02')
insert into medical_test values ('S8283761O', 'arterial blood gas', ' 7.41 pH', '2008-01-15')
insert into medical_test values ('S8216753V', 'mean corpuscular volume', '99 fl', '2008-12-13')
insert into medical_test values ('S8356268I', 'red cell distribution width', '13.6%', '2008-06-06')
insert into medical_test values ('S7382208K', 'MCHC', '31 g/dl', '2009-05-11')
insert into medical_test values ('S6359192P', 'mean corpuscular hemoglobin', '31 pg', '2006-08-18')
insert into medical_test values ('S7320654M', 'mean corpuscular volume', '85 fl', '2006-09-02')
insert into medical_test values ('S8310788R', 'arterial blood gas', ' 7.41 pH', '2008-05-04')
insert into medical_test values ('S8386881S', 'red cell distribution width', '14.5%', '2009-02-10')
insert into medical_test values ('S7370387T', 'red cell distribution width', '11.9%', '2007-06-08')
insert into medical_test values ('S7321579R', 'total iron binding capacity', '400 mcg/dl', '2007-02-01')
insert into medical_test values ('S6360780B', 'mean corpuscular volume', '82 fl', '2006-06-17')
insert into medical_test values ('S7351935M', 'arterial blood gas', '7.25 pH', '2006-09-19')
insert into medical_test values ('S7353790V', 'mean corpuscular hemoglobin', '29 pg', '2008-10-03')
insert into medical_test values ('S8389611P', 'total iron binding capacity', '320 mcg/dl', '2006-08-03')
insert into medical_test values ('S6343283V', 'arterial blood gas', ' 7.37 pH', '2007-07-03')
insert into medical_test values ('S7318665L', 'mean corpuscular hemoglobin', '34 pg', '2008-03-16')
insert into medical_test values ('S6341442R', 'MCHC', '31 g/dl', '2006-11-06')
insert into medical_test values ('S7310327M', 'MCHC', '35 g/dl', '2006-11-18')
insert into medical_test values ('S7398570K', 'red cell distribution width', '11.5%', '2006-11-11')
insert into medical_test values ('S6444767F', 'mean corpuscular hemoglobin', '31 pg', '2009-05-03')
insert into medical_test values ('S7479701V', 'red cell distribution width', '11.9%', '2007-11-12')
insert into medical_test values ('S7443693E', 'total iron binding capacity', '240 mcg/dl', '2008-01-16')
insert into medical_test values ('S8442952Z', 'MCHC', '33 g/dl', '2008-01-08')
insert into medical_test values ('S6460940H', 'mean corpuscular volume', '89 fl', '2007-04-02')
insert into medical_test values ('S7438494X', 'total iron binding capacity', '240 mcg/dl', '2008-04-06')
insert into medical_test values ('S7432505M', 'total iron binding capacity', '400 mcg/dl', '2006-10-03')
insert into medical_test values ('S7496312D', 'arterial blood gas', ' 7.41 pH', '2009-08-07')
insert into medical_test values ('S7439620Y', 'MCHC', '35 g/dl', '2009-05-04')
insert into medical_test values ('S7455185K', 'MCHC', '31 g/dl', '2009-07-03')
insert into medical_test values ('S7417173K', 'total iron binding capacity', '320 mcg/dl', '2008-01-02')
insert into medical_test values ('S8450296O', 'arterial blood gas', ' 7.37 pH', '2007-11-20')
insert into medical_test values ('S8487906P', 'MCHC', '37 g/dl', '2006-06-06')
insert into medical_test values ('S6478104E', 'arterial blood gas', '7.25 pH', '2008-08-08')
insert into medical_test values ('S7451931O', 'total iron binding capacity', '290 mcg/dl', '2008-11-05')
insert into medical_test values ('S7434568M', 'heart rate', '69', '2007-06-05')
insert into medical_test values ('S7457253Y', 'red cell distribution width', '13.6%', '2007-02-15')
insert into medical_test values ('S7436389T', 'MCHC', '33 g/dl', '2009-03-05')
insert into medical_test values ('S6449987U', 'heart rate', '63', '2007-01-18')
insert into medical_test values ('S7465487E', 'MCHC', '33 g/dl', '2008-05-05')
insert into medical_test values ('S7449910Y', 'mean corpuscular hemoglobin', '31 pg', '2007-03-16')
insert into medical_test values ('S8471587J', 'arterial blood gas', ' 7.37 pH', '2008-01-02')
insert into medical_test values ('S7578670R', 'MCHC', '31 g/dl', '2006-12-03')
insert into medical_test values ('S7534933E', 'heart rate', '69', '2007-08-15')
insert into medical_test values ('S8533785A', 'mean corpuscular hemoglobin', '29 pg', '2006-07-05')
insert into medical_test values ('S6521341F', 'heart rate', '71', '2009-07-12')
insert into medical_test values ('S7579647C', 'arterial blood gas', '7.25 pH', '2008-10-02')
insert into medical_test values ('S7555534N', 'arterial blood gas', '7.13 pH', '2008-11-16')
insert into medical_test values ('S6599494U', 'heart rate', '56', '2007-02-13')
insert into medical_test values ('S6519677Y', 'heart rate', '56', '2006-10-16')
insert into medical_test values ('S6594382J', 'mean corpuscular hemoglobin', '29 pg', '2008-06-02')
insert into medical_test values ('S7568109D', 'total iron binding capacity', '290 mcg/dl', '2008-04-08')
insert into medical_test values ('S6594424C', 'MCHC', '33 g/dl', '2009-02-02')
insert into medical_test values ('S7566381C', 'mean corpuscular hemoglobin', '31 pg', '2007-04-08')
insert into medical_test values ('S7584957I', 'total iron binding capacity', '410 mcg/dl', '2006-04-03')
insert into medical_test values ('S7559561U', 'arterial blood gas', '7.13 pH', '2007-11-04')
insert into medical_test values ('S7572737A', 'red cell distribution width', '13.6%', '2007-04-05')
insert into medical_test values ('S7574399D', 'red cell distribution width', '11.5%', '2007-06-08')
insert into medical_test values ('S7543298P', 'arterial blood gas', '7.25 pH', '2008-12-15')
insert into medical_test values ('S6525621I', 'mean corpuscular volume', '89 fl', '2008-03-17')
insert into medical_test values ('S7563683E', 'heart rate', '56', '2008-09-13')
insert into medical_test values ('S6537826H', 'red cell distribution width', '13.6%', '2008-08-13')
insert into medical_test values ('S8586402F', 'red cell distribution width', '11.9%', '2009-01-05')
insert into medical_test values ('S6562537B', 'red cell distribution width', '11.9%', '2008-12-17')
insert into medical_test values ('S7575645U', 'heart rate', '69', '2008-12-06')
insert into medical_test values ('S8522105T', 'mean corpuscular volume', '89 fl', '2007-09-18')
insert into medical_test values ('S8568662U', 'heart rate', '69', '2006-05-11')
insert into medical_test values ('S7579221J', 'red cell distribution width', '13.6%', '2006-03-04')
insert into medical_test values ('S6569400O', 'mean corpuscular volume', '89 fl', '2007-12-12')
insert into medical_test values ('S7581775E', 'MCHC', '31 g/dl', '2008-06-03')
insert into medical_test values ('S8658530T', 'mean corpuscular hemoglobin', '29 pg', '2006-07-03')
insert into medical_test values ('S7629944U', 'MCHC', '35 g/dl', '2008-06-06')
insert into medical_test values ('S7679911R', 'total iron binding capacity', '290 mcg/dl', '2008-01-10')
insert into medical_test values ('S7637350X', 'total iron binding capacity', '400 mcg/dl', '2009-04-14')
insert into medical_test values ('S8620155D', 'mean corpuscular hemoglobin', '29 pg', '2007-11-11')
insert into medical_test values ('S7661617W', 'mean corpuscular hemoglobin', '34 pg', '2007-08-11')
insert into medical_test values ('S7630464O', 'mean corpuscular hemoglobin', '34 pg', '2009-07-10')
insert into medical_test values ('S7685186Y', 'total iron binding capacity', '290 mcg/dl', '2007-03-20')
insert into medical_test values ('S8652792R', 'mean corpuscular volume', '85 fl', '2009-02-07')
insert into medical_test values ('S7682173K', 'arterial blood gas', '7.25 pH', '2008-02-14')
insert into medical_test values ('S6671466O', 'total iron binding capacity', '400 mcg/dl', '2008-04-18')
insert into medical_test values ('S8616827Z', 'mean corpuscular hemoglobin', '29 pg', '2008-03-10')
insert into medical_test values ('S7638861J', 'heart rate', '63', '2008-05-20')
insert into medical_test values ('S7629685J', 'total iron binding capacity', '450 mcg/dl', '2007-10-03')
insert into medical_test values ('S6687109T', 'MCHC', '35 g/dl', '2006-12-18')
insert into medical_test values ('S7692445K', 'total iron binding capacity', '400 mcg/dl', '2008-10-09')
insert into medical_test values ('S7689627O', 'MCHC', '37 g/dl', '2007-10-13')
insert into medical_test values ('S7658543V', 'red cell distribution width', '13.6%', '2006-02-17')
insert into medical_test values ('S8692808J', 'mean corpuscular hemoglobin', '31 pg', '2007-06-16')
insert into medical_test values ('S6669167M', 'mean corpuscular hemoglobin', '26 pg', '2008-07-08')
insert into medical_test values ('S8666896M', 'red cell distribution width', '13.6%', '2007-03-10')
insert into medical_test values ('S7453274E', 'H1N1 flu', 'positive', '2009-07-12')
insert into medical_test values ('S8354379D', 'H1N1 flu', 'positive', '2009-07-08')
insert into medical_test values ('S8493161K', 'H1N1 flu', 'positive', '2009-07-18')
insert into medical_test values ('S7547334T', 'H1N1 flu', 'positive', '2009-07-02')
insert into medical_test values ('S6478104E', 'H1N1 flu', 'positive', '2009-07-05')
insert into medical_test values ('S7143738C', 'H1N1 flu', 'positive', '2009-07-26')

CREATE TABLE allergy(patient_id varchar(30), allergy_name text)
insert into allergy values ('S8284186E', 'Beef products')
insert into allergy values ('S8285084H', 'Androgens')
insert into allergy values ('S7155700M', 'Benzyl Alcohol')
insert into allergy values ('S7175840E', 'Androgens')
insert into allergy values ('S7131566G', 'Vancomcyn')
insert into allergy values ('S7195328V', 'Benzyl Alcohol')
insert into allergy values ('S7127561O', 'Albumin')
insert into allergy values ('S6156259Y', 'Alumnium')
insert into allergy values ('S8160113T', 'Celecoxib')
insert into allergy values ('S7113738O', 'Alumnium')
insert into allergy values ('S7180349D', 'Beef products')
insert into allergy values ('S7127476Y', 'Calcium ')
insert into allergy values ('S7182216G', 'Calcium ')
insert into allergy values ('S7128251H', 'Benzyl Alcohol')
insert into allergy values ('S6111140U', 'Calcium ')
insert into allergy values ('S7142391Q', 'Alumnium')
insert into allergy values ('S7143870K', 'Alumnium')
insert into allergy values ('S8115971H', 'Alumnium')
insert into allergy values ('S6116370S', 'Albumin')
insert into allergy values ('S7223971Z', 'Celecoxib')
insert into allergy values ('S8258369F', 'Albumin')
insert into allergy values ('S7217197T', 'Androgens')
insert into allergy values ('S7267677E', 'Vancomcyn')
insert into allergy values ('S8216312N', 'Celecoxib')
insert into allergy values ('S6267517Z', 'Alumnium')
insert into allergy values ('S7228419U', 'Calcium ')
insert into allergy values ('S7257637G', 'Alumnium')
insert into allergy values ('S7257117P', 'Calcium ')
insert into allergy values ('S7269224V', 'Albumin')
insert into allergy values ('S7273923C', 'Albumin')
insert into allergy values ('S6261139W', 'Androgens')
insert into allergy values ('S7227411X', 'Benzyl Alcohol')
insert into allergy values ('S7263477S', 'Androgens')
insert into allergy values ('S7246717H', 'Androgens')
insert into allergy values ('S8218449Y', 'Androgens')
insert into allergy values ('S8283761O', 'Androgens')
insert into allergy values ('S8216753V', 'Androgens')
insert into allergy values ('S8356268I', 'Alumnium')
insert into allergy values ('S7382208K', 'Vancomcyn')
insert into allergy values ('S6359192P', 'Benzyl Alcohol')
insert into allergy values ('S7320654M', 'Androgens')
insert into allergy values ('S8310788R', 'Androgens')
insert into allergy values ('S8386881S', 'Albumin')
insert into allergy values ('S7370387T', 'Androgens')
insert into allergy values ('S7321579R', 'Calcium ')
insert into allergy values ('S6360780B', 'Benzyl Alcohol')
insert into allergy values ('S7351935M', 'Celecoxib')
insert into allergy values ('S7353790V', 'Alumnium')
insert into allergy values ('S8389611P', 'Androgens')
insert into allergy values ('S6343283V', 'Vancomcyn')
insert into allergy values ('S7318665L', 'Vancomcyn')
insert into allergy values ('S6341442R', 'Benzyl Alcohol')
insert into allergy values ('S7310327M', 'Celecoxib')
insert into allergy values ('S7398570K', 'Benzyl Alcohol')
insert into allergy values ('S6444767F', 'Androgens')
insert into allergy values ('S7479701V', 'Calcium ')
insert into allergy values ('S7443693E', 'Alumnium')
insert into allergy values ('S8442952Z', 'Vancomcyn')
insert into allergy values ('S6460940H', 'Benzyl Alcohol')
insert into allergy values ('S7438494X', 'Calcium ')
insert into allergy values ('S7432505M', 'Androgens')
insert into allergy values ('S7496312D', 'Vancomcyn')
insert into allergy values ('S7439620Y', 'Androgens')
insert into allergy values ('S7455185K', 'Calcium ')
insert into allergy values ('S7417173K', 'Vancomcyn')
insert into allergy values ('S8450296O', 'Calcium ')
insert into allergy values ('S8487906P', 'Androgens')
insert into allergy values ('S6478104E', 'Benzyl Alcohol')
insert into allergy values ('S7451931O', 'Benzyl Alcohol')
insert into allergy values ('S7434568M', 'Vancomcyn')
insert into allergy values ('S7457253Y', 'Albumin')
insert into allergy values ('S7436389T', 'Alumnium')
insert into allergy values ('S6449987U', 'Benzyl Alcohol')
insert into allergy values ('S7465487E', 'Benzyl Alcohol')
insert into allergy values ('S7449910Y', 'Celecoxib')
insert into allergy values ('S8471587J', 'Beef products')
insert into allergy values ('S7578670R', 'Beef products')
insert into allergy values ('S7534933E', 'Albumin')
insert into allergy values ('S8533785A', 'Alumnium')
insert into allergy values ('S6521341F', 'Celecoxib')
insert into allergy values ('S7579647C', 'Calcium ')
insert into allergy values ('S7555534N', 'Calcium ')
insert into allergy values ('S6599494U', 'Celecoxib')
insert into allergy values ('S6519677Y', 'Benzyl Alcohol')
insert into allergy values ('S6594382J', 'Alumnium')
insert into allergy values ('S7568109D', 'Alumnium')
insert into allergy values ('S6594424C', 'Calcium ')
insert into allergy values ('S7566381C', 'Beef products')
insert into allergy values ('S7584957I', 'Benzyl Alcohol')
insert into allergy values ('S7559561U', 'Calcium ')
insert into allergy values ('S7572737A', 'Androgens')
insert into allergy values ('S7574399D', 'Androgens')
insert into allergy values ('S7543298P', 'Calcium ')
insert into allergy values ('S6525621I', 'Beef products')
insert into allergy values ('S7563683E', 'Celecoxib')
insert into allergy values ('S6537826H', 'Vancomcyn')
insert into allergy values ('S8586402F', 'Albumin')
insert into allergy values ('S6562537B', 'Vancomcyn')
insert into allergy values ('S7575645U', 'Benzyl Alcohol')
insert into allergy values ('S8522105T', 'Celecoxib')
insert into allergy values ('S8568662U', 'Androgens')
insert into allergy values ('S7579221J', 'Beef products')
insert into allergy values ('S6569400O', 'Beef products')
insert into allergy values ('S7581775E', 'Calcium ')
insert into allergy values ('S8658530T', 'Beef products')
insert into allergy values ('S7629944U', 'Albumin')
insert into allergy values ('S7679911R', 'Celecoxib')
insert into allergy values ('S7637350X', 'Androgens')
insert into allergy values ('S8620155D', 'Albumin')
insert into allergy values ('S7661617W', 'Celecoxib')
insert into allergy values ('S7630464O', 'Benzyl Alcohol')
insert into allergy values ('S7685186Y', 'Alumnium')
insert into allergy values ('S8652792R', 'Benzyl Alcohol')
insert into allergy values ('S7682173K', 'Celecoxib')
insert into allergy values ('S6671466O', 'Alumnium')
insert into allergy values ('S8616827Z', 'Benzyl Alcohol')
insert into allergy values ('S7638861J', 'Androgens')
insert into allergy values ('S7629685J', 'Androgens')
insert into allergy values ('S6687109T', 'Alumnium')
insert into allergy values ('S7692445K', 'Androgens')
insert into allergy values ('S7689627O', 'Calcium ')
insert into allergy values ('S7658543V', 'Albumin')
insert into allergy values ('S8692808J', 'Calcium ')
insert into allergy values ('S6669167M', 'Benzyl Alcohol')
insert into allergy values ('S8666896M', 'Beef products')

CREATE TABLE medication(patient_id varchar(30), medicine text, dosage text, start_date text, end_date text)
insert into medication values ('S8284186E', 'Ibufprofen 400mg', 'three times a day', '2008-11-07', '2008-11-12')
insert into medication values ('S8285084H', 'Ceftin 500mg', 'three times a day, 1 tablet by mouth', '2008-10-13', '2008-10-20')
insert into medication values ('S7155700M', 'Lipitor 20mg', 'once a day, at night', '2008-05-02', '2008-05-10')
insert into medication values ('S7175840E', 'Lipitor 20mg', 'once a day, at night', '2007-06-04', '2007-06-10')
insert into medication values ('S7131566G', 'Ibufprofen 400mg', 'three times a day', '2009-08-16', '2009-08-23')
insert into medication values ('S7195328V', 'Ceftriaxone 1g', 'once a day, 1 injectable solution intravenously', '2007-09-17', '2007-09-23')
insert into medication values ('S7127561O', 'Azythromycine 500mg', 'once a day, 1 injectable solution intravenously', '2007-08-14', '2007-08-20')
insert into medication values ('S6156259Y', 'Simvastatin 40mg', 'once a day, at night', '2006-08-18', '2006-08-23')
insert into medication values ('S8160113T', 'Ibufprofen 400mg', 'three times a day', '2006-07-02', '2006-07-06')
insert into medication values ('S7113738O', 'Amiodarone 20mg', 'once a day, 1 tablet by mouth', '2008-06-12', '2008-06-19')
insert into medication values ('S7180349D', 'Simvastatin 40mg', 'once a day, at night', '2006-02-07', '2006-02-13')
insert into medication values ('S7127476Y', 'Ibufprofen 400mg', 'three times a day', '2008-05-17', '2008-05-24')
insert into medication values ('S7182216G', 'Amiodarone 20mg', 'once a day, 1 tablet by mouth', '2008-12-11', '2008-12-18')
insert into medication values ('S7128251H', 'Simvastatin 40mg', 'once a day, at night', '2008-07-04', '2008-07-12')
insert into medication values ('S6111140U', 'Simvastatin 40mg', 'once a day, at night', '2009-05-14', '2009-05-19')
insert into medication values ('S7142391Q', 'Ibufprofen 400mg', 'three times a day', '2008-05-19', '2008-05-26')
insert into medication values ('S7143870K', 'Lipitor 20mg', 'once a day, at night', '2009-06-03', '2009-06-10')
insert into medication values ('S8115971H', 'Lipitor 20mg', 'once a day, at night', '2008-11-20', '2008-11-24')
insert into medication values ('S6116370S', 'Ibufprofen 400mg', 'three times a day', '2008-03-01', '2008-03-08')
insert into medication values ('S7223971Z', 'Amiodarone 20mg', 'once a day, 1 tablet by mouth', '2008-10-07', '2008-10-15')
insert into medication values ('S8258369F', 'Ceftin 500mg', 'three times a day, 1 tablet by mouth', '2008-04-14', '2008-04-20')
insert into medication values ('S7217197T', 'Amiodarone 20mg', 'once a day, 1 tablet by mouth', '2007-04-11', '2007-04-17')
insert into medication values ('S7267677E', 'Lipitor 20mg', 'once a day, at night', '2008-06-15', '2008-06-23')
insert into medication values ('S8216312N', 'Ceftriaxone 1g', 'once a day, 1 injectable solution intravenously', '2009-07-08', '2009-07-15')
insert into medication values ('S6267517Z', 'Ceftin 500mg', 'three times a day, 1 tablet by mouth', '2008-04-03', '2008-04-08')
insert into medication values ('S7228419U', 'Lipitor 20mg', 'once a day, at night', '2007-12-18', '2007-12-23')
insert into medication values ('S7257637G', 'Lactulose 10mg', 'two times a day, 5ml by mouth', '2007-09-12', '2007-09-19')
insert into medication values ('S7257117P', 'Ceftin 500mg', 'three times a day, 1 tablet by mouth', '2006-10-17', '2006-10-21')
insert into medication values ('S7269224V', 'Ceftin 500mg', 'three times a day, 1 tablet by mouth', '2007-02-19', '2007-02-26')
insert into medication values ('S7273923C', 'Ceftin 500mg', 'three times a day, 1 tablet by mouth', '2008-01-11', '2008-01-16')
insert into medication values ('S6261139W', 'Simvastatin 40mg', 'once a day, at night', '2008-02-10', '2008-02-17')
insert into medication values ('S7227411X', 'Ibufprofen 400mg', 'three times a day', '2006-07-02', '2006-07-07')
insert into medication values ('S7263477S', 'Lipitor 20mg', 'once a day, at night', '2009-02-17', '2009-02-25')
insert into medication values ('S7246717H', 'Simvastatin 40mg', 'once a day, at night', '2006-01-18', '2006-01-23')
insert into medication values ('S8218449Y', 'Ceftin 500mg', 'three times a day, 1 tablet by mouth', '2006-02-02', '2006-02-08')
insert into medication values ('S8283761O', 'Azythromycine 500mg', 'once a day, 1 injectable solution intravenously', '2008-01-15', '2008-01-19')
insert into medication values ('S8216753V', 'Ceftin 500mg', 'three times a day, 1 tablet by mouth', '2008-12-13', '2008-12-18')
insert into medication values ('S8356268I', 'Ibufprofen 400mg', 'three times a day', '2008-06-06', '2008-06-12')
insert into medication values ('S7382208K', 'Ceftin 500mg', 'three times a day, 1 tablet by mouth', '2009-05-11', '2009-05-16')
insert into medication values ('S6359192P', 'Lactulose 10mg', 'two times a day, 5ml by mouth', '2006-08-18', '2006-08-22')
insert into medication values ('S7320654M', 'Amiodarone 20mg', 'once a day, 1 tablet by mouth', '2006-09-02', '2006-09-08')
insert into medication values ('S8310788R', 'Lipitor 20mg', 'once a day, at night', '2008-05-04', '2008-05-09')
insert into medication values ('S8386881S', 'Amiodarone 20mg', 'once a day, 1 tablet by mouth', '2009-02-10', '2009-02-17')
insert into medication values ('S7370387T', 'Lactulose 10mg', 'two times a day, 5ml by mouth', '2007-06-08', '2007-06-13')
insert into medication values ('S7321579R', 'Lactulose 10mg', 'two times a day, 5ml by mouth', '2007-02-01', '2007-02-07')
insert into medication values ('S6360780B', 'Lactulose 10mg', 'two times a day, 5ml by mouth', '2006-06-17', '2006-06-23')
insert into medication values ('S7351935M', 'Simvastatin 40mg', 'once a day, at night', '2006-09-19', '2006-09-23')
insert into medication values ('S7353790V', 'Lipitor 20mg', 'once a day, at night', '2008-10-03', '2008-10-11')
insert into medication values ('S8389611P', 'Simvastatin 40mg', 'once a day, at night', '2006-08-03', '2006-08-09')
insert into medication values ('S6343283V', 'Ceftin 500mg', 'three times a day, 1 tablet by mouth', '2007-07-03', '2007-07-08')
insert into medication values ('S7318665L', 'Ibufprofen 400mg', 'three times a day', '2008-03-16', '2008-03-23')
insert into medication values ('S6341442R', 'Ibufprofen 400mg', 'three times a day', '2006-11-06', '2006-11-13')
insert into medication values ('S7310327M', 'Lactulose 10mg', 'two times a day, 5ml by mouth', '2006-11-18', '2006-11-26')
insert into medication values ('S7398570K', 'Ceftriaxone 1g', 'once a day, 1 injectable solution intravenously', '2006-11-11', '2006-11-15')
insert into medication values ('S6444767F', 'Ceftriaxone 1g', 'once a day, 1 injectable solution intravenously', '2009-05-03', '2009-05-08')
insert into medication values ('S7479701V', 'Lipitor 20mg', 'once a day, at night', '2007-11-12', '2007-11-18')
insert into medication values ('S7443693E', 'Ceftin 500mg', 'three times a day, 1 tablet by mouth', '2008-01-16', '2008-01-23')
insert into medication values ('S8442952Z', 'Simvastatin 40mg', 'once a day, at night', '2008-01-08', '2008-01-13')
insert into medication values ('S6460940H', 'Amiodarone 20mg', 'once a day, 1 tablet by mouth', '2007-04-02', '2007-04-08')
insert into medication values ('S7438494X', 'Ibufprofen 400mg', 'three times a day', '2008-04-06', '2008-04-13')
insert into medication values ('S7432505M', 'Ibufprofen 400mg', 'three times a day', '2006-10-03', '2006-10-08')
insert into medication values ('S7496312D', 'Simvastatin 40mg', 'once a day, at night', '2009-08-07', '2009-08-12')
insert into medication values ('S7439620Y', 'Simvastatin 40mg', 'once a day, at night', '2009-05-04', '2009-05-10')
insert into medication values ('S7455185K', 'Simvastatin 40mg', 'once a day, at night', '2009-07-03', '2009-07-11')
insert into medication values ('S7417173K', 'Lactulose 10mg', 'two times a day, 5ml by mouth', '2008-01-02', '2008-01-09')
insert into medication values ('S8450296O', 'Ceftin 500mg', 'three times a day, 1 tablet by mouth', '2007-11-20', '2007-11-25')
insert into medication values ('S8487906P', 'Ibufprofen 400mg', 'three times a day', '2006-06-06', '2006-06-10')
insert into medication values ('S6478104E', 'Azythromycine 500mg', 'once a day, 1 injectable solution intravenously', '2008-08-08', '2008-08-15')
insert into medication values ('S7451931O', 'Ceftin 500mg', 'three times a day, 1 tablet by mouth', '2008-11-05', '2008-11-12')
insert into medication values ('S7434568M', 'Lipitor 20mg', 'once a day, at night', '2007-06-05', '2007-06-12')
insert into medication values ('S7457253Y', 'Azythromycine 500mg', 'once a day, 1 injectable solution intravenously', '2007-02-15', '2007-02-23')
insert into medication values ('S7436389T', 'Ceftin 500mg', 'three times a day, 1 tablet by mouth', '2009-03-05', '2009-03-13')
insert into medication values ('S6449987U', 'Lactulose 10mg', 'two times a day, 5ml by mouth', '2007-01-18', '2007-01-25')
insert into medication values ('S7465487E', 'Azythromycine 500mg', 'once a day, 1 injectable solution intravenously', '2008-05-05', '2008-05-09')
insert into medication values ('S7449910Y', 'Lipitor 20mg', 'once a day, at night', '2007-03-16', '2007-03-22')
insert into medication values ('S8471587J', 'Ceftin 500mg', 'three times a day, 1 tablet by mouth', '2008-01-02', '2008-01-07')
insert into medication values ('S7578670R', 'Lactulose 10mg', 'two times a day, 5ml by mouth', '2006-12-03', '2006-12-07')
insert into medication values ('S7534933E', 'Lactulose 10mg', 'two times a day, 5ml by mouth', '2007-08-15', '2007-08-22')
insert into medication values ('S8533785A', 'Azythromycine 500mg', 'once a day, 1 injectable solution intravenously', '2006-07-05', '2006-07-11')
insert into medication values ('S6521341F', 'Simvastatin 40mg', 'once a day, at night', '2009-07-12', '2009-07-17')
insert into medication values ('S7579647C', 'Lactulose 10mg', 'two times a day, 5ml by mouth', '2008-10-02', '2008-10-09')
insert into medication values ('S7555534N', 'Amiodarone 20mg', 'once a day, 1 tablet by mouth', '2008-11-16', '2008-11-21')
insert into medication values ('S6599494U', 'Lipitor 20mg', 'once a day, at night', '2007-02-13', '2007-02-19')
insert into medication values ('S6519677Y', 'Simvastatin 40mg', 'once a day, at night', '2006-10-16', '2006-10-20')
insert into medication values ('S6594382J', 'Ibufprofen 400mg', 'three times a day', '2008-06-02', '2008-06-09')
insert into medication values ('S7568109D', 'Ibufprofen 400mg', 'three times a day', '2008-04-08', '2008-04-14')
insert into medication values ('S6594424C', 'Amiodarone 20mg', 'once a day, 1 tablet by mouth', '2009-02-02', '2009-02-09')
insert into medication values ('S7566381C', 'Lactulose 10mg', 'two times a day, 5ml by mouth', '2007-04-08', '2007-04-15')
insert into medication values ('S7584957I', 'Ceftriaxone 1g', 'once a day, 1 injectable solution intravenously', '2006-04-03', '2006-04-09')
insert into medication values ('S7559561U', 'Ibufprofen 400mg', 'three times a day', '2007-11-04', '2007-11-08')
insert into medication values ('S7572737A', 'Ceftin 500mg', 'three times a day, 1 tablet by mouth', '2007-04-05', '2007-04-09')
insert into medication values ('S7574399D', 'Lipitor 20mg', 'once a day, at night', '2007-06-08', '2007-06-14')
insert into medication values ('S7543298P', 'Ibufprofen 400mg', 'three times a day', '2008-12-15', '2008-12-22')
insert into medication values ('S6525621I', 'Simvastatin 40mg', 'once a day, at night', '2008-03-17', '2008-03-25')
insert into medication values ('S7563683E', 'Simvastatin 40mg', 'once a day, at night', '2008-09-13', '2008-09-18')
insert into medication values ('S6537826H', 'Simvastatin 40mg', 'once a day, at night', '2008-08-13', '2008-08-18')
insert into medication values ('S8586402F', 'Amiodarone 20mg', 'once a day, 1 tablet by mouth', '2009-01-05', '2009-01-12')
insert into medication values ('S6562537B', 'Amiodarone 20mg', 'once a day, 1 tablet by mouth', '2008-12-17', '2008-12-25')
insert into medication values ('S7575645U', 'Simvastatin 40mg', 'once a day, at night', '2008-12-06', '2008-12-11')
insert into medication values ('S8522105T', 'Simvastatin 40mg', 'once a day, at night', '2007-09-18', '2007-09-25')
insert into medication values ('S8568662U', 'Amiodarone 20mg', 'once a day, 1 tablet by mouth', '2006-05-11', '2006-05-17')
insert into medication values ('S7579221J', 'Azythromycine 500mg', 'once a day, 1 injectable solution intravenously', '2006-03-04', '2006-03-08')
insert into medication values ('S6569400O', 'Ceftriaxone 1g', 'once a day, 1 injectable solution intravenously', '2007-12-12', '2007-12-20')
insert into medication values ('S7581775E', 'Ceftin 500mg', 'three times a day, 1 tablet by mouth', '2008-06-03', '2008-06-09')
insert into medication values ('S8658530T', 'Azythromycine 500mg', 'once a day, 1 injectable solution intravenously', '2006-07-03', '2006-07-09')
insert into medication values ('S7629944U', 'Ceftriaxone 1g', 'once a day, 1 injectable solution intravenously', '2008-06-06', '2008-06-11')
insert into medication values ('S7679911R', 'Lactulose 10mg', 'two times a day, 5ml by mouth', '2008-01-10', '2008-01-15')
insert into medication values ('S7637350X', 'Azythromycine 500mg', 'once a day, 1 injectable solution intravenously', '2009-04-14', '2009-04-21')
insert into medication values ('S8620155D', 'Azythromycine 500mg', 'once a day, 1 injectable solution intravenously', '2007-11-11', '2007-11-16')
insert into medication values ('S7661617W', 'Ibufprofen 400mg', 'three times a day', '2007-08-11', '2007-08-17')
insert into medication values ('S7630464O', 'Simvastatin 40mg', 'once a day, at night', '2009-07-10', '2009-07-15')
insert into medication values ('S7685186Y', 'Ceftin 500mg', 'three times a day, 1 tablet by mouth', '2007-03-20', '2007-03-28')
insert into medication values ('S8652792R', 'Amiodarone 20mg', 'once a day, 1 tablet by mouth', '2009-02-07', '2009-02-11')
insert into medication values ('S7682173K', 'Azythromycine 500mg', 'once a day, 1 injectable solution intravenously', '2008-02-14', '2008-02-22')
insert into medication values ('S6671466O', 'Ceftriaxone 1g', 'once a day, 1 injectable solution intravenously', '2008-04-18', '2008-04-24')
insert into medication values ('S8616827Z', 'Ceftin 500mg', 'three times a day, 1 tablet by mouth', '2008-03-10', '2008-03-16')
insert into medication values ('S7638861J', 'Lactulose 10mg', 'two times a day, 5ml by mouth', '2008-05-20', '2008-05-26')
insert into medication values ('S7629685J', 'Amiodarone 20mg', 'once a day, 1 tablet by mouth', '2007-10-03', '2007-10-10')
insert into medication values ('S6687109T', 'Azythromycine 500mg', 'once a day, 1 injectable solution intravenously', '2006-12-18', '2006-12-22')
insert into medication values ('S7692445K', 'Amiodarone 20mg', 'once a day, 1 tablet by mouth', '2008-10-09', '2008-10-14')
insert into medication values ('S7689627O', 'Simvastatin 40mg', 'once a day, at night', '2007-10-13', '2007-10-18')
insert into medication values ('S7658543V', 'Ceftriaxone 1g', 'once a day, 1 injectable solution intravenously', '2006-02-17', '2006-02-22')
insert into medication values ('S8692808J', 'Ceftin 500mg', 'three times a day, 1 tablet by mouth', '2007-06-16', '2007-06-23')
insert into medication values ('S6669167M', 'Amiodarone 20mg', 'once a day, 1 tablet by mouth', '2008-07-08', '2008-07-12')
insert into medication values ('S8666896M', 'Lactulose 10mg', 'two times a day, 5ml by mouth', '2007-03-10', '2007-03-14')
