drop database if exists localdb
create database if not exists localdb
use localdb

CREATE TABLE patient(patient_id varchar(30) NOT NULL, first_name text, last_name text, date_of_birth text, age integer, gender text, address text, nationality text, CONSTRAINT patient_pkey PRIMARY KEY (patient_id))
insert into patient values ('S7578670R', 'MENG HONG', 'KOH', '1977-01-08', 32, 'male', 'Bedok', 'Singaporean')
insert into patient values ('S7534933E', 'BOON KENG', 'CHUA', '1977-07-13', 32, 'male', 'Changi', 'Singaporean')
insert into patient values ('S8592834D', 'CHER CHENG', 'NG', '1977-04-05', 32, 'female', 'Changi', 'Singaporean')
insert into patient values ('S8533785A', 'CHEE HONG', 'NG', '1972-11-26', 37, 'male', 'Toa Payo', 'Singaporean')
insert into patient values ('S7547317S', 'YAN', 'RONG', '1979-03-08', 30, 'female', 'Dover', 'Singaporean')
insert into patient values ('S6521341F', 'GIM PHUI', 'CHUA', '1976-03-22', 33, 'male', 'Punggol', 'Singaporean')
insert into patient values ('S6542779G', 'TECK SENG', 'WONG', '1989-12-22', 20, 'female', 'Bedok', 'Singaporean')
insert into patient values ('S7555312G', 'WEE PENG', 'LIAU', '1971-02-14', 38, 'female', 'Bedok', 'Singaporean')
insert into patient values ('S8521369I', 'KIA HEONG', 'HENG', '1975-03-03', 34, 'male', 'Katong', 'Singaporean')
insert into patient values ('S8585298S', 'KOH CHUNG', 'CHONG', '1980-10-19', 29, 'female', 'Keppel', 'Singaporean')
insert into patient values ('S7579647C', 'BENG HONG', 'LEE', '1989-07-02', 20, 'female', 'Changi', 'Singaporean')
insert into patient values ('S7545674P', 'HENG WEE', 'TAN', '1970-02-03', 39, 'female', 'Punggol', 'Singaporean')
insert into patient values ('S7589379T', 'WAI LEONG', 'LAU', '1984-11-06', 25, 'female', 'Changi', 'Singaporean')
insert into patient values ('S7555534N', 'YONG SIN JACOB', 'SNG', '1971-11-19', 38, 'male', 'Changi', 'Singaporean')
insert into patient values ('S6571912L', 'THIAN SIANG', 'TAN', '1973-11-28', 36, 'female', 'Toa Payo', 'Singaporean')
insert into patient values ('S8515346P', 'LOG SZE ALISON', 'WONG', '1979-11-15', 30, 'female', 'Changi', 'Singaporean')
insert into patient values ('S6599494U', 'CHUEN HUA BENJAMIN', 'CHUA', '1982-02-15', 27, 'female', 'Toa Payo', 'Singaporean')
insert into patient values ('S7578289Y', 'SHAHFIRAN B SALIM', 'MOHAMMED', '1979-07-03', 30, 'male', 'Changi', 'Singaporean')
insert into patient values ('S8565913J', 'KAI YUANG', 'ONG', '1987-07-16', 22, 'male', 'Bedok', 'Singaporean')
insert into patient values ('S6519677Y', 'CHEAA YEENG', 'ANG', '1987-08-12', 22, 'female', 'Punggol', 'Singaporean')
insert into patient values ('S6593683S', 'DENISE', 'HENG', '1977-11-15', 32, 'male', 'Punggol', 'Singaporean')
insert into patient values ('S8570360V', 'CHING KUAN ERIC', 'TAN', '1976-10-27', 33, 'male', 'Katong', 'Singaporean')
insert into patient values ('S6594382J', 'SZE YING EMILY', 'LI', '1969-03-03', 40, 'female', 'Dover', 'Singaporean')
insert into patient values ('S8555877X', 'MENG KWONG', 'LUI', '1973-09-07', 36, 'female', 'Toa Payo', 'Singaporean')
insert into patient values ('S8528204Y', 'CHING SIOW', 'TAN', '1977-02-11', 32, 'female', 'Chinatown', 'Singaporean')
insert into patient values ('S7568109D', 'CHEE KIAN JOSEPH', 'TEO', '1983-06-22', 26, 'male', 'Chinatown', 'Singaporean')
insert into patient values ('S6597537T', 'KEE FUI TURNER', 'LAM', '1973-08-16', 36, 'female', 'Changi', 'Singaporean')
insert into patient values ('S7587741H', 'FANGXIANG MELVYN', 'LIM', '1975-04-02', 34, 'female', 'Changi', 'Singaporean')
insert into patient values ('S6594424C', 'TOH MIN', 'LEE', '1987-03-19', 22, 'male', 'Bedok', 'Singaporean')
insert into patient values ('S6540642U', 'CHONG TENG FRANCIS', 'HAN', '1970-06-17', 39, 'male', 'Toa Payo', 'Singaporean')
insert into patient values ('S7516681X', 'JOO NGANG', 'CHIA', '1976-10-22', 33, 'male', 'Dover', 'Singaporean')
insert into patient values ('S8581809B', 'KWOK WAH', 'CHENG', '1971-12-25', 38, 'female', 'Punggol', 'Singaporean')
insert into patient values ('S7556700U', 'KRISHNA', 'SUBRAMANIAN', '1979-07-28', 30, 'female', 'Toa Payo', 'Singaporean')
insert into patient values ('S7553248G', 'HUIFEN', 'BAI', '1978-04-21', 31, 'male', 'Dover', 'Singaporean')
insert into patient values ('S7588645Q', 'LEE NA', 'TEH', '1979-08-02', 30, 'male', 'Keppel', 'Singaporean')
insert into patient values ('S7566381C', 'FOONG YIN', 'CHAN', '1977-10-14', 32, 'male', 'Chinatown', 'Singaporean')
insert into patient values ('S7575314J', 'CHENG SHEK', 'FONG', '1977-11-05', 32, 'female', 'Toa Payo', 'Singaporean')
insert into patient values ('S8571508Y', 'CHEE YONG', 'NEO', '1970-05-18', 39, 'female', 'Bedok', 'Singaporean')
insert into patient values ('S7570539M', 'YIIN MING', 'HOO', '1971-02-21', 38, 'male', 'Bedok', 'Singaporean')
insert into patient values ('S8529154S', 'TZE WEE', 'TAN', '1979-02-07', 30, 'female', 'Dover', 'Singaporean')
insert into patient values ('S7525641N', 'SHENG QIN TIMOTHY', 'LIM', '1971-09-16', 38, 'male', 'Punggol', 'Singaporean')
insert into patient values ('S8539171V', 'JOY IRVING', 'TESSA', '1983-03-24', 26, 'female', 'Bedok', 'Singaporean')
insert into patient values ('S7584957I', 'SWEE LIEN SARAH', 'LIM', '1971-02-23', 38, 'female', 'Keppel', 'Singaporean')
insert into patient values ('S7519917Y', 'SWEE YANG EDMUND', 'LOW', '1988-04-13', 21, 'male', 'Keppel', 'Singaporean')
insert into patient values ('S8518810E', 'LEE NA', 'TEH', '1984-04-18', 25, 'male', 'Keppel', 'Singaporean')
insert into patient values ('S8526590S', 'SWEE LIEN SARAH', 'LIM', '1972-04-04', 37, 'male', 'Bedok', 'Singaporean')
insert into patient values ('S7532490T', 'WEI LIM', 'NG', '1984-10-11', 25, 'female', 'Dover', 'Singaporean')
insert into patient values ('S8577584I', 'CHUN', 'NG', '1984-07-06', 25, 'female', 'Dover', 'Singaporean')
insert into patient values ('S7550771Z', 'JIN YIN IRENE', 'TIONG', '1971-08-03', 38, 'female', 'Punggol', 'Singaporean')
insert into patient values ('S7539733J', 'HUIFEN', 'BAI', '1983-10-02', 26, 'male', 'Dover', 'Singaporean')
insert into patient values ('S7519877M', 'WEE LIANG', 'LIM', '1973-08-10', 36, 'female', 'Dover', 'Singaporean')
insert into patient values ('S7530752G', 'YEW YEOW MICHAEL', 'TEO', '1984-10-14', 25, 'female', 'Punggol', 'Singaporean')
insert into patient values ('S7559561U', 'WEI YONG', 'HO', '1978-04-24', 31, 'male', 'Toa Payo', 'Singaporean')
insert into patient values ('S7570153W', 'GUAN LI', 'SOH', '1984-11-12', 25, 'male', 'Toa Payo', 'Singaporean')
insert into patient values ('S7549482Y', 'HWEI MIN', 'CHEN', '1971-09-19', 38, 'male', 'Keppel', 'Singaporean')
insert into patient values ('S7579824N', 'MIN HAU', 'SOON', '1983-08-20', 26, 'male', 'Changi', 'Singaporean')
insert into patient values ('S8571682N', 'RENALDO HILMAN', 'ERIC', '1987-05-13', 22, 'male', 'Bedok', 'Singaporean')
insert into patient values ('S7586519O', 'KUM SING', 'SIN', '1977-04-19', 32, 'female', 'Punggol', 'Singaporean')
insert into patient values ('S7523801Y', 'BORHAN SAID', 'RASHIDAH', '1981-09-04', 28, 'female', 'Bedok', 'Singaporean')
insert into patient values ('S7510757X', 'LEONG KHENG', 'ONG', '1982-03-22', 27, 'female', 'Punggol', 'Singaporean')
insert into patient values ('S8555474F', 'HUI JIN', 'YAP', '1984-06-11', 25, 'male', 'Punggol', 'Singaporean')
insert into patient values ('S7572737A', 'CHEE LING', 'WONG', '1976-04-08', 33, 'female', 'Changi', 'Singaporean')
insert into patient values ('S7574399D', 'SHENG QIN TIMOTHY', 'LIM', '1985-02-14', 24, 'male', 'Toa Payo', 'Singaporean')
insert into patient values ('S7591351T', 'CHI MIN JULIAN', 'LIM', '1986-11-27', 23, 'male', 'Dover', 'Singaporean')
insert into patient values ('S7543298P', 'HUEY MIIN', 'LIM', '1982-03-12', 27, 'female', 'Changi', 'Singaporean')
insert into patient values ('S6511501Z', 'YUNTIAN', 'PHUA', '1989-08-17', 20, 'male', 'Keppel', 'Singaporean')
insert into patient values ('S8546968O', 'ANDREW', 'TAN', '1988-09-02', 21, 'female', 'Punggol', 'Singaporean')
insert into patient values ('S8552892B', 'JIALIANG', 'JIAN', '1974-06-08', 35, 'male', 'Chinatown', 'Singaporean')
insert into patient values ('S7546815U', 'CHENG YEW', 'CHEONG', '1973-11-27', 36, 'male', 'Chinatown', 'Singaporean')
insert into patient values ('S7517144H', 'CHI-YUAN HAROLD', 'GOH', '1976-02-17', 33, 'female', 'Keppel', 'Singaporean')
insert into patient values ('S7530822Q', 'CHENG BEE', 'CHUA', '1989-09-21', 20, 'female', 'Changi', 'Singaporean')
insert into patient values ('S6525621I', 'TECK RUI', 'KOH', '1978-05-20', 31, 'female', 'Changi', 'Singaporean')
insert into patient values ('S7563683E', 'GUO ZHONG', 'LEE', '1988-01-23', 21, 'female', 'Chinatown', 'Singaporean')
insert into patient values ('S6537826H', 'EE LENG ELAINE', 'MAK', '1971-12-03', 38, 'male', 'Bedok', 'Singaporean')
insert into patient values ('S8532519O', 'CHUN LEONG WINSTON', 'WEE', '1972-09-06', 37, 'male', 'Bedok', 'Singaporean')
insert into patient values ('S7598655C', 'ZI YOU ELIZABETH', 'LIU', '1971-01-20', 38, 'female', 'Changi', 'Singaporean')
insert into patient values ('S7547334T', 'YEOW CHERN ANDRE', 'TOK', '1979-10-08', 30, 'female', 'Bedok', 'Singaporean')
insert into patient values ('S7574124R', 'WEI LIM', 'NG', '1978-11-08', 31, 'male', 'Chinatown', 'Singaporean')
insert into patient values ('S8586402F', 'YIAN', 'LIM', '1981-07-11', 28, 'male', 'Punggol', 'Singaporean')
insert into patient values ('S6544238C', 'QINNING', 'CHIN', '1987-11-14', 22, 'male', 'Changi', 'Singaporean')
insert into patient values ('S6576580W', 'MIN', 'YANG', '1980-05-22', 29, 'male', 'Punggol', 'Singaporean')
insert into patient values ('S6562537B', 'HANG SONG', 'CHEW', '1973-02-18', 36, 'male', 'Keppel', 'Singaporean')
insert into patient values ('S7528389U', 'PUI YEE JOANNE', 'CHEONG', '1969-04-08', 40, 'male', 'Toa Payo', 'Singaporean')
insert into patient values ('S7575645U', 'MEI PEI', 'LEOW', '1973-01-19', 36, 'male', 'Dover', 'Singaporean')
insert into patient values ('S8522105T', 'CHUN KEONG', 'GAN', '1978-08-10', 31, 'male', 'Toa Payo', 'Singaporean')
insert into patient values ('S7577812D', 'HENG LENG', 'KWAN', '1977-04-04', 32, 'male', 'Punggol', 'Singaporean')
insert into patient values ('S8568662U', 'SIU LAN', 'LEE', '1977-04-08', 32, 'female', 'Changi', 'Singaporean')
insert into patient values ('S7579221J', 'SIAU KAI JEFFREY', 'CHAN', '1981-04-23', 28, 'male', 'Bedok', 'Singaporean')
insert into patient values ('S7546366Y', 'WAY LING', 'CHEN', '1981-04-25', 28, 'female', 'Changi', 'Singaporean')
insert into patient values ('S7536197K', 'LIJUN SALLY', 'TOH', '1979-12-20', 30, 'male', 'Punggol', 'Singaporean')
insert into patient values ('S6552124T', 'EE LENG ELAINE', 'MAK', '1985-11-16', 24, 'female', 'Changi', 'Singaporean')
insert into patient values ('S6553759E', 'BTE ITHNAIN', 'SHAMIAH', '1987-02-08', 22, 'male', 'Changi', 'Singaporean')
insert into patient values ('S6569400O', 'ERIC BASUKI', 'MICHAEL', '1979-10-03', 30, 'female', 'Chinatown', 'Singaporean')
insert into patient values ('S7581775E', 'LEE HAN', 'HONG', '1987-04-26', 22, 'male', 'Chinatown', 'Singaporean')
insert into patient values ('S8547233E', 'MENG KWONG', 'LUI', '1984-09-04', 25, 'male', 'Keppel', 'Singaporean')
insert into patient values ('S6593521B', 'LERN LOONG', 'YEO', '1984-11-09', 25, 'male', 'Toa Payo', 'Singaporean')
insert into patient values ('S6558834Z', 'PANG HOWE', 'KOH', '1985-05-25', 24, 'male', 'Keppel', 'Singaporean')
insert into patient values ('S7590264T', 'WEI KUN NICHOLAS', 'LIM', '1976-08-12', 33, 'female', 'Bedok', 'Singaporean')
insert into patient values ('S8568320H', 'CHEUK YIN', 'LEE', '1983-05-08', 26, 'female', 'Chinatown', 'Singaporean')
insert into patient values ('S7568408N', 'CHONG TECK', 'LIM', '1978-09-02', 31, 'male', 'Changi', 'Singaporean')
insert into patient values ('S8593492B', 'KHYE YEIEN', 'CHAI', '1971-12-11', 38, 'female', 'Keppel', 'Singaporean')
insert into patient values ('S7561881S', 'JIANFANG', 'CHEN', '1982-03-06', 27, 'male', 'Katong', 'Singaporean')
insert into patient values ('S7557992G', 'CHOO KOK', 'TAN', '1977-05-26', 32, 'male', 'Punggol', 'Singaporean')
insert into patient values ('S8589350B', 'WEE KIAT JEREMY', 'KEE', '1981-10-28', 28, 'male', 'Dover', 'Singaporean')
insert into patient values ('S6590414B', 'HAUW SHEONG', 'LOE', '1979-07-08', 30, 'male', 'Keppel', 'Singaporean')
insert into patient values ('S7562572P', 'MEI PEI', 'LEOW', '1985-05-24', 24, 'female', 'Changi', 'Singaporean')
insert into patient values ('S8573793Y', 'LUTCHIA', 'DEVA', '1974-07-08', 35, 'female', 'Toa Payo', 'Singaporean')
insert into patient values ('S6553763L', 'KOK LIANG', 'CHONG', '1973-12-25', 36, 'female', 'Keppel', 'Singaporean')
insert into patient values ('S7527471O', 'SEE CHONG', 'NG', '1973-03-26', 36, 'female', 'Chinatown', 'Singaporean')
insert into patient values ('S6574308E', 'CHEE WAN', 'CHUA', '1973-06-25', 36, 'male', 'Toa Payo', 'Singaporean')

CREATE TABLE physician(physician_id varchar(30) NOT NULL, first_name text, last_name text, CONSTRAINT patient_pkey PRIMARY KEY (physician_id))
insert into physician values ('PH5000001', 'LIM', 'CHING CHING')
insert into physician values ('PH5000002', 'LEOW', 'MEI PEI')

CREATE TABLE treat(patient_id varchar(30), physician_id varchar(30), start_date text, end_date text)
insert into treat values ('S8284186E', 'PH5000001', '2006-01-07', '2006-01-12')
insert into treat values ('S8284186E', 'PH5000002', '2006-01-07', '2006-01-14')
insert into treat values ('S8285084H', 'PH5000001', '2009-07-05', '2009-07-09')
insert into treat values ('S8285084H', 'PH5000002', '2009-07-05', '2009-07-12')
insert into treat values ('S7155700M', 'PH5000001', '2007-02-07', '2007-02-12')
insert into treat values ('S7155700M', 'PH5000002', '2007-02-07', '2007-02-12')
insert into treat values ('S7175840E', 'PH5000001', '2007-01-09', '2007-01-15')
insert into treat values ('S7175840E', 'PH5000002', '2007-01-09', '2007-01-17')
insert into treat values ('S7131566G', 'PH5000001', '2008-08-18', '2008-08-23')
insert into treat values ('S7131566G', 'PH5000002', '2008-08-18', '2008-08-22')
insert into treat values ('S7195328V', 'PH5000001', '2008-04-15', '2008-04-22')
insert into treat values ('S7195328V', 'PH5000002', '2008-04-15', '2008-04-21')
insert into treat values ('S7127561O', 'PH5000001', '2008-08-14', '2008-08-21')
insert into treat values ('S7127561O', 'PH5000002', '2008-08-14', '2008-08-22')
insert into treat values ('S6156259Y', 'PH5000001', '2007-12-16', '2007-12-22')
insert into treat values ('S6156259Y', 'PH5000002', '2007-12-16', '2007-12-20')
insert into treat values ('S8160113T', 'PH5000001', '2008-07-18', '2008-07-24')
insert into treat values ('S8160113T', 'PH5000002', '2008-07-18', '2008-07-22')
insert into treat values ('S7113738O', 'PH5000001', '2008-11-04', '2008-11-11')
insert into treat values ('S7113738O', 'PH5000002', '2008-11-04', '2008-11-09')
insert into treat values ('S7180349D', 'PH5000001', '2007-07-10', '2007-07-14')
insert into treat values ('S7180349D', 'PH5000002', '2007-07-10', '2007-07-17')
insert into treat values ('S7127476Y', 'PH5000001', '2009-04-17', '2009-04-25')
insert into treat values ('S7127476Y', 'PH5000002', '2009-04-17', '2009-04-23')
insert into treat values ('S7182216G', 'PH5000001', '2008-10-11', '2008-10-19')
insert into treat values ('S7182216G', 'PH5000002', '2008-10-11', '2008-10-17')
insert into treat values ('S7128251H', 'PH5000001', '2009-06-03', '2009-06-11')
insert into treat values ('S7128251H', 'PH5000002', '2009-06-03', '2009-06-11')
insert into treat values ('S6111140U', 'PH5000001', '2007-11-16', '2007-11-23')
insert into treat values ('S6111140U', 'PH5000002', '2007-11-16', '2007-11-23')
insert into treat values ('S7142391Q', 'PH5000001', '2008-06-12', '2008-06-19')
insert into treat values ('S7142391Q', 'PH5000002', '2008-06-12', '2008-06-17')
insert into treat values ('S7143870K', 'PH5000001', '2007-04-06', '2007-04-14')
insert into treat values ('S7143870K', 'PH5000002', '2007-04-06', '2007-04-11')
insert into treat values ('S8115971H', 'PH5000001', '2009-07-15', '2009-07-22')
insert into treat values ('S8115971H', 'PH5000002', '2009-07-15', '2009-07-22')
insert into treat values ('S6116370S', 'PH5000001', '2007-04-06', '2007-04-10')
insert into treat values ('S6116370S', 'PH5000002', '2007-04-06', '2007-04-11')
insert into treat values ('S7223971Z', 'PH5000001', '2007-06-03', '2007-06-09')
insert into treat values ('S7223971Z', 'PH5000002', '2007-06-03', '2007-06-07')
insert into treat values ('S8258369F', 'PH5000001', '2006-05-11', '2006-05-17')
insert into treat values ('S8258369F', 'PH5000002', '2006-05-11', '2006-05-18')
insert into treat values ('S7217197T', 'PH5000001', '2009-02-19', '2009-02-27')
insert into treat values ('S7217197T', 'PH5000002', '2009-02-19', '2009-02-25')
insert into treat values ('S7267677E', 'PH5000001', '2008-04-06', '2008-04-12')
insert into treat values ('S7267677E', 'PH5000002', '2008-04-06', '2008-04-12')
insert into treat values ('S8216312N', 'PH5000001', '2007-05-15', '2007-05-23')
insert into treat values ('S8216312N', 'PH5000002', '2007-05-15', '2007-05-22')
insert into treat values ('S6267517Z', 'PH5000001', '2008-10-05', '2008-10-10')
insert into treat values ('S6267517Z', 'PH5000002', '2008-10-05', '2008-10-11')
insert into treat values ('S7228419U', 'PH5000001', '2009-06-09', '2009-06-13')
insert into treat values ('S7228419U', 'PH5000002', '2009-06-09', '2009-06-16')
insert into treat values ('S7257637G', 'PH5000001', '2008-05-20', '2008-05-25')
insert into treat values ('S7257637G', 'PH5000002', '2008-05-20', '2008-05-25')
insert into treat values ('S7257117P', 'PH5000001', '2008-09-19', '2008-09-26')
insert into treat values ('S7257117P', 'PH5000002', '2008-09-19', '2008-09-27')
insert into treat values ('S7269224V', 'PH5000001', '2009-02-14', '2009-02-19')
insert into treat values ('S7269224V', 'PH5000002', '2009-02-14', '2009-02-18')
insert into treat values ('S7273923C', 'PH5000001', '2008-07-07', '2008-07-11')
insert into treat values ('S7273923C', 'PH5000002', '2008-07-07', '2008-07-12')
insert into treat values ('S6261139W', 'PH5000001', '2007-10-05', '2007-10-13')
insert into treat values ('S6261139W', 'PH5000002', '2007-10-05', '2007-10-09')
insert into treat values ('S7227411X', 'PH5000001', '2008-09-11', '2008-09-16')
insert into treat values ('S7227411X', 'PH5000002', '2008-09-11', '2008-09-17')
insert into treat values ('S7263477S', 'PH5000001', '2008-07-12', '2008-07-17')
insert into treat values ('S7263477S', 'PH5000002', '2008-07-12', '2008-07-17')
insert into treat values ('S7246717H', 'PH5000001', '2009-03-08', '2009-03-15')
insert into treat values ('S7246717H', 'PH5000002', '2009-03-08', '2009-03-14')
insert into treat values ('S8218449Y', 'PH5000001', '2006-05-20', '2006-05-25')
insert into treat values ('S8218449Y', 'PH5000002', '2006-05-20', '2006-05-25')
insert into treat values ('S8283761O', 'PH5000001', '2006-11-18', '2006-11-25')
insert into treat values ('S8283761O', 'PH5000002', '2006-11-18', '2006-11-23')
insert into treat values ('S8216753V', 'PH5000001', '2008-07-13', '2008-07-20')
insert into treat values ('S8216753V', 'PH5000002', '2008-07-13', '2008-07-17')
insert into treat values ('S8356268I', 'PH5000001', '2007-10-14', '2007-10-19')
insert into treat values ('S8356268I', 'PH5000002', '2007-10-14', '2007-10-20')
insert into treat values ('S7382208K', 'PH5000001', '2006-06-13', '2006-06-19')
insert into treat values ('S7382208K', 'PH5000002', '2006-06-13', '2006-06-20')
insert into treat values ('S6359192P', 'PH5000001', '2008-01-08', '2008-01-14')
insert into treat values ('S6359192P', 'PH5000002', '2008-01-08', '2008-01-14')
insert into treat values ('S7320654M', 'PH5000001', '2009-08-18', '2009-08-25')
insert into treat values ('S7320654M', 'PH5000002', '2009-08-18', '2009-08-24')
insert into treat values ('S8310788R', 'PH5000001', '2008-12-12', '2008-12-18')
insert into treat values ('S8310788R', 'PH5000002', '2008-12-12', '2008-12-17')
insert into treat values ('S8386881S', 'PH5000001', '2006-02-16', '2006-02-22')
insert into treat values ('S8386881S', 'PH5000002', '2006-02-16', '2006-02-23')
insert into treat values ('S7370387T', 'PH5000001', '2008-09-15', '2008-09-20')
insert into treat values ('S7370387T', 'PH5000002', '2008-09-15', '2008-09-23')
insert into treat values ('S7321579R', 'PH5000001', '2006-11-17', '2006-11-21')
insert into treat values ('S7321579R', 'PH5000002', '2006-11-17', '2006-11-22')
insert into treat values ('S6360780B', 'PH5000001', '2008-08-14', '2008-08-21')
insert into treat values ('S6360780B', 'PH5000002', '2008-08-14', '2008-08-20')
insert into treat values ('S7351935M', 'PH5000001', '2008-11-12', '2008-11-19')
insert into treat values ('S7351935M', 'PH5000002', '2008-11-12', '2008-11-17')
insert into treat values ('S7353790V', 'PH5000001', '2008-02-08', '2008-02-16')
insert into treat values ('S7353790V', 'PH5000002', '2008-02-08', '2008-02-14')
insert into treat values ('S8389611P', 'PH5000001', '2007-06-10', '2007-06-15')
insert into treat values ('S8389611P', 'PH5000002', '2007-06-10', '2007-06-16')
insert into treat values ('S6343283V', 'PH5000001', '2008-05-15', '2008-05-23')
insert into treat values ('S6343283V', 'PH5000002', '2008-05-15', '2008-05-21')
insert into treat values ('S7318665L', 'PH5000001', '2007-02-11', '2007-02-15')
insert into treat values ('S7318665L', 'PH5000002', '2007-02-11', '2007-02-18')
insert into treat values ('S6341442R', 'PH5000001', '2008-06-05', '2008-06-11')
insert into treat values ('S6341442R', 'PH5000002', '2008-06-05', '2008-06-12')
insert into treat values ('S7310327M', 'PH5000001', '2009-03-01', '2009-03-06')
insert into treat values ('S7310327M', 'PH5000002', '2009-03-01', '2009-03-07')
insert into treat values ('S7398570K', 'PH5000001', '2007-11-07', '2007-11-13')
insert into treat values ('S7398570K', 'PH5000002', '2007-11-07', '2007-11-11')
insert into treat values ('S6444767F', 'PH5000001', '2006-04-02', '2006-04-10')
insert into treat values ('S6444767F', 'PH5000002', '2006-04-02', '2006-04-09')
insert into treat values ('S7479701V', 'PH5000001', '2008-10-18', '2008-10-23')
insert into treat values ('S7479701V', 'PH5000002', '2008-10-18', '2008-10-23')
insert into treat values ('S7443693E', 'PH5000001', '2007-08-13', '2007-08-18')
insert into treat values ('S7443693E', 'PH5000002', '2007-08-13', '2007-08-17')
insert into treat values ('S8442952Z', 'PH5000001', '2006-05-16', '2006-05-21')
insert into treat values ('S8442952Z', 'PH5000002', '2006-05-16', '2006-05-22')
insert into treat values ('S6460940H', 'PH5000001', '2008-11-14', '2008-11-21')
insert into treat values ('S6460940H', 'PH5000002', '2008-11-14', '2008-11-19')
insert into treat values ('S7438494X', 'PH5000001', '2007-12-06', '2007-12-13')
insert into treat values ('S7438494X', 'PH5000002', '2007-12-06', '2007-12-12')
insert into treat values ('S7432505M', 'PH5000001', '2009-08-13', '2009-08-21')
insert into treat values ('S7432505M', 'PH5000002', '2009-08-13', '2009-08-21')
insert into treat values ('S7496312D', 'PH5000001', '2009-03-04', '2009-03-12')
insert into treat values ('S7496312D', 'PH5000002', '2009-03-04', '2009-03-10')
insert into treat values ('S7439620Y', 'PH5000001', '2007-12-14', '2007-12-20')
insert into treat values ('S7439620Y', 'PH5000002', '2007-12-14', '2007-12-18')
insert into treat values ('S7455185K', 'PH5000001', '2007-05-11', '2007-05-18')
insert into treat values ('S7455185K', 'PH5000002', '2007-05-11', '2007-05-15')
insert into treat values ('S7417173K', 'PH5000001', '2009-04-09', '2009-04-15')
insert into treat values ('S7417173K', 'PH5000002', '2009-04-09', '2009-04-13')
insert into treat values ('S8450296O', 'PH5000001', '2009-06-18', '2009-06-25')
insert into treat values ('S8450296O', 'PH5000002', '2009-06-18', '2009-06-24')
insert into treat values ('S8487906P', 'PH5000001', '2007-04-03', '2007-04-08')
insert into treat values ('S8487906P', 'PH5000002', '2007-04-03', '2007-04-10')
insert into treat values ('S6478104E', 'PH5000001', '2008-10-04', '2008-10-09')
insert into treat values ('S6478104E', 'PH5000002', '2008-10-04', '2008-10-11')
insert into treat values ('S7451931O', 'PH5000001', '2007-04-02', '2007-04-07')
insert into treat values ('S7451931O', 'PH5000002', '2007-04-02', '2007-04-09')
insert into treat values ('S7434568M', 'PH5000001', '2007-07-09', '2007-07-13')
insert into treat values ('S7434568M', 'PH5000002', '2007-07-09', '2007-07-16')
insert into treat values ('S7457253Y', 'PH5000001', '2007-06-19', '2007-06-26')
insert into treat values ('S7457253Y', 'PH5000002', '2007-06-19', '2007-06-24')
insert into treat values ('S7436389T', 'PH5000001', '2007-05-19', '2007-05-25')
insert into treat values ('S7436389T', 'PH5000002', '2007-05-19', '2007-05-25')
insert into treat values ('S6449987U', 'PH5000001', '2007-02-09', '2007-02-17')
insert into treat values ('S6449987U', 'PH5000002', '2007-02-09', '2007-02-16')
insert into treat values ('S7465487E', 'PH5000001', '2006-05-08', '2006-05-15')
insert into treat values ('S7465487E', 'PH5000002', '2006-05-08', '2006-05-13')
insert into treat values ('S7449910Y', 'PH5000001', '2009-05-16', '2009-05-22')
insert into treat values ('S7449910Y', 'PH5000002', '2009-05-16', '2009-05-23')
insert into treat values ('S8471587J', 'PH5000001', '2006-07-16', '2006-07-21')
insert into treat values ('S8471587J', 'PH5000002', '2006-07-16', '2006-07-24')
insert into treat values ('S7578670R', 'PH5000001', '2007-05-19', '2007-05-26')
insert into treat values ('S7578670R', 'PH5000002', '2007-05-19', '2007-05-25')
insert into treat values ('S7534933E', 'PH5000001', '2009-05-19', '2009-05-25')
insert into treat values ('S7534933E', 'PH5000002', '2009-05-19', '2009-05-24')
insert into treat values ('S8533785A', 'PH5000001', '2007-08-11', '2007-08-16')
insert into treat values ('S8533785A', 'PH5000002', '2007-08-11', '2007-08-18')
insert into treat values ('S6521341F', 'PH5000001', '2007-08-14', '2007-08-20')
insert into treat values ('S6521341F', 'PH5000002', '2007-08-14', '2007-08-21')
insert into treat values ('S7579647C', 'PH5000001', '2006-08-06', '2006-08-11')
insert into treat values ('S7579647C', 'PH5000002', '2006-08-06', '2006-08-12')
insert into treat values ('S7555534N', 'PH5000001', '2007-08-05', '2007-08-11')
insert into treat values ('S7555534N', 'PH5000002', '2007-08-05', '2007-08-11')
insert into treat values ('S6599494U', 'PH5000001', '2007-08-07', '2007-08-12')
insert into treat values ('S6599494U', 'PH5000002', '2007-08-07', '2007-08-13')
insert into treat values ('S6519677Y', 'PH5000001', '2007-05-02', '2007-05-07')
insert into treat values ('S6519677Y', 'PH5000002', '2007-05-02', '2007-05-09')
insert into treat values ('S6594382J', 'PH5000001', '2008-04-14', '2008-04-20')
insert into treat values ('S6594382J', 'PH5000002', '2008-04-14', '2008-04-20')
insert into treat values ('S7568109D', 'PH5000001', '2008-05-19', '2008-05-24')
insert into treat values ('S7568109D', 'PH5000002', '2008-05-19', '2008-05-25')
insert into treat values ('S6594424C', 'PH5000001', '2008-08-15', '2008-08-22')
insert into treat values ('S6594424C', 'PH5000002', '2008-08-15', '2008-08-22')
insert into treat values ('S7566381C', 'PH5000001', '2006-02-05', '2006-02-11')
insert into treat values ('S7566381C', 'PH5000002', '2006-02-05', '2006-02-11')
insert into treat values ('S7584957I', 'PH5000001', '2007-03-13', '2007-03-21')
insert into treat values ('S7584957I', 'PH5000002', '2007-03-13', '2007-03-20')
insert into treat values ('S7559561U', 'PH5000001', '2008-07-01', '2008-07-06')
insert into treat values ('S7559561U', 'PH5000002', '2008-07-01', '2008-07-07')
insert into treat values ('S7572737A', 'PH5000001', '2008-04-17', '2008-04-22')
insert into treat values ('S7572737A', 'PH5000002', '2008-04-17', '2008-04-21')
insert into treat values ('S7574399D', 'PH5000001', '2006-02-11', '2006-02-18')
insert into treat values ('S7574399D', 'PH5000002', '2006-02-11', '2006-02-17')
insert into treat values ('S7543298P', 'PH5000001', '2007-03-04', '2007-03-10')
insert into treat values ('S7543298P', 'PH5000002', '2007-03-04', '2007-03-08')
insert into treat values ('S6525621I', 'PH5000001', '2006-02-01', '2006-02-09')
insert into treat values ('S6525621I', 'PH5000002', '2006-02-01', '2006-02-08')
insert into treat values ('S7563683E', 'PH5000001', '2007-07-12', '2007-07-18')
insert into treat values ('S7563683E', 'PH5000002', '2007-07-12', '2007-07-18')
insert into treat values ('S6537826H', 'PH5000001', '2007-06-09', '2007-06-15')
insert into treat values ('S6537826H', 'PH5000002', '2007-06-09', '2007-06-16')
insert into treat values ('S8586402F', 'PH5000001', '2007-12-16', '2007-12-20')
insert into treat values ('S8586402F', 'PH5000002', '2007-12-16', '2007-12-22')
insert into treat values ('S6562537B', 'PH5000001', '2006-07-13', '2006-07-18')
insert into treat values ('S6562537B', 'PH5000002', '2006-07-13', '2006-07-17')
insert into treat values ('S7575645U', 'PH5000001', '2007-08-19', '2007-08-27')
insert into treat values ('S7575645U', 'PH5000002', '2007-08-19', '2007-08-26')
insert into treat values ('S8522105T', 'PH5000001', '2008-07-10', '2008-07-14')
insert into treat values ('S8522105T', 'PH5000002', '2008-07-10', '2008-07-16')
insert into treat values ('S8568662U', 'PH5000001', '2008-03-06', '2008-03-11')
insert into treat values ('S8568662U', 'PH5000002', '2008-03-06', '2008-03-11')
insert into treat values ('S7579221J', 'PH5000001', '2008-02-14', '2008-02-18')
insert into treat values ('S7579221J', 'PH5000002', '2008-02-14', '2008-02-19')
insert into treat values ('S6569400O', 'PH5000001', '2007-03-12', '2007-03-17')
insert into treat values ('S6569400O', 'PH5000002', '2007-03-12', '2007-03-16')
insert into treat values ('S7581775E', 'PH5000001', '2008-04-17', '2008-04-24')
insert into treat values ('S7581775E', 'PH5000002', '2008-04-17', '2008-04-23')
insert into treat values ('S8658530T', 'PH5000001', '2008-03-18', '2008-03-26')
insert into treat values ('S8658530T', 'PH5000002', '2008-03-18', '2008-03-22')
insert into treat values ('S7629944U', 'PH5000001', '2007-05-10', '2007-05-17')
insert into treat values ('S7629944U', 'PH5000002', '2007-05-10', '2007-05-16')
insert into treat values ('S7679911R', 'PH5000001', '2007-06-02', '2007-06-09')
insert into treat values ('S7679911R', 'PH5000002', '2007-06-02', '2007-06-08')
insert into treat values ('S7637350X', 'PH5000001', '2007-02-17', '2007-02-22')
insert into treat values ('S7637350X', 'PH5000002', '2007-02-17', '2007-02-23')
insert into treat values ('S8620155D', 'PH5000001', '2008-04-08', '2008-04-14')
insert into treat values ('S8620155D', 'PH5000002', '2008-04-08', '2008-04-16')
insert into treat values ('S7661617W', 'PH5000001', '2007-09-14', '2007-09-20')
insert into treat values ('S7661617W', 'PH5000002', '2007-09-14', '2007-09-19')
insert into treat values ('S7630464O', 'PH5000001', '2009-08-11', '2009-08-16')
insert into treat values ('S7630464O', 'PH5000002', '2009-08-11', '2009-08-18')
insert into treat values ('S7685186Y', 'PH5000001', '2008-07-01', '2008-07-05')
insert into treat values ('S7685186Y', 'PH5000002', '2008-07-01', '2008-07-05')
insert into treat values ('S8652792R', 'PH5000001', '2008-01-03', '2008-01-10')
insert into treat values ('S8652792R', 'PH5000002', '2008-01-03', '2008-01-08')
insert into treat values ('S7682173K', 'PH5000001', '2007-10-07', '2007-10-11')
insert into treat values ('S7682173K', 'PH5000002', '2007-10-07', '2007-10-13')
insert into treat values ('S6671466O', 'PH5000001', '2009-07-04', '2009-07-10')
insert into treat values ('S6671466O', 'PH5000002', '2009-07-04', '2009-07-08')
insert into treat values ('S8616827Z', 'PH5000001', '2007-05-01', '2007-05-07')
insert into treat values ('S8616827Z', 'PH5000002', '2007-05-01', '2007-05-09')
insert into treat values ('S7638861J', 'PH5000001', '2006-09-10', '2006-09-15')
insert into treat values ('S7638861J', 'PH5000002', '2006-09-10', '2006-09-18')
insert into treat values ('S7629685J', 'PH5000001', '2008-08-18', '2008-08-24')
insert into treat values ('S7629685J', 'PH5000002', '2008-08-18', '2008-08-24')
insert into treat values ('S6687109T', 'PH5000001', '2007-03-13', '2007-03-18')
insert into treat values ('S6687109T', 'PH5000002', '2007-03-13', '2007-03-18')
insert into treat values ('S7692445K', 'PH5000001', '2006-03-15', '2006-03-22')
insert into treat values ('S7692445K', 'PH5000002', '2006-03-15', '2006-03-21')
insert into treat values ('S7689627O', 'PH5000001', '2007-09-03', '2007-09-08')
insert into treat values ('S7689627O', 'PH5000002', '2007-09-03', '2007-09-10')
insert into treat values ('S7658543V', 'PH5000001', '2008-08-08', '2008-08-15')
insert into treat values ('S7658543V', 'PH5000002', '2008-08-08', '2008-08-15')
insert into treat values ('S8692808J', 'PH5000001', '2008-02-13', '2008-02-20')
insert into treat values ('S8692808J', 'PH5000002', '2008-02-13', '2008-02-21')
insert into treat values ('S6669167M', 'PH5000001', '2007-12-09', '2007-12-14')
insert into treat values ('S6669167M', 'PH5000002', '2007-12-09', '2007-12-17')
insert into treat values ('S8666896M', 'PH5000001', '2007-05-18', '2007-05-25')
insert into treat values ('S8666896M', 'PH5000002', '2007-05-18', '2007-05-25')

CREATE TABLE visit(patient_id text, visit_date text, location text, reason text)
insert into visit values ('S8284186E', '2006-01-07', 'Khoo Teck Puat Hospital', 'stomach problem')
insert into visit values ('S8285084H', '2009-07-05', 'Khoo Teck Puat Hospital', 'respiratory problem')
insert into visit values ('S7155700M', '2007-02-07', 'Khoo Teck Puat Hospital', 'backache')
insert into visit values ('S7175840E', '2007-01-09', 'Khoo Teck Puat Hospital', 'heart problem')
insert into visit values ('S7131566G', '2008-08-18', 'Khoo Teck Puat Hospital', 'cough')
insert into visit values ('S7195328V', '2008-04-15', 'Khoo Teck Puat Hospital', 'fever')
insert into visit values ('S7127561O', '2008-08-14', 'Khoo Teck Puat Hospital', 'respiratory problem')
insert into visit values ('S6156259Y', '2007-12-16', 'Khoo Teck Puat Hospital', 'backache')
insert into visit values ('S8160113T', '2008-07-18', 'Khoo Teck Puat Hospital', 'backache')
insert into visit values ('S7113738O', '2008-11-04', 'Khoo Teck Puat Hospital', 'heart problem')
insert into visit values ('S7180349D', '2007-07-10', 'Khoo Teck Puat Hospital', 'sore throat')
insert into visit values ('S7127476Y', '2009-04-17', 'Khoo Teck Puat Hospital', 'sore throat')
insert into visit values ('S7182216G', '2008-10-11', 'Khoo Teck Puat Hospital', 'sore throat')
insert into visit values ('S7128251H', '2009-06-03', 'Khoo Teck Puat Hospital', 'sore throat')
insert into visit values ('S6111140U', '2007-11-16', 'Khoo Teck Puat Hospital', 'cough')
insert into visit values ('S7142391Q', '2008-06-12', 'Khoo Teck Puat Hospital', 'cephalalgia')
insert into visit values ('S7143870K', '2007-04-06', 'Khoo Teck Puat Hospital', 'cough')
insert into visit values ('S8115971H', '2009-07-15', 'Khoo Teck Puat Hospital', 'respiratory problem')
insert into visit values ('S6116370S', '2007-04-06', 'Khoo Teck Puat Hospital', 'heart problem')
insert into visit values ('S7223971Z', '2007-06-03', 'Khoo Teck Puat Hospital', 'sore throat')
insert into visit values ('S8258369F', '2006-05-11', 'Khoo Teck Puat Hospital', 'respiratory problem')
insert into visit values ('S7217197T', '2009-02-19', 'Khoo Teck Puat Hospital', 'cough')
insert into visit values ('S7267677E', '2008-04-06', 'Khoo Teck Puat Hospital', 'stomach problem')
insert into visit values ('S8216312N', '2007-05-15', 'Khoo Teck Puat Hospital', 'stomach problem')
insert into visit values ('S6267517Z', '2008-10-05', 'Khoo Teck Puat Hospital', 'cough')
insert into visit values ('S7228419U', '2009-06-09', 'Khoo Teck Puat Hospital', 'cough')
insert into visit values ('S7257637G', '2008-05-20', 'Khoo Teck Puat Hospital', 'stomach problem')
insert into visit values ('S7257117P', '2008-09-19', 'Khoo Teck Puat Hospital', 'backache')
insert into visit values ('S7269224V', '2009-02-14', 'Khoo Teck Puat Hospital', 'heart problem')
insert into visit values ('S7273923C', '2008-07-07', 'Khoo Teck Puat Hospital', 'fever')
insert into visit values ('S6261139W', '2007-10-05', 'Khoo Teck Puat Hospital', 'cough')
insert into visit values ('S7227411X', '2008-09-11', 'Khoo Teck Puat Hospital', 'stomach problem')
insert into visit values ('S7263477S', '2008-07-12', 'Khoo Teck Puat Hospital', 'cough')
insert into visit values ('S7246717H', '2009-03-08', 'Khoo Teck Puat Hospital', 'cough')
insert into visit values ('S8218449Y', '2006-05-20', 'Khoo Teck Puat Hospital', 'cough')
insert into visit values ('S8283761O', '2006-11-18', 'Khoo Teck Puat Hospital', 'heart problem')
insert into visit values ('S8216753V', '2008-07-13', 'Khoo Teck Puat Hospital', 'backache')
insert into visit values ('S8356268I', '2007-10-14', 'Khoo Teck Puat Hospital', 'stomach problem')
insert into visit values ('S7382208K', '2006-06-13', 'Khoo Teck Puat Hospital', 'sore throat')
insert into visit values ('S6359192P', '2008-01-08', 'Khoo Teck Puat Hospital', 'respiratory problem')
insert into visit values ('S7320654M', '2009-08-18', 'Khoo Teck Puat Hospital', 'heart problem')
insert into visit values ('S8310788R', '2008-12-12', 'Khoo Teck Puat Hospital', 'stomach problem')
insert into visit values ('S8386881S', '2006-02-16', 'Khoo Teck Puat Hospital', 'sore throat')
insert into visit values ('S7370387T', '2008-09-15', 'Khoo Teck Puat Hospital', 'heart problem')
insert into visit values ('S7321579R', '2006-11-17', 'Khoo Teck Puat Hospital', 'backache')
insert into visit values ('S6360780B', '2008-08-14', 'Khoo Teck Puat Hospital', 'cough')
insert into visit values ('S7351935M', '2008-11-12', 'Khoo Teck Puat Hospital', 'backache')
insert into visit values ('S7353790V', '2008-02-08', 'Khoo Teck Puat Hospital', 'heart problem')
insert into visit values ('S8389611P', '2007-06-10', 'Khoo Teck Puat Hospital', 'backache')
insert into visit values ('S6343283V', '2008-05-15', 'Khoo Teck Puat Hospital', 'sore throat')
insert into visit values ('S7318665L', '2007-02-11', 'Khoo Teck Puat Hospital', 'cough')
insert into visit values ('S6341442R', '2008-06-05', 'Khoo Teck Puat Hospital', 'backache')
insert into visit values ('S7310327M', '2009-03-01', 'Khoo Teck Puat Hospital', 'stomach problem')
insert into visit values ('S7398570K', '2007-11-07', 'Khoo Teck Puat Hospital', 'fever')
insert into visit values ('S6444767F', '2006-04-02', 'Khoo Teck Puat Hospital', 'fever')
insert into visit values ('S7479701V', '2008-10-18', 'Khoo Teck Puat Hospital', 'respiratory problem')
insert into visit values ('S7443693E', '2007-08-13', 'Khoo Teck Puat Hospital', 'cephalalgia')
insert into visit values ('S8442952Z', '2006-05-16', 'Khoo Teck Puat Hospital', 'heart problem')
insert into visit values ('S6460940H', '2008-11-14', 'Khoo Teck Puat Hospital', 'cough')
insert into visit values ('S7438494X', '2007-12-06', 'Khoo Teck Puat Hospital', 'sore throat')
insert into visit values ('S7432505M', '2009-08-13', 'Khoo Teck Puat Hospital', 'respiratory problem')
insert into visit values ('S7496312D', '2009-03-04', 'Khoo Teck Puat Hospital', 'fever')
insert into visit values ('S7439620Y', '2007-12-14', 'Khoo Teck Puat Hospital', 'heart problem')
insert into visit values ('S7455185K', '2007-05-11', 'Khoo Teck Puat Hospital', 'heart problem')
insert into visit values ('S7417173K', '2009-04-09', 'Khoo Teck Puat Hospital', 'heart problem')
insert into visit values ('S8450296O', '2009-06-18', 'Khoo Teck Puat Hospital', 'fever')
insert into visit values ('S8487906P', '2007-04-03', 'Khoo Teck Puat Hospital', 'sore throat')
insert into visit values ('S6478104E', '2008-10-04', 'Khoo Teck Puat Hospital', 'stomach problem')
insert into visit values ('S7451931O', '2007-04-02', 'Khoo Teck Puat Hospital', 'cough')
insert into visit values ('S7434568M', '2007-07-09', 'Khoo Teck Puat Hospital', 'heart problem')
insert into visit values ('S7457253Y', '2007-06-19', 'Khoo Teck Puat Hospital', 'stomach problem')
insert into visit values ('S7436389T', '2007-05-19', 'Khoo Teck Puat Hospital', 'cephalalgia')
insert into visit values ('S6449987U', '2007-02-09', 'Khoo Teck Puat Hospital', 'cephalalgia')
insert into visit values ('S7465487E', '2006-05-08', 'Khoo Teck Puat Hospital', 'heart problem')
insert into visit values ('S7449910Y', '2009-05-16', 'Khoo Teck Puat Hospital', 'cough')
insert into visit values ('S8471587J', '2006-07-16', 'Khoo Teck Puat Hospital', 'backache')
insert into visit values ('S7578670R', '2007-05-19', 'Khoo Teck Puat Hospital', 'fever')
insert into visit values ('S7534933E', '2009-05-19', 'Khoo Teck Puat Hospital', 'cough')
insert into visit values ('S8533785A', '2007-08-11', 'Khoo Teck Puat Hospital', 'sore throat')
insert into visit values ('S6521341F', '2007-08-14', 'Khoo Teck Puat Hospital', 'cephalalgia')
insert into visit values ('S7579647C', '2006-08-06', 'Khoo Teck Puat Hospital', 'backache')
insert into visit values ('S7555534N', '2007-08-05', 'Khoo Teck Puat Hospital', 'sore throat')
insert into visit values ('S6599494U', '2007-08-07', 'Khoo Teck Puat Hospital', 'backache')
insert into visit values ('S6519677Y', '2007-05-02', 'Khoo Teck Puat Hospital', 'fever')
insert into visit values ('S6594382J', '2008-04-14', 'Khoo Teck Puat Hospital', 'sore throat')
insert into visit values ('S7568109D', '2008-05-19', 'Khoo Teck Puat Hospital', 'stomach problem')
insert into visit values ('S6594424C', '2008-08-15', 'Khoo Teck Puat Hospital', 'heart problem')
insert into visit values ('S7566381C', '2006-02-05', 'Khoo Teck Puat Hospital', 'stomach problem')
insert into visit values ('S7584957I', '2007-03-13', 'Khoo Teck Puat Hospital', 'stomach problem')
insert into visit values ('S7559561U', '2008-07-01', 'Khoo Teck Puat Hospital', 'stomach problem')
insert into visit values ('S7572737A', '2008-04-17', 'Khoo Teck Puat Hospital', 'fever')
insert into visit values ('S7574399D', '2006-02-11', 'Khoo Teck Puat Hospital', 'fever')
insert into visit values ('S7543298P', '2007-03-04', 'Khoo Teck Puat Hospital', 'sore throat')
insert into visit values ('S6525621I', '2006-02-01', 'Khoo Teck Puat Hospital', 'stomach problem')
insert into visit values ('S7563683E', '2007-07-12', 'Khoo Teck Puat Hospital', 'cough')
insert into visit values ('S6537826H', '2007-06-09', 'Khoo Teck Puat Hospital', 'respiratory problem')
insert into visit values ('S8586402F', '2007-12-16', 'Khoo Teck Puat Hospital', 'fever')
insert into visit values ('S6562537B', '2006-07-13', 'Khoo Teck Puat Hospital', 'fever')
insert into visit values ('S7575645U', '2007-08-19', 'Khoo Teck Puat Hospital', 'stomach problem')
insert into visit values ('S8522105T', '2008-07-10', 'Khoo Teck Puat Hospital', 'stomach problem')
insert into visit values ('S8568662U', '2008-03-06', 'Khoo Teck Puat Hospital', 'heart problem')
insert into visit values ('S7579221J', '2008-02-14', 'Khoo Teck Puat Hospital', 'stomach problem')
insert into visit values ('S6569400O', '2007-03-12', 'Khoo Teck Puat Hospital', 'fever')
insert into visit values ('S7581775E', '2008-04-17', 'Khoo Teck Puat Hospital', 'fever')
insert into visit values ('S8658530T', '2008-03-18', 'Khoo Teck Puat Hospital', 'backache')
insert into visit values ('S7629944U', '2007-05-10', 'Khoo Teck Puat Hospital', 'backache')
insert into visit values ('S7679911R', '2007-06-02', 'Khoo Teck Puat Hospital', 'heart problem')
insert into visit values ('S7637350X', '2007-02-17', 'Khoo Teck Puat Hospital', 'sore throat')
insert into visit values ('S8620155D', '2008-04-08', 'Khoo Teck Puat Hospital', 'heart problem')
insert into visit values ('S7661617W', '2007-09-14', 'Khoo Teck Puat Hospital', 'backache')
insert into visit values ('S7630464O', '2009-08-11', 'Khoo Teck Puat Hospital', 'cough')
insert into visit values ('S7685186Y', '2008-07-01', 'Khoo Teck Puat Hospital', 'heart problem')
insert into visit values ('S8652792R', '2008-01-03', 'Khoo Teck Puat Hospital', 'stomach problem')
insert into visit values ('S7682173K', '2007-10-07', 'Khoo Teck Puat Hospital', 'backache')
insert into visit values ('S6671466O', '2009-07-04', 'Khoo Teck Puat Hospital', 'fever')
insert into visit values ('S8616827Z', '2007-05-01', 'Khoo Teck Puat Hospital', 'heart problem')
insert into visit values ('S7638861J', '2006-09-10', 'Khoo Teck Puat Hospital', 'cephalalgia')
insert into visit values ('S7629685J', '2008-08-18', 'Khoo Teck Puat Hospital', 'heart problem')
insert into visit values ('S6687109T', '2007-03-13', 'Khoo Teck Puat Hospital', 'backache')
insert into visit values ('S7692445K', '2006-03-15', 'Khoo Teck Puat Hospital', 'respiratory problem')
insert into visit values ('S7689627O', '2007-09-03', 'Khoo Teck Puat Hospital', 'heart problem')
insert into visit values ('S7658543V', '2008-08-08', 'Khoo Teck Puat Hospital', 'backache')
insert into visit values ('S8692808J', '2008-02-13', 'Khoo Teck Puat Hospital', 'heart problem')
insert into visit values ('S6669167M', '2007-12-09', 'Khoo Teck Puat Hospital', 'sore throat')
insert into visit values ('S8666896M', '2007-05-18', 'Khoo Teck Puat Hospital', 'respiratory problem')

CREATE TABLE medical_test(patient_id varchar(30), test_name text, value text, test_date text)
insert into medical_test values ('S8284186E', 'heart rate', '69', '2006-01-07')
insert into medical_test values ('S8285084H', 'MCH', '26 pg', '2009-07-05')
insert into medical_test values ('S7155700M', 'ABG', ' 7.37 pH', '2007-02-07')
insert into medical_test values ('S7175840E', 'TIBC', '320 mcg/dl', '2007-01-09')
insert into medical_test values ('S7131566G', 'heart rate', '51', '2008-08-18')
insert into medical_test values ('S7195328V', 'MCV', '89 fl', '2008-04-15')
insert into medical_test values ('S7127561O', 'TIBC', '410 mcg/dl', '2008-08-14')
insert into medical_test values ('S6156259Y', 'MCV', '85 fl', '2007-12-16')
insert into medical_test values ('S8160113T', 'MCH', '34 pg', '2008-07-18')
insert into medical_test values ('S7113738O', 'MCV', '85 fl', '2008-11-04')
insert into medical_test values ('S7180349D', 'RDW', '11.9%', '2007-07-10')
insert into medical_test values ('S7127476Y', 'ABG', ' 7.37 pH', '2009-04-17')
insert into medical_test values ('S7182216G', 'MCV', '85 fl', '2008-10-11')
insert into medical_test values ('S7128251H', 'TIBC', '290 mcg/dl', '2009-06-03')
insert into medical_test values ('S6111140U', 'MCH', '29 pg', '2007-11-16')
insert into medical_test values ('S7142391Q', 'ABG', '7.13 pH', '2008-06-12')
insert into medical_test values ('S7143870K', 'MCV', '85 fl', '2007-04-06')
insert into medical_test values ('S8115971H', 'MCHC', '33 g/dl', '2009-07-15')
insert into medical_test values ('S6116370S', 'RDW', '14.5%', '2007-04-06')
insert into medical_test values ('S7223971Z', 'MCH', '31 pg', '2007-06-03')
insert into medical_test values ('S8258369F', 'TIBC', '320 mcg/dl', '2006-05-11')
insert into medical_test values ('S7217197T', 'TIBC', '320 mcg/dl', '2009-02-19')
insert into medical_test values ('S7267677E', 'MCH', '29 pg', '2008-04-06')
insert into medical_test values ('S8216312N', 'RDW', '11.9%', '2007-05-15')
insert into medical_test values ('S6267517Z', 'heart rate', '56', '2008-10-05')
insert into medical_test values ('S7228419U', 'heart rate', '69', '2009-06-09')
insert into medical_test values ('S7257637G', 'MCH', '31 pg', '2008-05-20')
insert into medical_test values ('S7257117P', 'MCV', '85 fl', '2008-09-19')
insert into medical_test values ('S7269224V', 'ABG', '7.25 pH', '2009-02-14')
insert into medical_test values ('S7273923C', 'heart rate', '56', '2008-07-07')
insert into medical_test values ('S6261139W', 'MCH', '31 pg', '2007-10-05')
insert into medical_test values ('S7227411X', 'MCHC', '31 g/dl', '2008-09-11')
insert into medical_test values ('S7263477S', 'TIBC', '240 mcg/dl', '2008-07-12')
insert into medical_test values ('S7246717H', 'MCV', '89 fl', '2009-03-08')
insert into medical_test values ('S8218449Y', 'MCHC', '33 g/dl', '2006-05-20')
insert into medical_test values ('S8283761O', 'MCH', '29 pg', '2006-11-18')
insert into medical_test values ('S8216753V', 'MCH', '31 pg', '2008-07-13')
insert into medical_test values ('S8356268I', 'MCH', '34 pg', '2007-10-14')
insert into medical_test values ('S7382208K', 'MCH', '29 pg', '2006-06-13')
insert into medical_test values ('S6359192P', 'RDW', '13.6%', '2008-01-08')
insert into medical_test values ('S7320654M', 'TIBC', '450 mcg/dl', '2009-08-18')
insert into medical_test values ('S8310788R', 'heart rate', '63', '2008-12-12')
insert into medical_test values ('S8386881S', 'MCV', '89 fl', '2006-02-16')
insert into medical_test values ('S7370387T', 'heart rate', '63', '2008-09-15')
insert into medical_test values ('S7321579R', 'MCV', '99 fl', '2006-11-17')
insert into medical_test values ('S6360780B', 'MCH', '26 pg', '2008-08-14')
insert into medical_test values ('S7351935M', 'TIBC', '320 mcg/dl', '2008-11-12')
insert into medical_test values ('S7353790V', 'TIBC', '450 mcg/dl', '2008-02-08')
insert into medical_test values ('S8389611P', 'heart rate', '63', '2007-06-10')
insert into medical_test values ('S6343283V', 'MCHC', '31 g/dl', '2008-05-15')
insert into medical_test values ('S7318665L', 'MCV', '99 fl', '2007-02-11')
insert into medical_test values ('S6341442R', 'MCH', '34 pg', '2008-06-05')
insert into medical_test values ('S7310327M', 'TIBC', '400 mcg/dl', '2009-03-01')
insert into medical_test values ('S7398570K', 'MCHC', '35 g/dl', '2007-11-07')
insert into medical_test values ('S6444767F', 'ABG', '7.13 pH', '2006-04-02')
insert into medical_test values ('S7479701V', 'heart rate', '56', '2008-10-18')
insert into medical_test values ('S7443693E', 'ABG', ' 7.41 pH', '2007-08-13')
insert into medical_test values ('S8442952Z', 'TIBC', '400 mcg/dl', '2006-05-16')
insert into medical_test values ('S6460940H', 'RDW', '11.9%', '2008-11-14')
insert into medical_test values ('S7438494X', 'MCH', '26 pg', '2007-12-06')
insert into medical_test values ('S7432505M', 'heart rate', '63', '2009-08-13')
insert into medical_test values ('S7496312D', 'heart rate', '69', '2009-03-04')
insert into medical_test values ('S7439620Y', 'TIBC', '320 mcg/dl', '2007-12-14')
insert into medical_test values ('S7455185K', 'MCV', '82 fl', '2007-05-11')
insert into medical_test values ('S7417173K', 'ABG', '7.13 pH', '2009-04-09')
insert into medical_test values ('S8450296O', 'heart rate', '71', '2009-06-18')
insert into medical_test values ('S8487906P', 'RDW', '13.6%', '2007-04-03')
insert into medical_test values ('S6478104E', 'MCHC', '31 g/dl', '2008-10-04')
insert into medical_test values ('S7451931O', 'MCHC', '35 g/dl', '2007-04-02')
insert into medical_test values ('S7434568M', 'MCV', '89 fl', '2007-07-09')
insert into medical_test values ('S7457253Y', 'ABG', '7.25 pH', '2007-06-19')
insert into medical_test values ('S7436389T', 'RDW', '13.6%', '2007-05-19')
insert into medical_test values ('S6449987U', 'RDW', '11.5%', '2007-02-09')
insert into medical_test values ('S7465487E', 'MCV', '89 fl', '2006-05-08')
insert into medical_test values ('S7449910Y', 'TIBC', '410 mcg/dl', '2009-05-16')
insert into medical_test values ('S8471587J', 'MCV', '99 fl', '2006-07-16')
insert into medical_test values ('S7578670R', 'RDW', '11.5%', '2007-05-19')
insert into medical_test values ('S7534933E', 'RDW', '11.9%', '2009-05-19')
insert into medical_test values ('S8533785A', 'MCHC', '35 g/dl', '2007-08-11')
insert into medical_test values ('S6521341F', 'MCV', '99 fl', '2007-08-14')
insert into medical_test values ('S7579647C', 'RDW', '11.5%', '2006-08-06')
insert into medical_test values ('S7555534N', 'MCHC', '35 g/dl', '2007-08-05')
insert into medical_test values ('S6599494U', 'RDW', '11.5%', '2007-08-07')
insert into medical_test values ('S6519677Y', 'MCHC', '37 g/dl', '2007-05-02')
insert into medical_test values ('S6594382J', 'RDW', '11.9%', '2008-04-14')
insert into medical_test values ('S7568109D', 'MCH', '31 pg', '2008-05-19')
insert into medical_test values ('S6594424C', 'RDW', '14.5%', '2008-08-15')
insert into medical_test values ('S7566381C', 'MCHC', '33 g/dl', '2006-02-05')
insert into medical_test values ('S7584957I', 'ABG', ' 7.41 pH', '2007-03-13')
insert into medical_test values ('S7559561U', 'MCH', '26 pg', '2008-07-01')
insert into medical_test values ('S7572737A', 'TIBC', '450 mcg/dl', '2008-04-17')
insert into medical_test values ('S7574399D', 'heart rate', '51', '2006-02-11')
insert into medical_test values ('S7543298P', 'RDW', '11.9%', '2007-03-04')
insert into medical_test values ('S6525621I', 'TIBC', '320 mcg/dl', '2006-02-01')
insert into medical_test values ('S7563683E', 'ABG', ' 7.41 pH', '2007-07-12')
insert into medical_test values ('S6537826H', 'MCHC', '37 g/dl', '2007-06-09')
insert into medical_test values ('S8586402F', 'MCHC', '33 g/dl', '2007-12-16')
insert into medical_test values ('S6562537B', 'MCH', '26 pg', '2006-07-13')
insert into medical_test values ('S7575645U', 'RDW', '14.5%', '2007-08-19')
insert into medical_test values ('S8522105T', 'MCH', '34 pg', '2008-07-10')
insert into medical_test values ('S8568662U', 'RDW', '11.9%', '2008-03-06')
insert into medical_test values ('S7579221J', 'MCV', '99 fl', '2008-02-14')
insert into medical_test values ('S6569400O', 'MCHC', '35 g/dl', '2007-03-12')
insert into medical_test values ('S7581775E', 'RDW', '13.6%', '2008-04-17')
insert into medical_test values ('S8658530T', 'MCHC', '33 g/dl', '2008-03-18')
insert into medical_test values ('S7629944U', 'heart rate', '56', '2007-05-10')
insert into medical_test values ('S7679911R', 'ABG', ' 7.41 pH', '2007-06-02')
insert into medical_test values ('S7637350X', 'MCV', '89 fl', '2007-02-17')
insert into medical_test values ('S8620155D', 'MCV', '85 fl', '2008-04-08')
insert into medical_test values ('S7661617W', 'MCV', '89 fl', '2007-09-14')
insert into medical_test values ('S7630464O', 'MCHC', '33 g/dl', '2009-08-11')
insert into medical_test values ('S7685186Y', 'heart rate', '56', '2008-07-01')
insert into medical_test values ('S8652792R', 'MCH', '29 pg', '2008-01-03')
insert into medical_test values ('S7682173K', 'RDW', '13.6%', '2007-10-07')
insert into medical_test values ('S6671466O', 'MCH', '29 pg', '2009-07-04')
insert into medical_test values ('S8616827Z', 'ABG', ' 7.37 pH', '2007-05-01')
insert into medical_test values ('S7638861J', 'RDW', '11.9%', '2006-09-10')
insert into medical_test values ('S7629685J', 'ABG', ' 7.41 pH', '2008-08-18')
insert into medical_test values ('S6687109T', 'MCV', '82 fl', '2007-03-13')
insert into medical_test values ('S7692445K', 'MCH', '31 pg', '2006-03-15')
insert into medical_test values ('S7689627O', 'MCH', '29 pg', '2007-09-03')
insert into medical_test values ('S7658543V', 'TIBC', '410 mcg/dl', '2008-08-08')
insert into medical_test values ('S8692808J', 'TIBC', '400 mcg/dl', '2008-02-13')
insert into medical_test values ('S6669167M', 'MCHC', '37 g/dl', '2007-12-09')
insert into medical_test values ('S8666896M', 'heart rate', '56', '2007-05-18')
insert into medical_test values ('S8216753V', 'H1N1 virus', 'positive', '2009-07-20')
insert into medical_test values ('S6660430S', 'H1N1 virus', 'positive', '2009-07-24')
insert into medical_test values ('S6335132Q', 'H1N1 virus', 'positive', '2009-07-15')
insert into medical_test values ('S6553763L', 'H1N1 virus', 'positive', '2009-07-01')
insert into medical_test values ('S7344701D', 'H1N1 virus', 'positive', '2009-07-12')
insert into medical_test values ('S7198935D', 'H1N1 virus', 'positive', '2009-07-21')
insert into medical_test values ('S7546815U', 'H1N1 virus', 'positive', '2009-07-26')

CREATE TABLE allergy(patient_id varchar(30), allergy_name text)
insert into allergy values ('S8284186E', 'Benzyl Alcohol')
insert into allergy values ('S8285084H', 'Calcium ')
insert into allergy values ('S7155700M', 'Albumin')
insert into allergy values ('S7175840E', 'Calcium ')
insert into allergy values ('S7131566G', 'Calcium ')
insert into allergy values ('S7195328V', 'Vancomcyn')
insert into allergy values ('S7127561O', 'Beef products')
insert into allergy values ('S6156259Y', 'Calcium ')
insert into allergy values ('S8160113T', 'Albumin')
insert into allergy values ('S7113738O', 'Celecoxib')
insert into allergy values ('S7180349D', 'Albumin')
insert into allergy values ('S7127476Y', 'Beef products')
insert into allergy values ('S7182216G', 'Androgens')
insert into allergy values ('S7128251H', 'Alumnium')
insert into allergy values ('S6111140U', 'Benzyl Alcohol')
insert into allergy values ('S7142391Q', 'Benzyl Alcohol')
insert into allergy values ('S7143870K', 'Benzyl Alcohol')
insert into allergy values ('S8115971H', 'Calcium ')
insert into allergy values ('S6116370S', 'Beef products')
insert into allergy values ('S7223971Z', 'Alumnium')
insert into allergy values ('S8258369F', 'Celecoxib')
insert into allergy values ('S7217197T', 'Celecoxib')
insert into allergy values ('S7267677E', 'Benzyl Alcohol')
insert into allergy values ('S8216312N', 'Alumnium')
insert into allergy values ('S6267517Z', 'Beef products')
insert into allergy values ('S7228419U', 'Benzyl Alcohol')
insert into allergy values ('S7257637G', 'Albumin')
insert into allergy values ('S7257117P', 'Celecoxib')
insert into allergy values ('S7269224V', 'Androgens')
insert into allergy values ('S7273923C', 'Vancomcyn')
insert into allergy values ('S6261139W', 'Calcium ')
insert into allergy values ('S7227411X', 'Androgens')
insert into allergy values ('S7263477S', 'Alumnium')
insert into allergy values ('S7246717H', 'Vancomcyn')
insert into allergy values ('S8218449Y', 'Alumnium')
insert into allergy values ('S8283761O', 'Vancomcyn')
insert into allergy values ('S8216753V', 'Calcium ')
insert into allergy values ('S8356268I', 'Celecoxib')
insert into allergy values ('S7382208K', 'Celecoxib')
insert into allergy values ('S6359192P', 'Vancomcyn')
insert into allergy values ('S7320654M', 'Calcium ')
insert into allergy values ('S8310788R', 'Vancomcyn')
insert into allergy values ('S8386881S', 'Alumnium')
insert into allergy values ('S7370387T', 'Vancomcyn')
insert into allergy values ('S7321579R', 'Celecoxib')
insert into allergy values ('S6360780B', 'Alumnium')
insert into allergy values ('S7351935M', 'Alumnium')
insert into allergy values ('S7353790V', 'Vancomcyn')
insert into allergy values ('S8389611P', 'Albumin')
insert into allergy values ('S6343283V', 'Benzyl Alcohol')
insert into allergy values ('S7318665L', 'Calcium ')
insert into allergy values ('S6341442R', 'Albumin')
insert into allergy values ('S7310327M', 'Androgens')
insert into allergy values ('S7398570K', 'Calcium ')
insert into allergy values ('S6444767F', 'Benzyl Alcohol')
insert into allergy values ('S7479701V', 'Alumnium')
insert into allergy values ('S7443693E', 'Celecoxib')
insert into allergy values ('S8442952Z', 'Albumin')
insert into allergy values ('S6460940H', 'Celecoxib')
insert into allergy values ('S7438494X', 'Celecoxib')
insert into allergy values ('S7432505M', 'Celecoxib')
insert into allergy values ('S7496312D', 'Alumnium')
insert into allergy values ('S7439620Y', 'Beef products')
insert into allergy values ('S7455185K', 'Albumin')
insert into allergy values ('S7417173K', 'Androgens')
insert into allergy values ('S8450296O', 'Beef products')
insert into allergy values ('S8487906P', 'Calcium ')
insert into allergy values ('S6478104E', 'Alumnium')
insert into allergy values ('S7451931O', 'Androgens')
insert into allergy values ('S7434568M', 'Albumin')
insert into allergy values ('S7457253Y', 'Beef products')
insert into allergy values ('S7436389T', 'Beef products')
insert into allergy values ('S6449987U', 'Calcium ')
insert into allergy values ('S7465487E', 'Calcium ')
insert into allergy values ('S7449910Y', 'Vancomcyn')
insert into allergy values ('S8471587J', 'Benzyl Alcohol')
insert into allergy values ('S7578670R', 'Vancomcyn')
insert into allergy values ('S7534933E', 'Alumnium')
insert into allergy values ('S8533785A', 'Beef products')
insert into allergy values ('S6521341F', 'Beef products')
insert into allergy values ('S7579647C', 'Celecoxib')
insert into allergy values ('S7555534N', 'Benzyl Alcohol')
insert into allergy values ('S6599494U', 'Alumnium')
insert into allergy values ('S6519677Y', 'Androgens')
insert into allergy values ('S6594382J', 'Benzyl Alcohol')
insert into allergy values ('S7568109D', 'Benzyl Alcohol')
insert into allergy values ('S6594424C', 'Celecoxib')
insert into allergy values ('S7566381C', 'Androgens')
insert into allergy values ('S7584957I', 'Celecoxib')
insert into allergy values ('S7559561U', 'Alumnium')
insert into allergy values ('S7572737A', 'Benzyl Alcohol')
insert into allergy values ('S7574399D', 'Calcium ')
insert into allergy values ('S7543298P', 'Benzyl Alcohol')
insert into allergy values ('S6525621I', 'Androgens')
insert into allergy values ('S7563683E', 'Beef products')
insert into allergy values ('S6537826H', 'Alumnium')
insert into allergy values ('S8586402F', 'Benzyl Alcohol')
insert into allergy values ('S6562537B', 'Celecoxib')
insert into allergy values ('S7575645U', 'Albumin')
insert into allergy values ('S8522105T', 'Albumin')
insert into allergy values ('S8568662U', 'Beef products')
insert into allergy values ('S7579221J', 'Albumin')
insert into allergy values ('S6569400O', 'Albumin')
insert into allergy values ('S7581775E', 'Celecoxib')
insert into allergy values ('S8658530T', 'Calcium ')
insert into allergy values ('S7629944U', 'Vancomcyn')
insert into allergy values ('S7679911R', 'Androgens')
insert into allergy values ('S7637350X', 'Vancomcyn')
insert into allergy values ('S8620155D', 'Androgens')
insert into allergy values ('S7661617W', 'Beef products')
insert into allergy values ('S7630464O', 'Celecoxib')
insert into allergy values ('S7685186Y', 'Celecoxib')
insert into allergy values ('S8652792R', 'Albumin')
insert into allergy values ('S7682173K', 'Beef products')
insert into allergy values ('S6671466O', 'Calcium ')
insert into allergy values ('S8616827Z', 'Alumnium')
insert into allergy values ('S7638861J', 'Celecoxib')
insert into allergy values ('S7629685J', 'Calcium ')
insert into allergy values ('S6687109T', 'Calcium ')
insert into allergy values ('S7692445K', 'Alumnium')
insert into allergy values ('S7689627O', 'Beef products')
insert into allergy values ('S7658543V', 'Beef products')
insert into allergy values ('S8692808J', 'Celecoxib')
insert into allergy values ('S6669167M', 'Calcium ')
insert into allergy values ('S8666896M', 'Benzyl Alcohol')

CREATE TABLE medication(patient_id varchar(30), medicine text, dosage text, start_date text, end_date text)
insert into medication values ('S8284186E', 'Simvastatin 40mg', 'once a day, at night', '2006-01-07', '2006-01-12')
insert into medication values ('S8285084H', 'Azythromycine 500mg', 'once a day, 1 injectable solution intravenously', '2009-07-05', '2009-07-10')
insert into medication values ('S7155700M', 'Amiodarone 20mg', 'once a day, 1 tablet by mouth', '2007-02-07', '2007-02-11')
insert into medication values ('S7175840E', 'Ceftriaxone 1g', 'once a day, 1 injectable solution intravenously', '2007-01-09', '2007-01-16')
insert into medication values ('S7131566G', 'Lactulose 10mg', 'two times a day, 5ml by mouth', '2008-08-18', '2008-08-26')
insert into medication values ('S7195328V', 'Simvastatin 40mg', 'once a day, at night', '2008-04-15', '2008-04-23')
insert into medication values ('S7127561O', 'Ceftriaxone 1g', 'once a day, 1 injectable solution intravenously', '2008-08-14', '2008-08-19')
insert into medication values ('S6156259Y', 'Amiodarone 20mg', 'once a day, 1 tablet by mouth', '2007-12-16', '2007-12-21')
insert into medication values ('S8160113T', 'Amiodarone 20mg', 'once a day, 1 tablet by mouth', '2008-07-18', '2008-07-23')
insert into medication values ('S7113738O', 'Amiodarone 20mg', 'once a day, 1 tablet by mouth', '2008-11-04', '2008-11-08')
insert into medication values ('S7180349D', 'Amiodarone 20mg', 'once a day, 1 tablet by mouth', '2007-07-10', '2007-07-17')
insert into medication values ('S7127476Y', 'Ibufprofen 400mg', 'three times a day', '2009-04-17', '2009-04-23')
insert into medication values ('S7182216G', 'Ceftin 500mg', 'three times a day, 1 tablet by mouth', '2008-10-11', '2008-10-17')
insert into medication values ('S7128251H', 'Azythromycine 500mg', 'once a day, 1 injectable solution intravenously', '2009-06-03', '2009-06-08')
insert into medication values ('S6111140U', 'Amiodarone 20mg', 'once a day, 1 tablet by mouth', '2007-11-16', '2007-11-23')
insert into medication values ('S7142391Q', 'Lactulose 10mg', 'two times a day, 5ml by mouth', '2008-06-12', '2008-06-17')
insert into medication values ('S7143870K', 'Lactulose 10mg', 'two times a day, 5ml by mouth', '2007-04-06', '2007-04-11')
insert into medication values ('S8115971H', 'Ceftin 500mg', 'three times a day, 1 tablet by mouth', '2009-07-15', '2009-07-22')
insert into medication values ('S6116370S', 'Ceftriaxone 1g', 'once a day, 1 injectable solution intravenously', '2007-04-06', '2007-04-13')
insert into medication values ('S7223971Z', 'Ceftriaxone 1g', 'once a day, 1 injectable solution intravenously', '2007-06-03', '2007-06-09')
insert into medication values ('S8258369F', 'Lactulose 10mg', 'two times a day, 5ml by mouth', '2006-05-11', '2006-05-16')
insert into medication values ('S7217197T', 'Ceftin 500mg', 'three times a day, 1 tablet by mouth', '2009-02-19', '2009-02-26')
insert into medication values ('S7267677E', 'Lactulose 10mg', 'two times a day, 5ml by mouth', '2008-04-06', '2008-04-12')
insert into medication values ('S8216312N', 'Amiodarone 20mg', 'once a day, 1 tablet by mouth', '2007-05-15', '2007-05-20')
insert into medication values ('S6267517Z', 'Azythromycine 500mg', 'once a day, 1 injectable solution intravenously', '2008-10-05', '2008-10-11')
insert into medication values ('S7228419U', 'Amiodarone 20mg', 'once a day, 1 tablet by mouth', '2009-06-09', '2009-06-13')
insert into medication values ('S7257637G', 'Amiodarone 20mg', 'once a day, 1 tablet by mouth', '2008-05-20', '2008-05-26')
insert into medication values ('S7257117P', 'Azythromycine 500mg', 'once a day, 1 injectable solution intravenously', '2008-09-19', '2008-09-23')
insert into medication values ('S7269224V', 'Lipitor 20mg', 'once a day, at night', '2009-02-14', '2009-02-20')
insert into medication values ('S7273923C', 'Ceftin 500mg', 'three times a day, 1 tablet by mouth', '2008-07-07', '2008-07-11')
insert into medication values ('S6261139W', 'Amiodarone 20mg', 'once a day, 1 tablet by mouth', '2007-10-05', '2007-10-09')
insert into medication values ('S7227411X', 'Ceftin 500mg', 'three times a day, 1 tablet by mouth', '2008-09-11', '2008-09-19')
insert into medication values ('S7263477S', 'Amiodarone 20mg', 'once a day, 1 tablet by mouth', '2008-07-12', '2008-07-19')
insert into medication values ('S7246717H', 'Lactulose 10mg', 'two times a day, 5ml by mouth', '2009-03-08', '2009-03-15')
insert into medication values ('S8218449Y', 'Ibufprofen 400mg', 'three times a day', '2006-05-20', '2006-05-26')
insert into medication values ('S8283761O', 'Amiodarone 20mg', 'once a day, 1 tablet by mouth', '2006-11-18', '2006-11-25')
insert into medication values ('S8216753V', 'Azythromycine 500mg', 'once a day, 1 injectable solution intravenously', '2008-07-13', '2008-07-20')
insert into medication values ('S8356268I', 'Azythromycine 500mg', 'once a day, 1 injectable solution intravenously', '2007-10-14', '2007-10-21')
insert into medication values ('S7382208K', 'Simvastatin 40mg', 'once a day, at night', '2006-06-13', '2006-06-19')
insert into medication values ('S6359192P', 'Ibufprofen 400mg', 'three times a day', '2008-01-08', '2008-01-13')
insert into medication values ('S7320654M', 'Ceftriaxone 1g', 'once a day, 1 injectable solution intravenously', '2009-08-18', '2009-08-23')
insert into medication values ('S8310788R', 'Ceftriaxone 1g', 'once a day, 1 injectable solution intravenously', '2008-12-12', '2008-12-19')
insert into medication values ('S8386881S', 'Amiodarone 20mg', 'once a day, 1 tablet by mouth', '2006-02-16', '2006-02-23')
insert into medication values ('S7370387T', 'Ceftin 500mg', 'three times a day, 1 tablet by mouth', '2008-09-15', '2008-09-20')
insert into medication values ('S7321579R', 'Simvastatin 40mg', 'once a day, at night', '2006-11-17', '2006-11-24')
insert into medication values ('S6360780B', 'Azythromycine 500mg', 'once a day, 1 injectable solution intravenously', '2008-08-14', '2008-08-21')
insert into medication values ('S7351935M', 'Azythromycine 500mg', 'once a day, 1 injectable solution intravenously', '2008-11-12', '2008-11-19')
insert into medication values ('S7353790V', 'Simvastatin 40mg', 'once a day, at night', '2008-02-08', '2008-02-15')
insert into medication values ('S8389611P', 'Ceftriaxone 1g', 'once a day, 1 injectable solution intravenously', '2007-06-10', '2007-06-17')
insert into medication values ('S6343283V', 'Ibufprofen 400mg', 'three times a day', '2008-05-15', '2008-05-22')
insert into medication values ('S7318665L', 'Amiodarone 20mg', 'once a day, 1 tablet by mouth', '2007-02-11', '2007-02-18')
insert into medication values ('S6341442R', 'Lactulose 10mg', 'two times a day, 5ml by mouth', '2008-06-05', '2008-06-11')
insert into medication values ('S7310327M', 'Ceftin 500mg', 'three times a day, 1 tablet by mouth', '2009-03-01', '2009-03-06')
insert into medication values ('S7398570K', 'Ceftriaxone 1g', 'once a day, 1 injectable solution intravenously', '2007-11-07', '2007-11-15')
insert into medication values ('S6444767F', 'Azythromycine 500mg', 'once a day, 1 injectable solution intravenously', '2006-04-02', '2006-04-09')
insert into medication values ('S7479701V', 'Amiodarone 20mg', 'once a day, 1 tablet by mouth', '2008-10-18', '2008-10-23')
insert into medication values ('S7443693E', 'Simvastatin 40mg', 'once a day, at night', '2007-08-13', '2007-08-21')
insert into medication values ('S8442952Z', 'Ibufprofen 400mg', 'three times a day', '2006-05-16', '2006-05-20')
insert into medication values ('S6460940H', 'Lactulose 10mg', 'two times a day, 5ml by mouth', '2008-11-14', '2008-11-21')
insert into medication values ('S7438494X', 'Lactulose 10mg', 'two times a day, 5ml by mouth', '2007-12-06', '2007-12-12')
insert into medication values ('S7432505M', 'Ceftriaxone 1g', 'once a day, 1 injectable solution intravenously', '2009-08-13', '2009-08-20')
insert into medication values ('S7496312D', 'Simvastatin 40mg', 'once a day, at night', '2009-03-04', '2009-03-08')
insert into medication values ('S7439620Y', 'Amiodarone 20mg', 'once a day, 1 tablet by mouth', '2007-12-14', '2007-12-19')
insert into medication values ('S7455185K', 'Lactulose 10mg', 'two times a day, 5ml by mouth', '2007-05-11', '2007-05-19')
insert into medication values ('S7417173K', 'Lactulose 10mg', 'two times a day, 5ml by mouth', '2009-04-09', '2009-04-15')
insert into medication values ('S8450296O', 'Lactulose 10mg', 'two times a day, 5ml by mouth', '2009-06-18', '2009-06-24')
insert into medication values ('S8487906P', 'Lactulose 10mg', 'two times a day, 5ml by mouth', '2007-04-03', '2007-04-08')
insert into medication values ('S6478104E', 'Simvastatin 40mg', 'once a day, at night', '2008-10-04', '2008-10-10')
insert into medication values ('S7451931O', 'Simvastatin 40mg', 'once a day, at night', '2007-04-02', '2007-04-10')
insert into medication values ('S7434568M', 'Simvastatin 40mg', 'once a day, at night', '2007-07-09', '2007-07-15')
insert into medication values ('S7457253Y', 'Ibufprofen 400mg', 'three times a day', '2007-06-19', '2007-06-26')
insert into medication values ('S7436389T', 'Ibufprofen 400mg', 'three times a day', '2007-05-19', '2007-05-25')
insert into medication values ('S6449987U', 'Azythromycine 500mg', 'once a day, 1 injectable solution intravenously', '2007-02-09', '2007-02-13')
insert into medication values ('S7465487E', 'Ceftriaxone 1g', 'once a day, 1 injectable solution intravenously', '2006-05-08', '2006-05-15')
insert into medication values ('S7449910Y', 'Ceftin 500mg', 'three times a day, 1 tablet by mouth', '2009-05-16', '2009-05-22')
insert into medication values ('S8471587J', 'Simvastatin 40mg', 'once a day, at night', '2006-07-16', '2006-07-24')
insert into medication values ('S7578670R', 'Ceftin 500mg', 'three times a day, 1 tablet by mouth', '2007-05-19', '2007-05-25')
insert into medication values ('S7534933E', 'Simvastatin 40mg', 'once a day, at night', '2009-05-19', '2009-05-25')
insert into medication values ('S8533785A', 'Amiodarone 20mg', 'once a day, 1 tablet by mouth', '2007-08-11', '2007-08-19')
insert into medication values ('S6521341F', 'Ceftin 500mg', 'three times a day, 1 tablet by mouth', '2007-08-14', '2007-08-21')
insert into medication values ('S7579647C', 'Ibufprofen 400mg', 'three times a day', '2006-08-06', '2006-08-10')
insert into medication values ('S7555534N', 'Azythromycine 500mg', 'once a day, 1 injectable solution intravenously', '2007-08-05', '2007-08-10')
insert into medication values ('S6599494U', 'Ibufprofen 400mg', 'three times a day', '2007-08-07', '2007-08-14')
insert into medication values ('S6519677Y', 'Ibufprofen 400mg', 'three times a day', '2007-05-02', '2007-05-08')
insert into medication values ('S6594382J', 'Azythromycine 500mg', 'once a day, 1 injectable solution intravenously', '2008-04-14', '2008-04-18')
insert into medication values ('S7568109D', 'Ceftriaxone 1g', 'once a day, 1 injectable solution intravenously', '2008-05-19', '2008-05-27')
insert into medication values ('S6594424C', 'Amiodarone 20mg', 'once a day, 1 tablet by mouth', '2008-08-15', '2008-08-20')
insert into medication values ('S7566381C', 'Simvastatin 40mg', 'once a day, at night', '2006-02-05', '2006-02-11')
insert into medication values ('S7584957I', 'Simvastatin 40mg', 'once a day, at night', '2007-03-13', '2007-03-17')
insert into medication values ('S7559561U', 'Azythromycine 500mg', 'once a day, 1 injectable solution intravenously', '2008-07-01', '2008-07-06')
insert into medication values ('S7572737A', 'Azythromycine 500mg', 'once a day, 1 injectable solution intravenously', '2008-04-17', '2008-04-24')
insert into medication values ('S7574399D', 'Amiodarone 20mg', 'once a day, 1 tablet by mouth', '2006-02-11', '2006-02-15')
insert into medication values ('S7543298P', 'Ibufprofen 400mg', 'three times a day', '2007-03-04', '2007-03-09')
insert into medication values ('S6525621I', 'Simvastatin 40mg', 'once a day, at night', '2006-02-01', '2006-02-05')
insert into medication values ('S7563683E', 'Lactulose 10mg', 'two times a day, 5ml by mouth', '2007-07-12', '2007-07-19')
insert into medication values ('S6537826H', 'Simvastatin 40mg', 'once a day, at night', '2007-06-09', '2007-06-13')
insert into medication values ('S8586402F', 'Azythromycine 500mg', 'once a day, 1 injectable solution intravenously', '2007-12-16', '2007-12-24')
insert into medication values ('S6562537B', 'Amiodarone 20mg', 'once a day, 1 tablet by mouth', '2006-07-13', '2006-07-19')
insert into medication values ('S7575645U', 'Ceftriaxone 1g', 'once a day, 1 injectable solution intravenously', '2007-08-19', '2007-08-26')
insert into medication values ('S8522105T', 'Azythromycine 500mg', 'once a day, 1 injectable solution intravenously', '2008-07-10', '2008-07-15')
insert into medication values ('S8568662U', 'Lipitor 20mg', 'once a day, at night', '2008-03-06', '2008-03-13')
insert into medication values ('S7579221J', 'Lactulose 10mg', 'two times a day, 5ml by mouth', '2008-02-14', '2008-02-19')
insert into medication values ('S6569400O', 'Lipitor 20mg', 'once a day, at night', '2007-03-12', '2007-03-18')
insert into medication values ('S7581775E', 'Amiodarone 20mg', 'once a day, 1 tablet by mouth', '2008-04-17', '2008-04-21')
insert into medication values ('S8658530T', 'Simvastatin 40mg', 'once a day, at night', '2008-03-18', '2008-03-26')
insert into medication values ('S7629944U', 'Lipitor 20mg', 'once a day, at night', '2007-05-10', '2007-05-17')
insert into medication values ('S7679911R', 'Lactulose 10mg', 'two times a day, 5ml by mouth', '2007-06-02', '2007-06-06')
insert into medication values ('S7637350X', 'Lactulose 10mg', 'two times a day, 5ml by mouth', '2007-02-17', '2007-02-22')
insert into medication values ('S8620155D', 'Lactulose 10mg', 'two times a day, 5ml by mouth', '2008-04-08', '2008-04-13')
insert into medication values ('S7661617W', 'Amiodarone 20mg', 'once a day, 1 tablet by mouth', '2007-09-14', '2007-09-19')
insert into medication values ('S7630464O', 'Ibufprofen 400mg', 'three times a day', '2009-08-11', '2009-08-18')
insert into medication values ('S7685186Y', 'Azythromycine 500mg', 'once a day, 1 injectable solution intravenously', '2008-07-01', '2008-07-07')
insert into medication values ('S8652792R', 'Ibufprofen 400mg', 'three times a day', '2008-01-03', '2008-01-09')
insert into medication values ('S7682173K', 'Ibufprofen 400mg', 'three times a day', '2007-10-07', '2007-10-13')
insert into medication values ('S6671466O', 'Ceftriaxone 1g', 'once a day, 1 injectable solution intravenously', '2009-07-04', '2009-07-10')
insert into medication values ('S8616827Z', 'Simvastatin 40mg', 'once a day, at night', '2007-05-01', '2007-05-08')
insert into medication values ('S7638861J', 'Azythromycine 500mg', 'once a day, 1 injectable solution intravenously', '2006-09-10', '2006-09-17')
insert into medication values ('S7629685J', 'Ibufprofen 400mg', 'three times a day', '2008-08-18', '2008-08-24')
insert into medication values ('S6687109T', 'Ceftin 500mg', 'three times a day, 1 tablet by mouth', '2007-03-13', '2007-03-18')
insert into medication values ('S7692445K', 'Ibufprofen 400mg', 'three times a day', '2006-03-15', '2006-03-23')
insert into medication values ('S7689627O', 'Simvastatin 40mg', 'once a day, at night', '2007-09-03', '2007-09-09')
insert into medication values ('S7658543V', 'Lipitor 20mg', 'once a day, at night', '2008-08-08', '2008-08-12')
insert into medication values ('S8692808J', 'Amiodarone 20mg', 'once a day, 1 tablet by mouth', '2008-02-13', '2008-02-20')
insert into medication values ('S6669167M', 'Azythromycine 500mg', 'once a day, 1 injectable solution intravenously', '2007-12-09', '2007-12-14')
insert into medication values ('S8666896M', 'Amiodarone 20mg', 'once a day, 1 tablet by mouth', '2007-05-18', '2007-05-25')
