drop database if exists localdb
create database if not exists localdb
use localdb

CREATE TABLE patient(patient_id varchar(30) NOT NULL, first_name text, last_name text, date_of_birth text, age integer, gender text, address text, nationality text, CONSTRAINT patient_pkey PRIMARY KEY (patient_id))
insert into patient values ('S8356268I', 'TECK WEE', 'TAN', '1976-04-08', 33, 'female', 'Keppel', 'Singaporean')
insert into patient values ('S7353938K', 'CHEE KEONG', 'PAN', '1978-11-05', 31, 'male', 'Chinatown', 'Singaporean')
insert into patient values ('S6370607N', 'SU-LYNN JAN', 'LEE', '1987-06-20', 22, 'female', 'Bedok', 'Singaporean')
insert into patient values ('S7354922N', 'WEE TUAN', 'KHOO', '1970-10-25', 39, 'male', 'Changi', 'Singaporean')
insert into patient values ('S6392829O', 'SHIAW YONG', 'PHAN', '1973-06-12', 36, 'female', 'Chinatown', 'Singaporean')
insert into patient values ('S6332322J', 'HON CHIEW DENNIS', 'HO', '1983-06-28', 26, 'male', 'Punggol', 'Singaporean')
insert into patient values ('S7344701D', 'SUE CHEK', 'LIM', '1972-03-23', 37, 'male', 'Keppel', 'Singaporean')
insert into patient values ('S8330695C', 'EE LIN JAROD', 'ONG', '1989-11-24', 20, 'female', 'Toa Payo', 'Singaporean')
insert into patient values ('S8354379D', 'MEI FEN', 'YUAN', '1970-07-17', 39, 'female', 'Toa Payo', 'Singaporean')
insert into patient values ('S6339756U', 'PECK YING CHRISTINA', 'CHEONG', '1974-03-08', 35, 'female', 'Punggol', 'Singaporean')
insert into patient values ('S7366807V', 'SWEE HONG', 'KWEK', '1971-07-05', 38, 'female', 'Punggol', 'Singaporean')
insert into patient values ('S8321833M', 'TUCK YEE VINCENT', 'MARK', '1976-03-20', 33, 'female', 'Bedok', 'Singaporean')
insert into patient values ('S7319306N', 'WEE LIANG', 'LIM', '1973-07-21', 36, 'male', 'Chinatown', 'Singaporean')
insert into patient values ('S7351348X', 'SU FEN JASMINE', 'THAM', '1975-12-13', 34, 'female', 'Toa Payo', 'Singaporean')
insert into patient values ('S8321848R', 'CHEE KIAT', 'TAN', '1985-03-22', 24, 'male', 'Keppel', 'Singaporean')
insert into patient values ('S6332149E', 'YU LANG JOANNA', 'GOH', '1972-04-11', 37, 'male', 'Keppel', 'Singaporean')
insert into patient values ('S8363914P', 'TZE KERN', 'LIM', '1982-12-16', 27, 'male', 'Toa Payo', 'Singaporean')
insert into patient values ('S6340168T', 'KHYE YEIEN', 'CHAI', '1971-11-20', 38, 'female', 'Changi', 'Singaporean')
insert into patient values ('S8394586K', 'CHEE SIONG', 'HEW', '1980-02-20', 29, 'male', 'Bedok', 'Singaporean')
insert into patient values ('S7382208K', 'WAI MENG', 'TAM', '1969-08-08', 40, 'male', 'Punggol', 'Singaporean')
insert into patient values ('S7331686I', 'KEE LEE', 'GOH', '1980-10-20', 29, 'male', 'Keppel', 'Singaporean')
insert into patient values ('S6323154Z', 'SHUIT FUN', 'CHAN', '1985-07-14', 24, 'female', 'Changi', 'Singaporean')
insert into patient values ('S6338514U', 'ZEE KEONG', 'LIM', '1974-12-22', 35, 'female', 'Dover', 'Singaporean')
insert into patient values ('S8315678N', 'KAM HUNG', 'CHIU', '1973-07-13', 36, 'female', 'Bedok', 'Singaporean')
insert into patient values ('S6381712I', 'YAN', 'RONG', '1982-10-27', 27, 'male', 'Dover', 'Singaporean')
insert into patient values ('S8392300S', 'JUN SIEW CHRISTOPHER', 'HAN', '1987-04-18', 22, 'male', 'Punggol', 'Singaporean')
insert into patient values ('S6317955G', 'GEOK CHUAN', 'TOH', '1978-02-12', 31, 'female', 'Chinatown', 'Singaporean')
insert into patient values ('S6323179R', 'WEE PING', 'KOH', '1984-06-23', 25, 'male', 'Keppel', 'Singaporean')
insert into patient values ('S7371370M', 'TECK CHEK', 'CHEW', '1987-11-08', 22, 'male', 'Punggol', 'Singaporean')
insert into patient values ('S8397392C', 'NAM YUEN', 'WONG', '1982-05-24', 27, 'female', 'Bedok', 'Singaporean')
insert into patient values ('S8366711U', 'CHIN WEI', 'LER', '1982-01-09', 27, 'female', 'Bedok', 'Singaporean')
insert into patient values ('S8346404H', 'PUOK YUEE', 'TAN', '1984-06-22', 25, 'male', 'Punggol', 'Singaporean')
insert into patient values ('S6371861D', 'HENG LENG', 'KWAN', '1972-06-27', 37, 'female', 'Changi', 'Singaporean')
insert into patient values ('S7330529U', 'WEE THOE', 'SEET', '1979-06-26', 30, 'male', 'Dover', 'Singaporean')
insert into patient values ('S7366220W', 'SWEE YANG EDMUND', 'LOW', '1982-09-08', 27, 'female', 'Punggol', 'Singaporean')
insert into patient values ('S7366461V', 'YIAN', 'LIM', '1979-05-20', 30, 'female', 'Keppel', 'Singaporean')
insert into patient values ('S7387895Y', 'WEI WEI', 'LING', '1978-05-17', 31, 'female', 'Changi', 'Singaporean')
insert into patient values ('S6359192P', 'SEAN MAY', 'WONG', '1975-02-08', 34, 'male', 'Keppel', 'Singaporean')
insert into patient values ('S7320654M', 'CHEE MENG', 'PANG', '1975-10-05', 34, 'male', 'Toa Payo', 'Singaporean')
insert into patient values ('S7384773Z', 'HENG WEE', 'TAN', '1983-07-14', 26, 'male', 'Bedok', 'Singaporean')
insert into patient values ('S6395234W', 'CHEUN HONG', 'LEW', '1976-03-07', 33, 'male', 'Toa Payo', 'Singaporean')
insert into patient values ('S8310788R', 'JIE', 'ZHAO', '1974-10-09', 35, 'female', 'Keppel', 'Singaporean')
insert into patient values ('S8347348W', 'CHOON SENG', 'TAN', '1974-12-14', 35, 'female', 'Bedok', 'Singaporean')
insert into patient values ('S7397804S', 'CHOW PING', 'KOH', '1987-04-23', 22, 'female', 'Dover', 'Singaporean')
insert into patient values ('S7395774M', 'MENG', 'HU', '1983-09-15', 26, 'female', 'Punggol', 'Singaporean')
insert into patient values ('S6332466Y', 'CHI KI GRACE', 'MUI', '1987-08-04', 22, 'female', 'Changi', 'Singaporean')
insert into patient values ('S8352646D', 'LIANG HENG MICHAEL', 'WONG', '1976-01-28', 33, 'female', 'Changi', 'Singaporean')
insert into patient values ('S8326937L', 'AIK KANG', 'TAN', '1970-05-13', 39, 'female', 'Bedok', 'Singaporean')
insert into patient values ('S8331218P', 'YU ENG', 'ONG', '1976-07-25', 33, 'female', 'Punggol', 'Singaporean')
insert into patient values ('S7366486F', 'HAN CHIN MICHAEL', 'LEONG', '1977-07-13', 32, 'male', 'Chinatown', 'Singaporean')
insert into patient values ('S7390982J', 'SOOK YEE', 'LIEW', '1989-02-02', 20, 'male', 'Dover', 'Singaporean')
insert into patient values ('S8386881S', 'CHOR CHOW', 'SENG', '1973-08-13', 36, 'male', 'Katong', 'Singaporean')
insert into patient values ('S6382349G', 'KIANG WEE', 'LIM', '1977-03-22', 32, 'female', 'Katong', 'Singaporean')
insert into patient values ('S8357257D', 'JAFFREY', 'AW', '1976-06-19', 33, 'male', 'Katong', 'Singaporean')
insert into patient values ('S7357699S', 'SOO JIN ADRIAN', 'KOH', '1983-10-26', 26, 'male', 'Keppel', 'Singaporean')
insert into patient values ('S8343438Q', 'KIAN GUAN RAPHAEL', 'HENG', '1977-01-09', 32, 'male', 'Katong', 'Singaporean')
insert into patient values ('S6323706O', 'LOONG', 'WEE', '1980-02-07', 29, 'female', 'Punggol', 'Singaporean')
insert into patient values ('S7352356O', 'SHAN TOM', 'WONG', '1971-06-09', 38, 'female', 'Changi', 'Singaporean')
insert into patient values ('S8374866W', 'ON YEE ANNIE', 'YIP', '1978-04-21', 31, 'male', 'Chinatown', 'Singaporean')
insert into patient values ('S7370387T', 'KHIM KWEE', 'LEE', '1988-03-20', 21, 'female', 'Dover', 'Singaporean')
insert into patient values ('S7321579R', 'KIEN LENG LAWRENCE', 'LEE', '1985-06-21', 24, 'male', 'Changi', 'Singaporean')
insert into patient values ('S7340487E', 'JEE HOU TITUS', 'NG', '1975-04-15', 34, 'male', 'Dover', 'Singaporean')
insert into patient values ('S7398273N', 'BIN SELAMAT', 'HENDRIAWAN', '1973-09-12', 36, 'male', 'Punggol', 'Singaporean')
insert into patient values ('S6343331Z', 'SU CHERN', 'TAN', '1975-01-03', 34, 'male', 'Toa Payo', 'Singaporean')
insert into patient values ('S6360780B', 'CHEE MUN RONNIE', 'CHEW', '1971-12-12', 38, 'male', 'Punggol', 'Singaporean')
insert into patient values ('S7351935M', 'SIN LE', 'TAN', '1977-04-16', 32, 'male', 'Changi', 'Singaporean')
insert into patient values ('S7364395J', 'CHUGUANG ISAAC', 'CHUA', '1982-06-26', 27, 'male', 'Changi', 'Singaporean')
insert into patient values ('S6382271R', 'MENG', 'HU', '1977-05-10', 32, 'female', 'Keppel', 'Singaporean')
insert into patient values ('S7386251U', 'TZE KHIANG', 'NG', '1988-04-18', 21, 'male', 'Dover', 'Singaporean')
insert into patient values ('S7382758J', 'SZE KIAT', 'LAU', '1986-06-28', 23, 'female', 'Chinatown', 'Singaporean')
insert into patient values ('S6345941P', 'KONG FAI', 'CHAN', '1975-09-06', 34, 'female', 'Toa Payo', 'Singaporean')
insert into patient values ('S7359927X', 'YEE WEN', 'ENG', '1988-03-08', 21, 'female', 'Dover', 'Singaporean')
insert into patient values ('S8327539V', 'SWEE CHIANG', 'MAK', '1974-05-12', 35, 'female', 'Chinatown', 'Singaporean')
insert into patient values ('S7394368A', 'WEE MING', 'KWOK', '1971-02-07', 38, 'female', 'Katong', 'Singaporean')
insert into patient values ('S7353790V', 'KIA HEONG', 'HENG', '1984-05-27', 25, 'female', 'Bedok', 'Singaporean')
insert into patient values ('S6394598V', 'KEE LEE', 'GOH', '1971-12-10', 38, 'female', 'Toa Payo', 'Singaporean')
insert into patient values ('S8389611P', 'SOON HONG', 'TAN', '1969-10-07', 40, 'male', 'Punggol', 'Singaporean')
insert into patient values ('S8330857G', 'SHENG QIN TIMOTHY', 'LIM', '1989-11-03', 20, 'male', 'Bedok', 'Singaporean')
insert into patient values ('S6343283V', 'CHUN WEI', 'NG', '1987-05-25', 22, 'male', 'Bedok', 'Singaporean')
insert into patient values ('S7318665L', 'CHIN WEI', 'LER', '1979-01-15', 30, 'male', 'Changi', 'Singaporean')
insert into patient values ('S6341442R', 'FARESH BIN KAMISH', 'MUHAMAD', '1988-02-26', 21, 'female', 'Changi', 'Singaporean')
insert into patient values ('S7372520B', 'DENISE', 'HENG', '1982-04-16', 27, 'male', 'Toa Payo', 'Singaporean')
insert into patient values ('S7382815L', 'WING YIN', 'LAM', '1989-06-27', 20, 'male', 'Chinatown', 'Singaporean')
insert into patient values ('S7377430C', 'CHUN PUI', 'CHIN', '1977-07-24', 32, 'male', 'Changi', 'Singaporean')
insert into patient values ('S7310327M', 'KIT YING', 'CHAN', '1976-07-03', 33, 'male', 'Changi', 'Singaporean')
insert into patient values ('S7330697B', 'MON HON', 'LEE', '1971-05-15', 38, 'male', 'Keppel', 'Singaporean')
insert into patient values ('S6320395H', 'KEE FUI TURNER', 'LAM', '1980-01-11', 29, 'male', 'Keppel', 'Singaporean')
insert into patient values ('S6384602L', 'WAI LEONG', 'WONG', '1982-12-15', 27, 'female', 'Katong', 'Singaporean')
insert into patient values ('S6312883B', 'TANG YING YUEN', 'KEVIN', '1984-05-20', 25, 'male', 'Bedok', 'Singaporean')
insert into patient values ('S7339737R', 'TZE KERN', 'LIM', '1979-06-02', 30, 'female', 'Changi', 'Singaporean')
insert into patient values ('S7328889X', 'JIN YIN IRENE', 'TIONG', '1970-09-10', 39, 'female', 'Changi', 'Singaporean')
insert into patient values ('S8376622S', 'YONG SIN JACOB', 'SNG', '1969-10-18', 40, 'male', 'Katong', 'Singaporean')
insert into patient values ('S7398570K', 'ROGER', 'FONG', '1979-10-05', 30, 'male', 'Toa Payo', 'Singaporean')
insert into patient values ('S7333477M', 'MAN HON', 'NG', '1974-11-21', 35, 'male', 'Punggol', 'Singaporean')
insert into patient values ('S6321437N', 'SUNG WAI', 'YEUNG', '1985-08-06', 24, 'female', 'Katong', 'Singaporean')
insert into patient values ('S6335132Q', 'KOK CHIEW', 'CHAI', '1981-02-22', 28, 'male', 'Bedok', 'Singaporean')
insert into patient values ('S8327191E', 'SAW WEI', 'LEONG', '1977-09-17', 32, 'female', 'Keppel', 'Singaporean')
insert into patient values ('S7382820F', 'CHERN YANG', 'LEOW', '1988-09-26', 21, 'female', 'Dover', 'Singaporean')
insert into patient values ('S6336253D', 'KUAN YIH', 'GEOW', '1975-11-11', 34, 'male', 'Chinatown', 'Singaporean')
insert into patient values ('S7350568B', 'SU ZANNE', 'SIEW', '1976-05-27', 33, 'female', 'Bedok', 'Singaporean')
insert into patient values ('S6318425A', 'HWEE CHUAN', 'GOH', '1981-09-27', 28, 'female', 'Bedok', 'Singaporean')
insert into patient values ('S8337169R', 'YINKO JONATHAN CHEN SHIM', 'LEUNG', '1979-10-09', 30, 'female', 'Punggol', 'Singaporean')
insert into patient values ('S7326195K', 'LINNA', 'THUM', '1989-02-18', 20, 'male', 'Bedok', 'Singaporean')
insert into patient values ('S7383130G', 'JEE HOU TITUS', 'NG', '1985-07-03', 24, 'male', 'Dover', 'Singaporean')
insert into patient values ('S7337939H', 'SIEW LEE', 'SEAH', '1984-12-14', 25, 'male', 'Changi', 'Singaporean')
insert into patient values ('S7340620C', 'KWOK WEI', 'NG', '1975-11-14', 34, 'male', 'Keppel', 'Singaporean')
insert into patient values ('S8384633W', 'YI-LYN JILLIAN', 'LIM', '1989-11-10', 20, 'male', 'Keppel', 'Singaporean')
insert into patient values ('S7379545W', 'SHYANG ZHENG', 'LIM', '1982-01-17', 27, 'male', 'Changi', 'Singaporean')
insert into patient values ('S7373626W', 'OLARIKOVIT', 'NUTHAVIT', '1974-08-04', 35, 'male', 'Dover', 'Singaporean')
insert into patient values ('S6379136H', 'SEOW AIK', 'YEO', '1971-10-09', 38, 'male', 'Punggol', 'Singaporean')

CREATE TABLE physician(physician_id varchar(30) NOT NULL, first_name text, last_name text, CONSTRAINT patient_pkey PRIMARY KEY (physician_id))
insert into physician values ('PH3000001', 'LEONG', 'HAN CHIN MICHAEL')
insert into physician values ('PH3000002', 'LOH', 'KAR WEI')

CREATE TABLE treat(patient_id varchar(30), physician_id varchar(30), start_date text, end_date text)
insert into treat values ('S8284186E', 'PH3000001', '2007-01-13', '2007-01-18')
insert into treat values ('S8284186E', 'PH3000002', '2007-01-13', '2007-01-17')
insert into treat values ('S8285084H', 'PH3000001', '2008-09-05', '2008-09-11')
insert into treat values ('S8285084H', 'PH3000002', '2008-09-05', '2008-09-10')
insert into treat values ('S7155700M', 'PH3000001', '2008-10-18', '2008-10-23')
insert into treat values ('S7155700M', 'PH3000002', '2008-10-18', '2008-10-26')
insert into treat values ('S7175840E', 'PH3000001', '2006-06-03', '2006-06-09')
insert into treat values ('S7175840E', 'PH3000002', '2006-06-03', '2006-06-07')
insert into treat values ('S7131566G', 'PH3000001', '2006-09-12', '2006-09-16')
insert into treat values ('S7131566G', 'PH3000002', '2006-09-12', '2006-09-19')
insert into treat values ('S7195328V', 'PH3000001', '2007-11-19', '2007-11-26')
insert into treat values ('S7195328V', 'PH3000002', '2007-11-19', '2007-11-26')
insert into treat values ('S7127561O', 'PH3000001', '2007-07-05', '2007-07-09')
insert into treat values ('S7127561O', 'PH3000002', '2007-07-05', '2007-07-13')
insert into treat values ('S6156259Y', 'PH3000001', '2006-11-04', '2006-11-10')
insert into treat values ('S6156259Y', 'PH3000002', '2006-11-04', '2006-11-09')
insert into treat values ('S8160113T', 'PH3000001', '2008-11-09', '2008-11-16')
insert into treat values ('S8160113T', 'PH3000002', '2008-11-09', '2008-11-15')
insert into treat values ('S7113738O', 'PH3000001', '2009-06-06', '2009-06-11')
insert into treat values ('S7113738O', 'PH3000002', '2009-06-06', '2009-06-13')
insert into treat values ('S7180349D', 'PH3000001', '2008-08-02', '2008-08-08')
insert into treat values ('S7180349D', 'PH3000002', '2008-08-02', '2008-08-09')
insert into treat values ('S7127476Y', 'PH3000001', '2007-05-14', '2007-05-19')
insert into treat values ('S7127476Y', 'PH3000002', '2007-05-14', '2007-05-19')
insert into treat values ('S7182216G', 'PH3000001', '2007-09-03', '2007-09-10')
insert into treat values ('S7182216G', 'PH3000002', '2007-09-03', '2007-09-07')
insert into treat values ('S7128251H', 'PH3000001', '2006-06-15', '2006-06-23')
insert into treat values ('S7128251H', 'PH3000002', '2006-06-15', '2006-06-21')
insert into treat values ('S6111140U', 'PH3000001', '2008-07-08', '2008-07-15')
insert into treat values ('S6111140U', 'PH3000002', '2008-07-08', '2008-07-15')
insert into treat values ('S7142391Q', 'PH3000001', '2007-11-09', '2007-11-14')
insert into treat values ('S7142391Q', 'PH3000002', '2007-11-09', '2007-11-16')
insert into treat values ('S7143870K', 'PH3000001', '2006-09-08', '2006-09-13')
insert into treat values ('S7143870K', 'PH3000002', '2006-09-08', '2006-09-15')
insert into treat values ('S8115971H', 'PH3000001', '2009-06-17', '2009-06-24')
insert into treat values ('S8115971H', 'PH3000002', '2009-06-17', '2009-06-24')
insert into treat values ('S6116370S', 'PH3000001', '2007-04-05', '2007-04-11')
insert into treat values ('S6116370S', 'PH3000002', '2007-04-05', '2007-04-10')
insert into treat values ('S7223971Z', 'PH3000001', '2008-09-05', '2008-09-11')
insert into treat values ('S7223971Z', 'PH3000002', '2008-09-05', '2008-09-12')
insert into treat values ('S8258369F', 'PH3000001', '2009-05-07', '2009-05-12')
insert into treat values ('S8258369F', 'PH3000002', '2009-05-07', '2009-05-13')
insert into treat values ('S7217197T', 'PH3000001', '2009-03-13', '2009-03-20')
insert into treat values ('S7217197T', 'PH3000002', '2009-03-13', '2009-03-20')
insert into treat values ('S7267677E', 'PH3000001', '2009-08-16', '2009-08-21')
insert into treat values ('S7267677E', 'PH3000002', '2009-08-16', '2009-08-23')
insert into treat values ('S8216312N', 'PH3000001', '2007-03-05', '2007-03-10')
insert into treat values ('S8216312N', 'PH3000002', '2007-03-05', '2007-03-10')
insert into treat values ('S6267517Z', 'PH3000001', '2007-01-02', '2007-01-08')
insert into treat values ('S6267517Z', 'PH3000002', '2007-01-02', '2007-01-09')
insert into treat values ('S7228419U', 'PH3000001', '2008-08-16', '2008-08-21')
insert into treat values ('S7228419U', 'PH3000002', '2008-08-16', '2008-08-24')
insert into treat values ('S7257637G', 'PH3000001', '2009-04-12', '2009-04-17')
insert into treat values ('S7257637G', 'PH3000002', '2009-04-12', '2009-04-17')
insert into treat values ('S7257117P', 'PH3000001', '2007-02-05', '2007-02-12')
insert into treat values ('S7257117P', 'PH3000002', '2007-02-05', '2007-02-12')
insert into treat values ('S7269224V', 'PH3000001', '2008-04-07', '2008-04-12')
insert into treat values ('S7269224V', 'PH3000002', '2008-04-07', '2008-04-13')
insert into treat values ('S7273923C', 'PH3000001', '2007-03-04', '2007-03-10')
insert into treat values ('S7273923C', 'PH3000002', '2007-03-04', '2007-03-11')
insert into treat values ('S6261139W', 'PH3000001', '2008-10-16', '2008-10-21')
insert into treat values ('S6261139W', 'PH3000002', '2008-10-16', '2008-10-20')
insert into treat values ('S7227411X', 'PH3000001', '2006-04-04', '2006-04-11')
insert into treat values ('S7227411X', 'PH3000002', '2006-04-04', '2006-04-08')
insert into treat values ('S7263477S', 'PH3000001', '2007-06-18', '2007-06-26')
insert into treat values ('S7263477S', 'PH3000002', '2007-06-18', '2007-06-22')
insert into treat values ('S7246717H', 'PH3000001', '2006-02-02', '2006-02-09')
insert into treat values ('S7246717H', 'PH3000002', '2006-02-02', '2006-02-08')
insert into treat values ('S8218449Y', 'PH3000001', '2008-05-03', '2008-05-10')
insert into treat values ('S8218449Y', 'PH3000002', '2008-05-03', '2008-05-10')
insert into treat values ('S8283761O', 'PH3000001', '2006-09-02', '2006-09-10')
insert into treat values ('S8283761O', 'PH3000002', '2006-09-02', '2006-09-06')
insert into treat values ('S8216753V', 'PH3000001', '2008-04-17', '2008-04-22')
insert into treat values ('S8216753V', 'PH3000002', '2008-04-17', '2008-04-22')
insert into treat values ('S8356268I', 'PH3000001', '2009-05-11', '2009-05-18')
insert into treat values ('S8356268I', 'PH3000002', '2009-05-11', '2009-05-17')
insert into treat values ('S7382208K', 'PH3000001', '2007-03-20', '2007-03-24')
insert into treat values ('S7382208K', 'PH3000002', '2007-03-20', '2007-03-25')
insert into treat values ('S6359192P', 'PH3000001', '2009-04-07', '2009-04-13')
insert into treat values ('S6359192P', 'PH3000002', '2009-04-07', '2009-04-13')
insert into treat values ('S7320654M', 'PH3000001', '2006-06-14', '2006-06-21')
insert into treat values ('S7320654M', 'PH3000002', '2006-06-14', '2006-06-19')
insert into treat values ('S8310788R', 'PH3000001', '2007-03-17', '2007-03-22')
insert into treat values ('S8310788R', 'PH3000002', '2007-03-17', '2007-03-24')
insert into treat values ('S8386881S', 'PH3000001', '2007-11-14', '2007-11-19')
insert into treat values ('S8386881S', 'PH3000002', '2007-11-14', '2007-11-22')
insert into treat values ('S7370387T', 'PH3000001', '2007-11-19', '2007-11-23')
insert into treat values ('S7370387T', 'PH3000002', '2007-11-19', '2007-11-24')
insert into treat values ('S7321579R', 'PH3000001', '2008-03-15', '2008-03-22')
insert into treat values ('S7321579R', 'PH3000002', '2008-03-15', '2008-03-21')
insert into treat values ('S6360780B', 'PH3000001', '2008-06-10', '2008-06-14')
insert into treat values ('S6360780B', 'PH3000002', '2008-06-10', '2008-06-16')
insert into treat values ('S7351935M', 'PH3000001', '2007-01-08', '2007-01-15')
insert into treat values ('S7351935M', 'PH3000002', '2007-01-08', '2007-01-14')
insert into treat values ('S7353790V', 'PH3000001', '2008-10-02', '2008-10-08')
insert into treat values ('S7353790V', 'PH3000002', '2008-10-02', '2008-10-09')
insert into treat values ('S8389611P', 'PH3000001', '2007-01-19', '2007-01-24')
insert into treat values ('S8389611P', 'PH3000002', '2007-01-19', '2007-01-24')
insert into treat values ('S6343283V', 'PH3000001', '2007-12-02', '2007-12-08')
insert into treat values ('S6343283V', 'PH3000002', '2007-12-02', '2007-12-08')
insert into treat values ('S7318665L', 'PH3000001', '2007-08-02', '2007-08-08')
insert into treat values ('S7318665L', 'PH3000002', '2007-08-02', '2007-08-09')
insert into treat values ('S6341442R', 'PH3000001', '2009-02-08', '2009-02-14')
insert into treat values ('S6341442R', 'PH3000002', '2009-02-08', '2009-02-15')
insert into treat values ('S7310327M', 'PH3000001', '2007-01-08', '2007-01-12')
insert into treat values ('S7310327M', 'PH3000002', '2007-01-08', '2007-01-15')
insert into treat values ('S7398570K', 'PH3000001', '2008-02-02', '2008-02-10')
insert into treat values ('S7398570K', 'PH3000002', '2008-02-02', '2008-02-07')
insert into treat values ('S6444767F', 'PH3000001', '2008-08-05', '2008-08-13')
insert into treat values ('S6444767F', 'PH3000002', '2008-08-05', '2008-08-11')
insert into treat values ('S7479701V', 'PH3000001', '2009-02-13', '2009-02-19')
insert into treat values ('S7479701V', 'PH3000002', '2009-02-13', '2009-02-18')
insert into treat values ('S7443693E', 'PH3000001', '2008-05-11', '2008-05-16')
insert into treat values ('S7443693E', 'PH3000002', '2008-05-11', '2008-05-19')
insert into treat values ('S8442952Z', 'PH3000001', '2006-04-10', '2006-04-15')
insert into treat values ('S8442952Z', 'PH3000002', '2006-04-10', '2006-04-16')
insert into treat values ('S6460940H', 'PH3000001', '2008-04-16', '2008-04-20')
insert into treat values ('S6460940H', 'PH3000002', '2008-04-16', '2008-04-23')
insert into treat values ('S7438494X', 'PH3000001', '2007-05-07', '2007-05-11')
insert into treat values ('S7438494X', 'PH3000002', '2007-05-07', '2007-05-12')
insert into treat values ('S7432505M', 'PH3000001', '2007-10-01', '2007-10-07')
insert into treat values ('S7432505M', 'PH3000002', '2007-10-01', '2007-10-09')
insert into treat values ('S7496312D', 'PH3000001', '2006-12-05', '2006-12-13')
insert into treat values ('S7496312D', 'PH3000002', '2006-12-05', '2006-12-10')
insert into treat values ('S7439620Y', 'PH3000001', '2007-06-06', '2007-06-14')
insert into treat values ('S7439620Y', 'PH3000002', '2007-06-06', '2007-06-14')
insert into treat values ('S7455185K', 'PH3000001', '2008-01-13', '2008-01-19')
insert into treat values ('S7455185K', 'PH3000002', '2008-01-13', '2008-01-18')
insert into treat values ('S7417173K', 'PH3000001', '2008-11-03', '2008-11-08')
insert into treat values ('S7417173K', 'PH3000002', '2008-11-03', '2008-11-09')
insert into treat values ('S8450296O', 'PH3000001', '2009-02-12', '2009-02-17')
insert into treat values ('S8450296O', 'PH3000002', '2009-02-12', '2009-02-16')
insert into treat values ('S8487906P', 'PH3000001', '2009-02-14', '2009-02-19')
insert into treat values ('S8487906P', 'PH3000002', '2009-02-14', '2009-02-18')
insert into treat values ('S6478104E', 'PH3000001', '2006-02-05', '2006-02-12')
insert into treat values ('S6478104E', 'PH3000002', '2006-02-05', '2006-02-09')
insert into treat values ('S7451931O', 'PH3000001', '2006-02-02', '2006-02-07')
insert into treat values ('S7451931O', 'PH3000002', '2006-02-02', '2006-02-07')
insert into treat values ('S7434568M', 'PH3000001', '2007-08-15', '2007-08-20')
insert into treat values ('S7434568M', 'PH3000002', '2007-08-15', '2007-08-20')
insert into treat values ('S7457253Y', 'PH3000001', '2006-09-11', '2006-09-19')
insert into treat values ('S7457253Y', 'PH3000002', '2006-09-11', '2006-09-17')
insert into treat values ('S7436389T', 'PH3000001', '2008-06-03', '2008-06-07')
insert into treat values ('S7436389T', 'PH3000002', '2008-06-03', '2008-06-09')
insert into treat values ('S6449987U', 'PH3000001', '2007-05-11', '2007-05-15')
insert into treat values ('S6449987U', 'PH3000002', '2007-05-11', '2007-05-16')
insert into treat values ('S7465487E', 'PH3000001', '2009-03-01', '2009-03-05')
insert into treat values ('S7465487E', 'PH3000002', '2009-03-01', '2009-03-07')
insert into treat values ('S7449910Y', 'PH3000001', '2007-03-09', '2007-03-16')
insert into treat values ('S7449910Y', 'PH3000002', '2007-03-09', '2007-03-15')
insert into treat values ('S8471587J', 'PH3000001', '2008-09-19', '2008-09-25')
insert into treat values ('S8471587J', 'PH3000002', '2008-09-19', '2008-09-26')
insert into treat values ('S7578670R', 'PH3000001', '2008-06-07', '2008-06-13')
insert into treat values ('S7578670R', 'PH3000002', '2008-06-07', '2008-06-11')
insert into treat values ('S7534933E', 'PH3000001', '2008-05-17', '2008-05-24')
insert into treat values ('S7534933E', 'PH3000002', '2008-05-17', '2008-05-22')
insert into treat values ('S8533785A', 'PH3000001', '2007-12-15', '2007-12-22')
insert into treat values ('S8533785A', 'PH3000002', '2007-12-15', '2007-12-19')
insert into treat values ('S6521341F', 'PH3000001', '2007-07-17', '2007-07-23')
insert into treat values ('S6521341F', 'PH3000002', '2007-07-17', '2007-07-25')
insert into treat values ('S7579647C', 'PH3000001', '2007-09-05', '2007-09-11')
insert into treat values ('S7579647C', 'PH3000002', '2007-09-05', '2007-09-09')
insert into treat values ('S7555534N', 'PH3000001', '2007-08-12', '2007-08-19')
insert into treat values ('S7555534N', 'PH3000002', '2007-08-12', '2007-08-18')
insert into treat values ('S6599494U', 'PH3000001', '2008-02-18', '2008-02-26')
insert into treat values ('S6599494U', 'PH3000002', '2008-02-18', '2008-02-23')
insert into treat values ('S6519677Y', 'PH3000001', '2006-08-07', '2006-08-14')
insert into treat values ('S6519677Y', 'PH3000002', '2006-08-07', '2006-08-11')
insert into treat values ('S6594382J', 'PH3000001', '2008-04-15', '2008-04-23')
insert into treat values ('S6594382J', 'PH3000002', '2008-04-15', '2008-04-21')
insert into treat values ('S7568109D', 'PH3000001', '2007-09-17', '2007-09-22')
insert into treat values ('S7568109D', 'PH3000002', '2007-09-17', '2007-09-23')
insert into treat values ('S6594424C', 'PH3000001', '2009-04-09', '2009-04-14')
insert into treat values ('S6594424C', 'PH3000002', '2009-04-09', '2009-04-15')
insert into treat values ('S7566381C', 'PH3000001', '2007-10-09', '2007-10-16')
insert into treat values ('S7566381C', 'PH3000002', '2007-10-09', '2007-10-16')
insert into treat values ('S7584957I', 'PH3000001', '2009-01-13', '2009-01-20')
insert into treat values ('S7584957I', 'PH3000002', '2009-01-13', '2009-01-18')
insert into treat values ('S7559561U', 'PH3000001', '2009-08-14', '2009-08-21')
insert into treat values ('S7559561U', 'PH3000002', '2009-08-14', '2009-08-19')
insert into treat values ('S7572737A', 'PH3000001', '2008-06-05', '2008-06-10')
insert into treat values ('S7572737A', 'PH3000002', '2008-06-05', '2008-06-11')
insert into treat values ('S7574399D', 'PH3000001', '2006-07-19', '2006-07-25')
insert into treat values ('S7574399D', 'PH3000002', '2006-07-19', '2006-07-24')
insert into treat values ('S7543298P', 'PH3000001', '2008-12-08', '2008-12-15')
insert into treat values ('S7543298P', 'PH3000002', '2008-12-08', '2008-12-14')
insert into treat values ('S6525621I', 'PH3000001', '2007-05-10', '2007-05-15')
insert into treat values ('S6525621I', 'PH3000002', '2007-05-10', '2007-05-16')
insert into treat values ('S7563683E', 'PH3000001', '2006-07-04', '2006-07-08')
insert into treat values ('S7563683E', 'PH3000002', '2006-07-04', '2006-07-08')
insert into treat values ('S6537826H', 'PH3000001', '2008-08-18', '2008-08-24')
insert into treat values ('S6537826H', 'PH3000002', '2008-08-18', '2008-08-23')
insert into treat values ('S8586402F', 'PH3000001', '2007-02-07', '2007-02-13')
insert into treat values ('S8586402F', 'PH3000002', '2007-02-07', '2007-02-15')
insert into treat values ('S6562537B', 'PH3000001', '2007-05-13', '2007-05-21')
insert into treat values ('S6562537B', 'PH3000002', '2007-05-13', '2007-05-20')
insert into treat values ('S7575645U', 'PH3000001', '2008-06-06', '2008-06-11')
insert into treat values ('S7575645U', 'PH3000002', '2008-06-06', '2008-06-11')
insert into treat values ('S8522105T', 'PH3000001', '2006-08-10', '2006-08-15')
insert into treat values ('S8522105T', 'PH3000002', '2006-08-10', '2006-08-17')
insert into treat values ('S8568662U', 'PH3000001', '2008-10-07', '2008-10-12')
insert into treat values ('S8568662U', 'PH3000002', '2008-10-07', '2008-10-12')
insert into treat values ('S7579221J', 'PH3000001', '2009-02-05', '2009-02-09')
insert into treat values ('S7579221J', 'PH3000002', '2009-02-05', '2009-02-13')
insert into treat values ('S6569400O', 'PH3000001', '2008-08-04', '2008-08-08')
insert into treat values ('S6569400O', 'PH3000002', '2008-08-04', '2008-08-10')
insert into treat values ('S7581775E', 'PH3000001', '2008-10-14', '2008-10-21')
insert into treat values ('S7581775E', 'PH3000002', '2008-10-14', '2008-10-19')
insert into treat values ('S8658530T', 'PH3000001', '2007-01-12', '2007-01-17')
insert into treat values ('S8658530T', 'PH3000002', '2007-01-12', '2007-01-17')
insert into treat values ('S7629944U', 'PH3000001', '2008-05-05', '2008-05-12')
insert into treat values ('S7629944U', 'PH3000002', '2008-05-05', '2008-05-10')
insert into treat values ('S7679911R', 'PH3000001', '2008-09-10', '2008-09-15')
insert into treat values ('S7679911R', 'PH3000002', '2008-09-10', '2008-09-14')
insert into treat values ('S7637350X', 'PH3000001', '2008-06-13', '2008-06-20')
insert into treat values ('S7637350X', 'PH3000002', '2008-06-13', '2008-06-21')
insert into treat values ('S8620155D', 'PH3000001', '2008-10-07', '2008-10-11')
insert into treat values ('S8620155D', 'PH3000002', '2008-10-07', '2008-10-15')
insert into treat values ('S7661617W', 'PH3000001', '2007-02-17', '2007-02-24')
insert into treat values ('S7661617W', 'PH3000002', '2007-02-17', '2007-02-24')
insert into treat values ('S7630464O', 'PH3000001', '2007-02-14', '2007-02-19')
insert into treat values ('S7630464O', 'PH3000002', '2007-02-14', '2007-02-19')
insert into treat values ('S7685186Y', 'PH3000001', '2007-11-20', '2007-11-27')
insert into treat values ('S7685186Y', 'PH3000002', '2007-11-20', '2007-11-26')
insert into treat values ('S8652792R', 'PH3000001', '2009-07-19', '2009-07-25')
insert into treat values ('S8652792R', 'PH3000002', '2009-07-19', '2009-07-24')
insert into treat values ('S7682173K', 'PH3000001', '2006-06-13', '2006-06-18')
insert into treat values ('S7682173K', 'PH3000002', '2006-06-13', '2006-06-19')
insert into treat values ('S6671466O', 'PH3000001', '2007-07-16', '2007-07-21')
insert into treat values ('S6671466O', 'PH3000002', '2007-07-16', '2007-07-21')
insert into treat values ('S8616827Z', 'PH3000001', '2008-12-07', '2008-12-14')
insert into treat values ('S8616827Z', 'PH3000002', '2008-12-07', '2008-12-13')
insert into treat values ('S7638861J', 'PH3000001', '2007-10-16', '2007-10-20')
insert into treat values ('S7638861J', 'PH3000002', '2007-10-16', '2007-10-22')
insert into treat values ('S7629685J', 'PH3000001', '2009-01-06', '2009-01-14')
insert into treat values ('S7629685J', 'PH3000002', '2009-01-06', '2009-01-12')
insert into treat values ('S6687109T', 'PH3000001', '2007-12-11', '2007-12-16')
insert into treat values ('S6687109T', 'PH3000002', '2007-12-11', '2007-12-18')
insert into treat values ('S7692445K', 'PH3000001', '2007-09-08', '2007-09-15')
insert into treat values ('S7692445K', 'PH3000002', '2007-09-08', '2007-09-15')
insert into treat values ('S7689627O', 'PH3000001', '2007-05-17', '2007-05-24')
insert into treat values ('S7689627O', 'PH3000002', '2007-05-17', '2007-05-23')
insert into treat values ('S7658543V', 'PH3000001', '2008-03-11', '2008-03-16')
insert into treat values ('S7658543V', 'PH3000002', '2008-03-11', '2008-03-17')
insert into treat values ('S8692808J', 'PH3000001', '2008-02-06', '2008-02-11')
insert into treat values ('S8692808J', 'PH3000002', '2008-02-06', '2008-02-12')
insert into treat values ('S6669167M', 'PH3000001', '2009-01-14', '2009-01-20')
insert into treat values ('S6669167M', 'PH3000002', '2009-01-14', '2009-01-19')
insert into treat values ('S8666896M', 'PH3000001', '2008-11-09', '2008-11-15')
insert into treat values ('S8666896M', 'PH3000002', '2008-11-09', '2008-11-14')

CREATE TABLE visit(patient_id text, visit_date text, location text, reason text)
insert into visit values ('S8284186E', '2007-01-13', 'Jurong General Hospital', 'heart problem')
insert into visit values ('S8285084H', '2008-09-05', 'Jurong General Hospital', 'heart problem')
insert into visit values ('S7155700M', '2008-10-18', 'Jurong General Hospital', 'cough')
insert into visit values ('S7175840E', '2006-06-03', 'Jurong General Hospital', 'sore throat')
insert into visit values ('S7131566G', '2006-09-12', 'Jurong General Hospital', 'fever')
insert into visit values ('S7195328V', '2007-11-19', 'Jurong General Hospital', 'sore throat')
insert into visit values ('S7127561O', '2007-07-05', 'Jurong General Hospital', 'cough')
insert into visit values ('S6156259Y', '2006-11-04', 'Jurong General Hospital', 'cough')
insert into visit values ('S8160113T', '2008-11-09', 'Jurong General Hospital', 'backache')
insert into visit values ('S7113738O', '2009-06-06', 'Jurong General Hospital', 'backache')
insert into visit values ('S7180349D', '2008-08-02', 'Jurong General Hospital', 'cough')
insert into visit values ('S7127476Y', '2007-05-14', 'Jurong General Hospital', 'backache')
insert into visit values ('S7182216G', '2007-09-03', 'Jurong General Hospital', 'fever')
insert into visit values ('S7128251H', '2006-06-15', 'Jurong General Hospital', 'sore throat')
insert into visit values ('S6111140U', '2008-07-08', 'Jurong General Hospital', 'sore throat')
insert into visit values ('S7142391Q', '2007-11-09', 'Jurong General Hospital', 'sore throat')
insert into visit values ('S7143870K', '2006-09-08', 'Jurong General Hospital', 'backache')
insert into visit values ('S8115971H', '2009-06-17', 'Jurong General Hospital', 'heart problem')
insert into visit values ('S6116370S', '2007-04-05', 'Jurong General Hospital', 'backache')
insert into visit values ('S7223971Z', '2008-09-05', 'Jurong General Hospital', 'cephalgia')
insert into visit values ('S8258369F', '2009-05-07', 'Jurong General Hospital', 'cough')
insert into visit values ('S7217197T', '2009-03-13', 'Jurong General Hospital', 'cephalgia')
insert into visit values ('S7267677E', '2009-08-16', 'Jurong General Hospital', 'cephalgia')
insert into visit values ('S8216312N', '2007-03-05', 'Jurong General Hospital', 'stomach problem')
insert into visit values ('S6267517Z', '2007-01-02', 'Jurong General Hospital', 'cough')
insert into visit values ('S7228419U', '2008-08-16', 'Jurong General Hospital', 'cough')
insert into visit values ('S7257637G', '2009-04-12', 'Jurong General Hospital', 'backache')
insert into visit values ('S7257117P', '2007-02-05', 'Jurong General Hospital', 'stomach problem')
insert into visit values ('S7269224V', '2008-04-07', 'Jurong General Hospital', 'cough')
insert into visit values ('S7273923C', '2007-03-04', 'Jurong General Hospital', 'heart problem')
insert into visit values ('S6261139W', '2008-10-16', 'Jurong General Hospital', 'stomach problem')
insert into visit values ('S7227411X', '2006-04-04', 'Jurong General Hospital', 'stomach problem')
insert into visit values ('S7263477S', '2007-06-18', 'Jurong General Hospital', 'cephalgia')
insert into visit values ('S7246717H', '2006-02-02', 'Jurong General Hospital', 'backache')
insert into visit values ('S8218449Y', '2008-05-03', 'Jurong General Hospital', 'cephalgia')
insert into visit values ('S8283761O', '2006-09-02', 'Jurong General Hospital', 'fever')
insert into visit values ('S8216753V', '2008-04-17', 'Jurong General Hospital', 'stomach problem')
insert into visit values ('S8356268I', '2009-05-11', 'Jurong General Hospital', 'respiratory problem')
insert into visit values ('S7382208K', '2007-03-20', 'Jurong General Hospital', 'stomach problem')
insert into visit values ('S6359192P', '2009-04-07', 'Jurong General Hospital', 'fever')
insert into visit values ('S7320654M', '2006-06-14', 'Jurong General Hospital', 'cough')
insert into visit values ('S8310788R', '2007-03-17', 'Jurong General Hospital', 'stomach problem')
insert into visit values ('S8386881S', '2007-11-14', 'Jurong General Hospital', 'stomach problem')
insert into visit values ('S7370387T', '2007-11-19', 'Jurong General Hospital', 'sore throat')
insert into visit values ('S7321579R', '2008-03-15', 'Jurong General Hospital', 'sore throat')
insert into visit values ('S6360780B', '2008-06-10', 'Jurong General Hospital', 'cephalgia')
insert into visit values ('S7351935M', '2007-01-08', 'Jurong General Hospital', 'cough')
insert into visit values ('S7353790V', '2008-10-02', 'Jurong General Hospital', 'heart problem')
insert into visit values ('S8389611P', '2007-01-19', 'Jurong General Hospital', 'cephalgia')
insert into visit values ('S6343283V', '2007-12-02', 'Jurong General Hospital', 'cough')
insert into visit values ('S7318665L', '2007-08-02', 'Jurong General Hospital', 'stomach problem')
insert into visit values ('S6341442R', '2009-02-08', 'Jurong General Hospital', 'stomach problem')
insert into visit values ('S7310327M', '2007-01-08', 'Jurong General Hospital', 'fever')
insert into visit values ('S7398570K', '2008-02-02', 'Jurong General Hospital', 'cough')
insert into visit values ('S6444767F', '2008-08-05', 'Jurong General Hospital', 'backache')
insert into visit values ('S7479701V', '2009-02-13', 'Jurong General Hospital', 'sore throat')
insert into visit values ('S7443693E', '2008-05-11', 'Jurong General Hospital', 'cough')
insert into visit values ('S8442952Z', '2006-04-10', 'Jurong General Hospital', 'fever')
insert into visit values ('S6460940H', '2008-04-16', 'Jurong General Hospital', 'sore throat')
insert into visit values ('S7438494X', '2007-05-07', 'Jurong General Hospital', 'respiratory problem')
insert into visit values ('S7432505M', '2007-10-01', 'Jurong General Hospital', 'backache')
insert into visit values ('S7496312D', '2006-12-05', 'Jurong General Hospital', 'stomach problem')
insert into visit values ('S7439620Y', '2007-06-06', 'Jurong General Hospital', 'cough')
insert into visit values ('S7455185K', '2008-01-13', 'Jurong General Hospital', 'respiratory problem')
insert into visit values ('S7417173K', '2008-11-03', 'Jurong General Hospital', 'stomach problem')
insert into visit values ('S8450296O', '2009-02-12', 'Jurong General Hospital', 'stomach problem')
insert into visit values ('S8487906P', '2009-02-14', 'Jurong General Hospital', 'respiratory problem')
insert into visit values ('S6478104E', '2006-02-05', 'Jurong General Hospital', 'fever')
insert into visit values ('S7451931O', '2006-02-02', 'Jurong General Hospital', 'sore throat')
insert into visit values ('S7434568M', '2007-08-15', 'Jurong General Hospital', 'respiratory problem')
insert into visit values ('S7457253Y', '2006-09-11', 'Jurong General Hospital', 'sore throat')
insert into visit values ('S7436389T', '2008-06-03', 'Jurong General Hospital', 'cough')
insert into visit values ('S6449987U', '2007-05-11', 'Jurong General Hospital', 'backache')
insert into visit values ('S7465487E', '2009-03-01', 'Jurong General Hospital', 'cough')
insert into visit values ('S7449910Y', '2007-03-09', 'Jurong General Hospital', 'backache')
insert into visit values ('S8471587J', '2008-09-19', 'Jurong General Hospital', 'heart problem')
insert into visit values ('S7578670R', '2008-06-07', 'Jurong General Hospital', 'respiratory problem')
insert into visit values ('S7534933E', '2008-05-17', 'Jurong General Hospital', 'cephalgia')
insert into visit values ('S8533785A', '2007-12-15', 'Jurong General Hospital', 'sore throat')
insert into visit values ('S6521341F', '2007-07-17', 'Jurong General Hospital', 'cough')
insert into visit values ('S7579647C', '2007-09-05', 'Jurong General Hospital', 'sore throat')
insert into visit values ('S7555534N', '2007-08-12', 'Jurong General Hospital', 'stomach problem')
insert into visit values ('S6599494U', '2008-02-18', 'Jurong General Hospital', 'backache')
insert into visit values ('S6519677Y', '2006-08-07', 'Jurong General Hospital', 'heart problem')
insert into visit values ('S6594382J', '2008-04-15', 'Jurong General Hospital', 'cephalgia')
insert into visit values ('S7568109D', '2007-09-17', 'Jurong General Hospital', 'fever')
insert into visit values ('S6594424C', '2009-04-09', 'Jurong General Hospital', 'sore throat')
insert into visit values ('S7566381C', '2007-10-09', 'Jurong General Hospital', 'heart problem')
insert into visit values ('S7584957I', '2009-01-13', 'Jurong General Hospital', 'sore throat')
insert into visit values ('S7559561U', '2009-08-14', 'Jurong General Hospital', 'stomach problem')
insert into visit values ('S7572737A', '2008-06-05', 'Jurong General Hospital', 'stomach problem')
insert into visit values ('S7574399D', '2006-07-19', 'Jurong General Hospital', 'stomach problem')
insert into visit values ('S7543298P', '2008-12-08', 'Jurong General Hospital', 'fever')
insert into visit values ('S6525621I', '2007-05-10', 'Jurong General Hospital', 'stomach problem')
insert into visit values ('S7563683E', '2006-07-04', 'Jurong General Hospital', 'heart problem')
insert into visit values ('S6537826H', '2008-08-18', 'Jurong General Hospital', 'stomach problem')
insert into visit values ('S8586402F', '2007-02-07', 'Jurong General Hospital', 'backache')
insert into visit values ('S6562537B', '2007-05-13', 'Jurong General Hospital', 'sore throat')
insert into visit values ('S7575645U', '2008-06-06', 'Jurong General Hospital', 'cephalgia')
insert into visit values ('S8522105T', '2006-08-10', 'Jurong General Hospital', 'respiratory problem')
insert into visit values ('S8568662U', '2008-10-07', 'Jurong General Hospital', 'cephalgia')
insert into visit values ('S7579221J', '2009-02-05', 'Jurong General Hospital', 'fever')
insert into visit values ('S6569400O', '2008-08-04', 'Jurong General Hospital', 'cough')
insert into visit values ('S7581775E', '2008-10-14', 'Jurong General Hospital', 'sore throat')
insert into visit values ('S8658530T', '2007-01-12', 'Jurong General Hospital', 'fever')
insert into visit values ('S7629944U', '2008-05-05', 'Jurong General Hospital', 'sore throat')
insert into visit values ('S7679911R', '2008-09-10', 'Jurong General Hospital', 'sore throat')
insert into visit values ('S7637350X', '2008-06-13', 'Jurong General Hospital', 'sore throat')
insert into visit values ('S8620155D', '2008-10-07', 'Jurong General Hospital', 'backache')
insert into visit values ('S7661617W', '2007-02-17', 'Jurong General Hospital', 'stomach problem')
insert into visit values ('S7630464O', '2007-02-14', 'Jurong General Hospital', 'heart problem')
insert into visit values ('S7685186Y', '2007-11-20', 'Jurong General Hospital', 'cough')
insert into visit values ('S8652792R', '2009-07-19', 'Jurong General Hospital', 'backache')
insert into visit values ('S7682173K', '2006-06-13', 'Jurong General Hospital', 'cough')
insert into visit values ('S6671466O', '2007-07-16', 'Jurong General Hospital', 'heart problem')
insert into visit values ('S8616827Z', '2008-12-07', 'Jurong General Hospital', 'heart problem')
insert into visit values ('S7638861J', '2007-10-16', 'Jurong General Hospital', 'stomach problem')
insert into visit values ('S7629685J', '2009-01-06', 'Jurong General Hospital', 'heart problem')
insert into visit values ('S6687109T', '2007-12-11', 'Jurong General Hospital', 'sore throat')
insert into visit values ('S7692445K', '2007-09-08', 'Jurong General Hospital', 'sore throat')
insert into visit values ('S7689627O', '2007-05-17', 'Jurong General Hospital', 'backache')
insert into visit values ('S7658543V', '2008-03-11', 'Jurong General Hospital', 'cephalgia')
insert into visit values ('S8692808J', '2008-02-06', 'Jurong General Hospital', 'stomach problem')
insert into visit values ('S6669167M', '2009-01-14', 'Jurong General Hospital', 'cephalgia')
insert into visit values ('S8666896M', '2008-11-09', 'Jurong General Hospital', 'stomach problem')

CREATE TABLE medical_test(patient_id varchar(30), test_name text, value text, test_date text)
insert into medical_test values ('S8284186E', 'MCV', '85 fl', '2007-01-13')
insert into medical_test values ('S8285084H', 'heart rate', '56', '2008-09-05')
insert into medical_test values ('S7155700M', 'heart rate', '63', '2008-10-18')
insert into medical_test values ('S7175840E', 'RDW', '11.9%', '2006-06-03')
insert into medical_test values ('S7131566G', 'MCHC', '33 g/dl', '2006-09-12')
insert into medical_test values ('S7195328V', 'RDW', '11.9%', '2007-11-19')
insert into medical_test values ('S7127561O', 'heart rate', '63', '2007-07-05')
insert into medical_test values ('S6156259Y', 'RDW', '11.9%', '2006-11-04')
insert into medical_test values ('S8160113T', 'RDW', '11.5%', '2008-11-09')
insert into medical_test values ('S7113738O', 'TIBC', '290 mcg/dl', '2009-06-06')
insert into medical_test values ('S7180349D', 'MCH', '34 pg', '2008-08-02')
insert into medical_test values ('S7127476Y', 'MCHC', '33 g/dl', '2007-05-14')
insert into medical_test values ('S7182216G', 'heart rate', '71', '2007-09-03')
insert into medical_test values ('S7128251H', 'MCH', '26 pg', '2006-06-15')
insert into medical_test values ('S6111140U', 'TIBC', '290 mcg/dl', '2008-07-08')
insert into medical_test values ('S7142391Q', 'heart rate', '71', '2007-11-09')
insert into medical_test values ('S7143870K', 'heart rate', '63', '2006-09-08')
insert into medical_test values ('S8115971H', 'TIBC', '400 mcg/dl', '2009-06-17')
insert into medical_test values ('S6116370S', 'MCHC', '35 g/dl', '2007-04-05')
insert into medical_test values ('S7223971Z', 'heart rate', '69', '2008-09-05')
insert into medical_test values ('S8258369F', 'ABG', '7.13 pH', '2009-05-07')
insert into medical_test values ('S7217197T', 'heart rate', '71', '2009-03-13')
insert into medical_test values ('S7267677E', 'MCV', '99 fl', '2009-08-16')
insert into medical_test values ('S8216312N', 'TIBC', '400 mcg/dl', '2007-03-05')
insert into medical_test values ('S6267517Z', 'ABG', ' 7.41 pH', '2007-01-02')
insert into medical_test values ('S7228419U', 'RDW', '11.5%', '2008-08-16')
insert into medical_test values ('S7257637G', 'MCV', '82 fl', '2009-04-12')
insert into medical_test values ('S7257117P', 'MCH', '29 pg', '2007-02-05')
insert into medical_test values ('S7269224V', 'MCHC', '31 g/dl', '2008-04-07')
insert into medical_test values ('S7273923C', 'RDW', '13.6%', '2007-03-04')
insert into medical_test values ('S6261139W', 'MCV', '99 fl', '2008-10-16')
insert into medical_test values ('S7227411X', 'ABG', ' 7.37 pH', '2006-04-04')
insert into medical_test values ('S7263477S', 'MCV', '99 fl', '2007-06-18')
insert into medical_test values ('S7246717H', 'ABG', ' 7.41 pH', '2006-02-02')
insert into medical_test values ('S8218449Y', 'ABG', '7.13 pH', '2008-05-03')
insert into medical_test values ('S8283761O', 'heart rate', '51', '2006-09-02')
insert into medical_test values ('S8216753V', 'heart rate', '63', '2008-04-17')
insert into medical_test values ('S8356268I', 'MCV', '85 fl', '2009-05-11')
insert into medical_test values ('S7382208K', 'ABG', ' 7.48 pH', '2007-03-20')
insert into medical_test values ('S6359192P', 'MCV', '89 fl', '2009-04-07')
insert into medical_test values ('S7320654M', 'RDW', '13.6%', '2006-06-14')
insert into medical_test values ('S8310788R', 'MCH', '34 pg', '2007-03-17')
insert into medical_test values ('S8386881S', 'TIBC', '410 mcg/dl', '2007-11-14')
insert into medical_test values ('S7370387T', 'MCH', '29 pg', '2007-11-19')
insert into medical_test values ('S7321579R', 'RDW', '14.5%', '2008-03-15')
insert into medical_test values ('S6360780B', 'heart rate', '51', '2008-06-10')
insert into medical_test values ('S7351935M', 'MCH', '31 pg', '2007-01-08')
insert into medical_test values ('S7353790V', 'heart rate', '56', '2008-10-02')
insert into medical_test values ('S8389611P', 'MCV', '89 fl', '2007-01-19')
insert into medical_test values ('S6343283V', 'MCV', '85 fl', '2007-12-02')
insert into medical_test values ('S7318665L', 'TIBC', '450 mcg/dl', '2007-08-02')
insert into medical_test values ('S6341442R', 'MCV', '85 fl', '2009-02-08')
insert into medical_test values ('S7310327M', 'RDW', '14.5%', '2007-01-08')
insert into medical_test values ('S7398570K', 'MCV', '89 fl', '2008-02-02')
insert into medical_test values ('S6444767F', 'TIBC', '320 mcg/dl', '2008-08-05')
insert into medical_test values ('S7479701V', 'ABG', '7.25 pH', '2009-02-13')
insert into medical_test values ('S7443693E', 'heart rate', '69', '2008-05-11')
insert into medical_test values ('S8442952Z', 'ABG', ' 7.37 pH', '2006-04-10')
insert into medical_test values ('S6460940H', 'TIBC', '410 mcg/dl', '2008-04-16')
insert into medical_test values ('S7438494X', 'MCV', '82 fl', '2007-05-07')
insert into medical_test values ('S7432505M', 'ABG', ' 7.41 pH', '2007-10-01')
insert into medical_test values ('S7496312D', 'TIBC', '240 mcg/dl', '2006-12-05')
insert into medical_test values ('S7439620Y', 'MCH', '31 pg', '2007-06-06')
insert into medical_test values ('S7455185K', 'ABG', ' 7.37 pH', '2008-01-13')
insert into medical_test values ('S7417173K', 'MCH', '31 pg', '2008-11-03')
insert into medical_test values ('S8450296O', 'RDW', '11.5%', '2009-02-12')
insert into medical_test values ('S8487906P', 'TIBC', '410 mcg/dl', '2009-02-14')
insert into medical_test values ('S6478104E', 'heart rate', '63', '2006-02-05')
insert into medical_test values ('S7451931O', 'MCV', '85 fl', '2006-02-02')
insert into medical_test values ('S7434568M', 'RDW', '11.5%', '2007-08-15')
insert into medical_test values ('S7457253Y', 'MCH', '26 pg', '2006-09-11')
insert into medical_test values ('S7436389T', 'MCV', '89 fl', '2008-06-03')
insert into medical_test values ('S6449987U', 'ABG', '7.25 pH', '2007-05-11')
insert into medical_test values ('S7465487E', 'RDW', '13.6%', '2009-03-01')
insert into medical_test values ('S7449910Y', 'heart rate', '56', '2007-03-09')
insert into medical_test values ('S8471587J', 'MCHC', '31 g/dl', '2008-09-19')
insert into medical_test values ('S7578670R', 'heart rate', '63', '2008-06-07')
insert into medical_test values ('S7534933E', 'MCHC', '35 g/dl', '2008-05-17')
insert into medical_test values ('S8533785A', 'heart rate', '63', '2007-12-15')
insert into medical_test values ('S6521341F', 'MCHC', '37 g/dl', '2007-07-17')
insert into medical_test values ('S7579647C', 'MCH', '29 pg', '2007-09-05')
insert into medical_test values ('S7555534N', 'TIBC', '400 mcg/dl', '2007-08-12')
insert into medical_test values ('S6599494U', 'TIBC', '320 mcg/dl', '2008-02-18')
insert into medical_test values ('S6519677Y', 'TIBC', '400 mcg/dl', '2006-08-07')
insert into medical_test values ('S6594382J', 'MCHC', '37 g/dl', '2008-04-15')
insert into medical_test values ('S7568109D', 'ABG', ' 7.41 pH', '2007-09-17')
insert into medical_test values ('S6594424C', 'MCV', '89 fl', '2009-04-09')
insert into medical_test values ('S7566381C', 'heart rate', '51', '2007-10-09')
insert into medical_test values ('S7584957I', 'heart rate', '69', '2009-01-13')
insert into medical_test values ('S7559561U', 'MCHC', '37 g/dl', '2009-08-14')
insert into medical_test values ('S7572737A', 'ABG', ' 7.37 pH', '2008-06-05')
insert into medical_test values ('S7574399D', 'TIBC', '450 mcg/dl', '2006-07-19')
insert into medical_test values ('S7543298P', 'heart rate', '69', '2008-12-08')
insert into medical_test values ('S6525621I', 'RDW', '13.6%', '2007-05-10')
insert into medical_test values ('S7563683E', 'RDW', '13.6%', '2006-07-04')
insert into medical_test values ('S6537826H', 'MCH', '29 pg', '2008-08-18')
insert into medical_test values ('S8586402F', 'TIBC', '410 mcg/dl', '2007-02-07')
insert into medical_test values ('S6562537B', 'TIBC', '320 mcg/dl', '2007-05-13')
insert into medical_test values ('S7575645U', 'MCH', '29 pg', '2008-06-06')
insert into medical_test values ('S8522105T', 'RDW', '11.9%', '2006-08-10')
insert into medical_test values ('S8568662U', 'TIBC', '400 mcg/dl', '2008-10-07')
insert into medical_test values ('S7579221J', 'TIBC', '400 mcg/dl', '2009-02-05')
insert into medical_test values ('S6569400O', 'TIBC', '400 mcg/dl', '2008-08-04')
insert into medical_test values ('S7581775E', 'MCV', '99 fl', '2008-10-14')
insert into medical_test values ('S8658530T', 'ABG', '7.25 pH', '2007-01-12')
insert into medical_test values ('S7629944U', 'MCH', '31 pg', '2008-05-05')
insert into medical_test values ('S7679911R', 'MCV', '82 fl', '2008-09-10')
insert into medical_test values ('S7637350X', 'MCH', '34 pg', '2008-06-13')
insert into medical_test values ('S8620155D', 'ABG', ' 7.37 pH', '2008-10-07')
insert into medical_test values ('S7661617W', 'MCHC', '33 g/dl', '2007-02-17')
insert into medical_test values ('S7630464O', 'MCV', '89 fl', '2007-02-14')
insert into medical_test values ('S7685186Y', 'RDW', '13.6%', '2007-11-20')
insert into medical_test values ('S8652792R', 'ABG', '7.13 pH', '2009-07-19')
insert into medical_test values ('S7682173K', 'MCV', '99 fl', '2006-06-13')
insert into medical_test values ('S6671466O', 'RDW', '11.9%', '2007-07-16')
insert into medical_test values ('S8616827Z', 'RDW', '13.6%', '2008-12-07')
insert into medical_test values ('S7638861J', 'MCH', '29 pg', '2007-10-16')
insert into medical_test values ('S7629685J', 'heart rate', '69', '2009-01-06')
insert into medical_test values ('S6687109T', 'heart rate', '56', '2007-12-11')
insert into medical_test values ('S7692445K', 'MCHC', '35 g/dl', '2007-09-08')
insert into medical_test values ('S7689627O', 'MCV', '99 fl', '2007-05-17')
insert into medical_test values ('S7658543V', 'ABG', ' 7.41 pH', '2008-03-11')
insert into medical_test values ('S8692808J', 'MCV', '89 fl', '2008-02-06')
insert into medical_test values ('S6669167M', 'ABG', ' 7.48 pH', '2009-01-14')
insert into medical_test values ('S8666896M', 'MCV', '89 fl', '2008-11-09')
insert into medical_test values ('S7453274E', 'H1N1', 'positive', '2009-07-04')
insert into medical_test values ('S7665483B', 'H1N1', 'positive', '2009-07-16')
insert into medical_test values ('S7232803D', 'H1N1', 'positive', '2009-07-16')
insert into medical_test values ('S6525621I', 'H1N1', 'positive', '2009-07-07')
insert into medical_test values ('S7687334B', 'H1N1', 'positive', '2009-07-06')
insert into medical_test values ('S7434568M', 'H1N1', 'positive', '2009-07-11')
insert into medical_test values ('S8680473G', 'H1N1', 'positive', '2009-07-03')
insert into medical_test values ('S8473569H', 'H1N1', 'positive', '2009-07-01')
insert into medical_test values ('S7430586A', 'H1N1', 'positive', '2009-07-09')

CREATE TABLE allergy(patient_id varchar(30), allergy_name text)
insert into allergy values ('S8284186E', 'Celecoxib')
insert into allergy values ('S8285084H', 'Alumnium')
insert into allergy values ('S7155700M', 'Celecoxib')
insert into allergy values ('S7175840E', 'Celecoxib')
insert into allergy values ('S7131566G', 'Beef products')
insert into allergy values ('S7195328V', 'Celecoxib')
insert into allergy values ('S7127561O', 'Benzyl Alcohol')
insert into allergy values ('S6156259Y', 'Vancomcyn')
insert into allergy values ('S8160113T', 'Androgens')
insert into allergy values ('S7113738O', 'Albumin')
insert into allergy values ('S7180349D', 'Vancomcyn')
insert into allergy values ('S7127476Y', 'Androgens')
insert into allergy values ('S7182216G', 'Albumin')
insert into allergy values ('S7128251H', 'Calcium ')
insert into allergy values ('S6111140U', 'Celecoxib')
insert into allergy values ('S7142391Q', 'Calcium ')
insert into allergy values ('S7143870K', 'Beef products')
insert into allergy values ('S8115971H', 'Albumin')
insert into allergy values ('S6116370S', 'Celecoxib')
insert into allergy values ('S7223971Z', 'Benzyl Alcohol')
insert into allergy values ('S8258369F', 'Alumnium')
insert into allergy values ('S7217197T', 'Vancomcyn')
insert into allergy values ('S7267677E', 'Androgens')
insert into allergy values ('S8216312N', 'Androgens')
insert into allergy values ('S6267517Z', 'Benzyl Alcohol')
insert into allergy values ('S7228419U', 'Androgens')
insert into allergy values ('S7257637G', 'Beef products')
insert into allergy values ('S7257117P', 'Albumin')
insert into allergy values ('S7269224V', 'Benzyl Alcohol')
insert into allergy values ('S7273923C', 'Androgens')
insert into allergy values ('S6261139W', 'Celecoxib')
insert into allergy values ('S7227411X', 'Albumin')
insert into allergy values ('S7263477S', 'Vancomcyn')
insert into allergy values ('S7246717H', 'Celecoxib')
insert into allergy values ('S8218449Y', 'Celecoxib')
insert into allergy values ('S8283761O', 'Albumin')
insert into allergy values ('S8216753V', 'Albumin')
insert into allergy values ('S8356268I', 'Benzyl Alcohol')
insert into allergy values ('S7382208K', 'Alumnium')
insert into allergy values ('S6359192P', 'Albumin')
insert into allergy values ('S7320654M', 'Albumin')
insert into allergy values ('S8310788R', 'Calcium ')
insert into allergy values ('S8386881S', 'Celecoxib')
insert into allergy values ('S7370387T', 'Calcium ')
insert into allergy values ('S7321579R', 'Benzyl Alcohol')
insert into allergy values ('S6360780B', 'Androgens')
insert into allergy values ('S7351935M', 'Benzyl Alcohol')
insert into allergy values ('S7353790V', 'Beef products')
insert into allergy values ('S8389611P', 'Alumnium')
insert into allergy values ('S6343283V', 'Celecoxib')
insert into allergy values ('S7318665L', 'Celecoxib')
insert into allergy values ('S6341442R', 'Calcium ')
insert into allergy values ('S7310327M', 'Vancomcyn')
insert into allergy values ('S7398570K', 'Vancomcyn')
insert into allergy values ('S6444767F', 'Albumin')
insert into allergy values ('S7479701V', 'Benzyl Alcohol')
insert into allergy values ('S7443693E', 'Benzyl Alcohol')
insert into allergy values ('S8442952Z', 'Beef products')
insert into allergy values ('S6460940H', 'Beef products')
insert into allergy values ('S7438494X', 'Benzyl Alcohol')
insert into allergy values ('S7432505M', 'Alumnium')
insert into allergy values ('S7496312D', 'Androgens')
insert into allergy values ('S7439620Y', 'Celecoxib')
insert into allergy values ('S7455185K', 'Benzyl Alcohol')
insert into allergy values ('S7417173K', 'Beef products')
insert into allergy values ('S8450296O', 'Celecoxib')
insert into allergy values ('S8487906P', 'Alumnium')
insert into allergy values ('S6478104E', 'Androgens')
insert into allergy values ('S7451931O', 'Calcium ')
insert into allergy values ('S7434568M', 'Androgens')
insert into allergy values ('S7457253Y', 'Calcium ')
insert into allergy values ('S7436389T', 'Benzyl Alcohol')
insert into allergy values ('S6449987U', 'Alumnium')
insert into allergy values ('S7465487E', 'Albumin')
insert into allergy values ('S7449910Y', 'Calcium ')
insert into allergy values ('S8471587J', 'Celecoxib')
insert into allergy values ('S7578670R', 'Calcium ')
insert into allergy values ('S7534933E', 'Androgens')
insert into allergy values ('S8533785A', 'Albumin')
insert into allergy values ('S6521341F', 'Albumin')
insert into allergy values ('S7579647C', 'Androgens')
insert into allergy values ('S7555534N', 'Albumin')
insert into allergy values ('S6599494U', 'Albumin')
insert into allergy values ('S6519677Y', 'Celecoxib')
insert into allergy values ('S6594382J', 'Celecoxib')
insert into allergy values ('S7568109D', 'Vancomcyn')
insert into allergy values ('S6594424C', 'Albumin')
insert into allergy values ('S7566381C', 'Celecoxib')
insert into allergy values ('S7584957I', 'Beef products')
insert into allergy values ('S7559561U', 'Celecoxib')
insert into allergy values ('S7572737A', 'Albumin')
insert into allergy values ('S7574399D', 'Albumin')
insert into allergy values ('S7543298P', 'Alumnium')
insert into allergy values ('S6525621I', 'Benzyl Alcohol')
insert into allergy values ('S7563683E', 'Benzyl Alcohol')
insert into allergy values ('S6537826H', 'Benzyl Alcohol')
insert into allergy values ('S8586402F', 'Vancomcyn')
insert into allergy values ('S6562537B', 'Alumnium')
insert into allergy values ('S7575645U', 'Calcium ')
insert into allergy values ('S8522105T', 'Androgens')
insert into allergy values ('S8568662U', 'Alumnium')
insert into allergy values ('S7579221J', 'Calcium ')
insert into allergy values ('S6569400O', 'Vancomcyn')
insert into allergy values ('S7581775E', 'Alumnium')
insert into allergy values ('S8658530T', 'Vancomcyn')
insert into allergy values ('S7629944U', 'Benzyl Alcohol')
insert into allergy values ('S7679911R', 'Albumin')
insert into allergy values ('S7637350X', 'Beef products')
insert into allergy values ('S8620155D', 'Alumnium')
insert into allergy values ('S7661617W', 'Androgens')
insert into allergy values ('S7630464O', 'Androgens')
insert into allergy values ('S7685186Y', 'Calcium ')
insert into allergy values ('S8652792R', 'Beef products')
insert into allergy values ('S7682173K', 'Albumin')
insert into allergy values ('S6671466O', 'Celecoxib')
insert into allergy values ('S8616827Z', 'Androgens')
insert into allergy values ('S7638861J', 'Benzyl Alcohol')
insert into allergy values ('S7629685J', 'Vancomcyn')
insert into allergy values ('S6687109T', 'Benzyl Alcohol')
insert into allergy values ('S7692445K', 'Calcium ')
insert into allergy values ('S7689627O', 'Alumnium')
insert into allergy values ('S7658543V', 'Alumnium')
insert into allergy values ('S8692808J', 'Albumin')
insert into allergy values ('S6669167M', 'Albumin')
insert into allergy values ('S8666896M', 'Androgens')

CREATE TABLE medication(patient_id varchar(30), medicine text, dosage text, start_date text, end_date text)
insert into medication values ('S8284186E', 'Lipitor 20mg', 'once a day, at night', '2007-01-13', '2007-01-19')
insert into medication values ('S8285084H', 'Azythromycine 500mg', 'once a day, 1 injectable solution intravenously', '2008-09-05', '2008-09-11')
insert into medication values ('S7155700M', 'Lactulose 10mg', 'two times a day, 5ml by mouth', '2008-10-18', '2008-10-25')
insert into medication values ('S7175840E', 'Lipitor 20mg', 'once a day, at night', '2006-06-03', '2006-06-08')
insert into medication values ('S7131566G', 'Ceftriaxone 1g', 'once a day, 1 injectable solution intravenously', '2006-09-12', '2006-09-16')
insert into medication values ('S7195328V', 'Ibufprofen 400mg', 'three times a day', '2007-11-19', '2007-11-24')
insert into medication values ('S7127561O', 'Amiodarone 20mg', 'once a day, 1 tablet by mouth', '2007-07-05', '2007-07-13')
insert into medication values ('S6156259Y', 'Lipitor 20mg', 'once a day, at night', '2006-11-04', '2006-11-10')
insert into medication values ('S8160113T', 'Ceftriaxone 1g', 'once a day, 1 injectable solution intravenously', '2008-11-09', '2008-11-14')
insert into medication values ('S7113738O', 'Lactulose 10mg', 'two times a day, 5ml by mouth', '2009-06-06', '2009-06-11')
insert into medication values ('S7180349D', 'Simvastatin 40mg', 'once a day, at night', '2008-08-02', '2008-08-06')
insert into medication values ('S7127476Y', 'Ibufprofen 400mg', 'three times a day', '2007-05-14', '2007-05-20')
insert into medication values ('S7182216G', 'Simvastatin 40mg', 'once a day, at night', '2007-09-03', '2007-09-07')
insert into medication values ('S7128251H', 'Lactulose 10mg', 'two times a day, 5ml by mouth', '2006-06-15', '2006-06-22')
insert into medication values ('S6111140U', 'Lactulose 10mg', 'two times a day, 5ml by mouth', '2008-07-08', '2008-07-14')
insert into medication values ('S7142391Q', 'Lactulose 10mg', 'two times a day, 5ml by mouth', '2007-11-09', '2007-11-14')
insert into medication values ('S7143870K', 'Azythromycine 500mg', 'once a day, 1 injectable solution intravenously', '2006-09-08', '2006-09-14')
insert into medication values ('S8115971H', 'Ibufprofen 400mg', 'three times a day', '2009-06-17', '2009-06-22')
insert into medication values ('S6116370S', 'Simvastatin 40mg', 'once a day, at night', '2007-04-05', '2007-04-10')
insert into medication values ('S7223971Z', 'Ceftin 500mg', 'three times a day, 1 tablet by mouth', '2008-09-05', '2008-09-11')
insert into medication values ('S8258369F', 'Amiodarone 20mg', 'once a day, 1 tablet by mouth', '2009-05-07', '2009-05-13')
insert into medication values ('S7217197T', 'Lactulose 10mg', 'two times a day, 5ml by mouth', '2009-03-13', '2009-03-17')
insert into medication values ('S7267677E', 'Ceftin 500mg', 'three times a day, 1 tablet by mouth', '2009-08-16', '2009-08-22')
insert into medication values ('S8216312N', 'Lactulose 10mg', 'two times a day, 5ml by mouth', '2007-03-05', '2007-03-10')
insert into medication values ('S6267517Z', 'Amiodarone 20mg', 'once a day, 1 tablet by mouth', '2007-01-02', '2007-01-09')
insert into medication values ('S7228419U', 'Ibufprofen 400mg', 'three times a day', '2008-08-16', '2008-08-24')
insert into medication values ('S7257637G', 'Simvastatin 40mg', 'once a day, at night', '2009-04-12', '2009-04-17')
insert into medication values ('S7257117P', 'Azythromycine 500mg', 'once a day, 1 injectable solution intravenously', '2007-02-05', '2007-02-11')
insert into medication values ('S7269224V', 'Simvastatin 40mg', 'once a day, at night', '2008-04-07', '2008-04-11')
insert into medication values ('S7273923C', 'Lactulose 10mg', 'two times a day, 5ml by mouth', '2007-03-04', '2007-03-12')
insert into medication values ('S6261139W', 'Azythromycine 500mg', 'once a day, 1 injectable solution intravenously', '2008-10-16', '2008-10-20')
insert into medication values ('S7227411X', 'Amiodarone 20mg', 'once a day, 1 tablet by mouth', '2006-04-04', '2006-04-11')
insert into medication values ('S7263477S', 'Amiodarone 20mg', 'once a day, 1 tablet by mouth', '2007-06-18', '2007-06-25')
insert into medication values ('S7246717H', 'Ibufprofen 400mg', 'three times a day', '2006-02-02', '2006-02-06')
insert into medication values ('S8218449Y', 'Amiodarone 20mg', 'once a day, 1 tablet by mouth', '2008-05-03', '2008-05-11')
insert into medication values ('S8283761O', 'Ceftin 500mg', 'three times a day, 1 tablet by mouth', '2006-09-02', '2006-09-09')
insert into medication values ('S8216753V', 'Amiodarone 20mg', 'once a day, 1 tablet by mouth', '2008-04-17', '2008-04-25')
insert into medication values ('S8356268I', 'Amiodarone 20mg', 'once a day, 1 tablet by mouth', '2009-05-11', '2009-05-18')
insert into medication values ('S7382208K', 'Amiodarone 20mg', 'once a day, 1 tablet by mouth', '2007-03-20', '2007-03-28')
insert into medication values ('S6359192P', 'Lipitor 20mg', 'once a day, at night', '2009-04-07', '2009-04-12')
insert into medication values ('S7320654M', 'Ibufprofen 400mg', 'three times a day', '2006-06-14', '2006-06-19')
insert into medication values ('S8310788R', 'Lactulose 10mg', 'two times a day, 5ml by mouth', '2007-03-17', '2007-03-22')
insert into medication values ('S8386881S', 'Azythromycine 500mg', 'once a day, 1 injectable solution intravenously', '2007-11-14', '2007-11-20')
insert into medication values ('S7370387T', 'Ibufprofen 400mg', 'three times a day', '2007-11-19', '2007-11-24')
insert into medication values ('S7321579R', 'Simvastatin 40mg', 'once a day, at night', '2008-03-15', '2008-03-23')
insert into medication values ('S6360780B', 'Lipitor 20mg', 'once a day, at night', '2008-06-10', '2008-06-14')
insert into medication values ('S7351935M', 'Ibufprofen 400mg', 'three times a day', '2007-01-08', '2007-01-16')
insert into medication values ('S7353790V', 'Ceftriaxone 1g', 'once a day, 1 injectable solution intravenously', '2008-10-02', '2008-10-06')
insert into medication values ('S8389611P', 'Ibufprofen 400mg', 'three times a day', '2007-01-19', '2007-01-25')
insert into medication values ('S6343283V', 'Lactulose 10mg', 'two times a day, 5ml by mouth', '2007-12-02', '2007-12-09')
insert into medication values ('S7318665L', 'Ceftin 500mg', 'three times a day, 1 tablet by mouth', '2007-08-02', '2007-08-08')
insert into medication values ('S6341442R', 'Ibufprofen 400mg', 'three times a day', '2009-02-08', '2009-02-14')
insert into medication values ('S7310327M', 'Ceftriaxone 1g', 'once a day, 1 injectable solution intravenously', '2007-01-08', '2007-01-15')
insert into medication values ('S7398570K', 'Simvastatin 40mg', 'once a day, at night', '2008-02-02', '2008-02-10')
insert into medication values ('S6444767F', 'Lactulose 10mg', 'two times a day, 5ml by mouth', '2008-08-05', '2008-08-12')
insert into medication values ('S7479701V', 'Ibufprofen 400mg', 'three times a day', '2009-02-13', '2009-02-19')
insert into medication values ('S7443693E', 'Ceftin 500mg', 'three times a day, 1 tablet by mouth', '2008-05-11', '2008-05-19')
insert into medication values ('S8442952Z', 'Amiodarone 20mg', 'once a day, 1 tablet by mouth', '2006-04-10', '2006-04-15')
insert into medication values ('S6460940H', 'Simvastatin 40mg', 'once a day, at night', '2008-04-16', '2008-04-22')
insert into medication values ('S7438494X', 'Ceftriaxone 1g', 'once a day, 1 injectable solution intravenously', '2007-05-07', '2007-05-12')
insert into medication values ('S7432505M', 'Ibufprofen 400mg', 'three times a day', '2007-10-01', '2007-10-06')
insert into medication values ('S7496312D', 'Azythromycine 500mg', 'once a day, 1 injectable solution intravenously', '2006-12-05', '2006-12-11')
insert into medication values ('S7439620Y', 'Amiodarone 20mg', 'once a day, 1 tablet by mouth', '2007-06-06', '2007-06-12')
insert into medication values ('S7455185K', 'Ibufprofen 400mg', 'three times a day', '2008-01-13', '2008-01-20')
insert into medication values ('S7417173K', 'Lactulose 10mg', 'two times a day, 5ml by mouth', '2008-11-03', '2008-11-07')
insert into medication values ('S8450296O', 'Ceftriaxone 1g', 'once a day, 1 injectable solution intravenously', '2009-02-12', '2009-02-18')
insert into medication values ('S8487906P', 'Amiodarone 20mg', 'once a day, 1 tablet by mouth', '2009-02-14', '2009-02-19')
insert into medication values ('S6478104E', 'Amiodarone 20mg', 'once a day, 1 tablet by mouth', '2006-02-05', '2006-02-12')
insert into medication values ('S7451931O', 'Ibufprofen 400mg', 'three times a day', '2006-02-02', '2006-02-09')
insert into medication values ('S7434568M', 'Azythromycine 500mg', 'once a day, 1 injectable solution intravenously', '2007-08-15', '2007-08-22')
insert into medication values ('S7457253Y', 'Ceftin 500mg', 'three times a day, 1 tablet by mouth', '2006-09-11', '2006-09-18')
insert into medication values ('S7436389T', 'Lactulose 10mg', 'two times a day, 5ml by mouth', '2008-06-03', '2008-06-09')
insert into medication values ('S6449987U', 'Simvastatin 40mg', 'once a day, at night', '2007-05-11', '2007-05-19')
insert into medication values ('S7465487E', 'Lactulose 10mg', 'two times a day, 5ml by mouth', '2009-03-01', '2009-03-08')
insert into medication values ('S7449910Y', 'Lipitor 20mg', 'once a day, at night', '2007-03-09', '2007-03-14')
insert into medication values ('S8471587J', 'Ceftin 500mg', 'three times a day, 1 tablet by mouth', '2008-09-19', '2008-09-23')
insert into medication values ('S7578670R', 'Ceftin 500mg', 'three times a day, 1 tablet by mouth', '2008-06-07', '2008-06-13')
insert into medication values ('S7534933E', 'Ibufprofen 400mg', 'three times a day', '2008-05-17', '2008-05-21')
insert into medication values ('S8533785A', 'Amiodarone 20mg', 'once a day, 1 tablet by mouth', '2007-12-15', '2007-12-20')
insert into medication values ('S6521341F', 'Ceftin 500mg', 'three times a day, 1 tablet by mouth', '2007-07-17', '2007-07-21')
insert into medication values ('S7579647C', 'Simvastatin 40mg', 'once a day, at night', '2007-09-05', '2007-09-12')
insert into medication values ('S7555534N', 'Lactulose 10mg', 'two times a day, 5ml by mouth', '2007-08-12', '2007-08-19')
insert into medication values ('S6599494U', 'Simvastatin 40mg', 'once a day, at night', '2008-02-18', '2008-02-25')
insert into medication values ('S6519677Y', 'Amiodarone 20mg', 'once a day, 1 tablet by mouth', '2006-08-07', '2006-08-12')
insert into medication values ('S6594382J', 'Ceftriaxone 1g', 'once a day, 1 injectable solution intravenously', '2008-04-15', '2008-04-21')
insert into medication values ('S7568109D', 'Ibufprofen 400mg', 'three times a day', '2007-09-17', '2007-09-24')
insert into medication values ('S6594424C', 'Ceftin 500mg', 'three times a day, 1 tablet by mouth', '2009-04-09', '2009-04-16')
insert into medication values ('S7566381C', 'Ibufprofen 400mg', 'three times a day', '2007-10-09', '2007-10-14')
insert into medication values ('S7584957I', 'Ibufprofen 400mg', 'three times a day', '2009-01-13', '2009-01-20')
insert into medication values ('S7559561U', 'Azythromycine 500mg', 'once a day, 1 injectable solution intravenously', '2009-08-14', '2009-08-18')
insert into medication values ('S7572737A', 'Amiodarone 20mg', 'once a day, 1 tablet by mouth', '2008-06-05', '2008-06-12')
insert into medication values ('S7574399D', 'Amiodarone 20mg', 'once a day, 1 tablet by mouth', '2006-07-19', '2006-07-26')
insert into medication values ('S7543298P', 'Amiodarone 20mg', 'once a day, 1 tablet by mouth', '2008-12-08', '2008-12-14')
insert into medication values ('S6525621I', 'Azythromycine 500mg', 'once a day, 1 injectable solution intravenously', '2007-05-10', '2007-05-15')
insert into medication values ('S7563683E', 'Azythromycine 500mg', 'once a day, 1 injectable solution intravenously', '2006-07-04', '2006-07-08')
insert into medication values ('S6537826H', 'Simvastatin 40mg', 'once a day, at night', '2008-08-18', '2008-08-26')
insert into medication values ('S8586402F', 'Azythromycine 500mg', 'once a day, 1 injectable solution intravenously', '2007-02-07', '2007-02-13')
insert into medication values ('S6562537B', 'Simvastatin 40mg', 'once a day, at night', '2007-05-13', '2007-05-21')
insert into medication values ('S7575645U', 'Lipitor 20mg', 'once a day, at night', '2008-06-06', '2008-06-10')
insert into medication values ('S8522105T', 'Lactulose 10mg', 'two times a day, 5ml by mouth', '2006-08-10', '2006-08-17')
insert into medication values ('S8568662U', 'Lipitor 20mg', 'once a day, at night', '2008-10-07', '2008-10-12')
insert into medication values ('S7579221J', 'Ceftin 500mg', 'three times a day, 1 tablet by mouth', '2009-02-05', '2009-02-12')
insert into medication values ('S6569400O', 'Simvastatin 40mg', 'once a day, at night', '2008-08-04', '2008-08-11')
insert into medication values ('S7581775E', 'Simvastatin 40mg', 'once a day, at night', '2008-10-14', '2008-10-19')
insert into medication values ('S8658530T', 'Ceftriaxone 1g', 'once a day, 1 injectable solution intravenously', '2007-01-12', '2007-01-19')
insert into medication values ('S7629944U', 'Amiodarone 20mg', 'once a day, 1 tablet by mouth', '2008-05-05', '2008-05-12')
insert into medication values ('S7679911R', 'Amiodarone 20mg', 'once a day, 1 tablet by mouth', '2008-09-10', '2008-09-14')
insert into medication values ('S7637350X', 'Ibufprofen 400mg', 'three times a day', '2008-06-13', '2008-06-18')
insert into medication values ('S8620155D', 'Amiodarone 20mg', 'once a day, 1 tablet by mouth', '2008-10-07', '2008-10-15')
insert into medication values ('S7661617W', 'Ceftin 500mg', 'three times a day, 1 tablet by mouth', '2007-02-17', '2007-02-24')
insert into medication values ('S7630464O', 'Amiodarone 20mg', 'once a day, 1 tablet by mouth', '2007-02-14', '2007-02-20')
insert into medication values ('S7685186Y', 'Azythromycine 500mg', 'once a day, 1 injectable solution intravenously', '2007-11-20', '2007-11-27')
insert into medication values ('S8652792R', 'Lactulose 10mg', 'two times a day, 5ml by mouth', '2009-07-19', '2009-07-23')
insert into medication values ('S7682173K', 'Ibufprofen 400mg', 'three times a day', '2006-06-13', '2006-06-21')
insert into medication values ('S6671466O', 'Lactulose 10mg', 'two times a day, 5ml by mouth', '2007-07-16', '2007-07-21')
insert into medication values ('S8616827Z', 'Ibufprofen 400mg', 'three times a day', '2008-12-07', '2008-12-14')
insert into medication values ('S7638861J', 'Ceftin 500mg', 'three times a day, 1 tablet by mouth', '2007-10-16', '2007-10-23')
insert into medication values ('S7629685J', 'Ceftin 500mg', 'three times a day, 1 tablet by mouth', '2009-01-06', '2009-01-14')
insert into medication values ('S6687109T', 'Amiodarone 20mg', 'once a day, 1 tablet by mouth', '2007-12-11', '2007-12-17')
insert into medication values ('S7692445K', 'Ibufprofen 400mg', 'three times a day', '2007-09-08', '2007-09-12')
insert into medication values ('S7689627O', 'Ceftin 500mg', 'three times a day, 1 tablet by mouth', '2007-05-17', '2007-05-25')
insert into medication values ('S7658543V', 'Ibufprofen 400mg', 'three times a day', '2008-03-11', '2008-03-18')
insert into medication values ('S8692808J', 'Lactulose 10mg', 'two times a day, 5ml by mouth', '2008-02-06', '2008-02-10')
insert into medication values ('S6669167M', 'Simvastatin 40mg', 'once a day, at night', '2009-01-14', '2009-01-19')
insert into medication values ('S8666896M', 'Ibufprofen 400mg', 'three times a day', '2008-11-09', '2008-11-15')
