drop database if exists localdb
create database if not exists localdb
use localdb

CREATE TABLE patient(patient_id varchar(30) NOT NULL, first_name text, last_name text, date_of_birth text, age integer, gender text, address text, nationality text, CONSTRAINT patient_pkey PRIMARY KEY (patient_id))
insert into patient values ('S7620963E', 'TECK RUI', 'KOH', '1988-03-28', 21, 'male', 'Toa Payo', 'Singaporean')
insert into patient values ('S8658530T', 'ARACHCHIGE PERERA', 'RANASINGHA', '1976-04-24', 33, 'female', 'Dover', 'Singaporean')
insert into patient values ('S6674693E', 'LEE-EE PATRICK', 'LING', '1974-12-19', 35, 'male', 'Changi', 'Singaporean')
insert into patient values ('S7629944U', 'DENISE', 'HENG', '1981-05-01', 28, 'female', 'Katong', 'Singaporean')
insert into patient values ('S7631765K', 'CHENG SHEK', 'FONG', '1970-12-13', 39, 'female', 'Dover', 'Singaporean')
insert into patient values ('S7670926Y', 'KUO CHEUNG JIMMY', 'TENG', '1986-03-26', 23, 'male', 'Bedok', 'Singaporean')
insert into patient values ('S6686590O', 'GEOK MENG', 'NG', '1969-01-25', 40, 'female', 'Toa Payo', 'Singaporean')
insert into patient values ('S8689860R', 'KWEE GUAN', 'TAY', '1987-09-25', 22, 'female', 'Bedok', 'Singaporean')
insert into patient values ('S6641899G', 'CHEN SIANG', 'LEE', '1988-07-20', 21, 'male', 'Keppel', 'Singaporean')
insert into patient values ('S8633686C', 'MUI FONG', 'FUAN', '1977-03-13', 32, 'female', 'Keppel', 'Singaporean')
insert into patient values ('S7665486A', 'WEE PENG', 'LIAU', '1976-01-15', 33, 'male', 'Changi', 'Singaporean')
insert into patient values ('S8659237Y', 'CHIN HEONG', 'NG', '1981-09-03', 28, 'female', 'Toa Payo', 'Singaporean')
insert into patient values ('S8693182I', 'GOY TECK', 'LIM', '1979-08-25', 30, 'male', 'Changi', 'Singaporean')
insert into patient values ('S8614619C', 'TSUN MAN JOSEPH', 'IP', '1971-05-21', 38, 'male', 'Toa Payo', 'Singaporean')
insert into patient values ('S8660842C', 'SIONG HWA', 'CHNG', '1970-10-11', 39, 'female', 'Punggol', 'Singaporean')
insert into patient values ('S7615728T', 'SIM HO', 'WEE', '1977-04-21', 32, 'male', 'Katong', 'Singaporean')
insert into patient values ('S8620320L', 'WILKIE', 'TEH', '1970-09-06', 39, 'male', 'Punggol', 'Singaporean')
insert into patient values ('S7685247M', 'KHAI YEE', 'TAN', '1977-04-10', 32, 'male', 'Katong', 'Singaporean')
insert into patient values ('S7679911R', 'CHIN WEI', 'LER', '1985-05-03', 24, 'female', 'Changi', 'Singaporean')
insert into patient values ('S7671986F', 'HALIM MAN', 'JOHNSON', '1976-09-11', 33, 'male', 'Dover', 'Singaporean')
insert into patient values ('S7637350X', 'HWEE LIN', 'NG', '1983-09-18', 26, 'male', 'Toa Payo', 'Singaporean')
insert into patient values ('S6665406Q', 'HON KIT', 'LAI', '1982-08-08', 27, 'male', 'Punggol', 'Singaporean')
insert into patient values ('S8647755E', 'LERN LOONG', 'YEO', '1989-04-14', 20, 'male', 'Bedok', 'Singaporean')
insert into patient values ('S8620155D', 'YI-LYN JILLIAN', 'LIM', '1975-02-12', 34, 'male', 'Punggol', 'Singaporean')
insert into patient values ('S8683963T', 'CHEE MENG', 'TAN', '1980-09-20', 29, 'male', 'Toa Payo', 'Singaporean')
insert into patient values ('S8664570L', 'CHERYL DOROTHY', 'NONIS', '1985-03-20', 24, 'female', 'Katong', 'Singaporean')
insert into patient values ('S6643808B', 'BENG HONG', 'LEE', '1976-06-14', 33, 'female', 'Punggol', 'Singaporean')
insert into patient values ('S7677817A', 'TZE HOONG', 'TEO', '1969-04-21', 40, 'female', 'Katong', 'Singaporean')
insert into patient values ('S7674309V', 'KOK LIANG', 'CHONG', '1985-03-08', 24, 'female', 'Toa Payo', 'Singaporean')
insert into patient values ('S7687334B', 'PUOK YUEE', 'TAN', '1970-02-25', 39, 'female', 'Bedok', 'Singaporean')
insert into patient values ('S7661310T', 'SHAN SHAN', 'CHOW', '1973-03-13', 36, 'female', 'Dover', 'Singaporean')
insert into patient values ('S6671140O', 'YU CHEN', 'CHOO', '1979-05-24', 30, 'male', 'Punggol', 'Singaporean')
insert into patient values ('S7661568I', 'MAN HON', 'NG', '1977-02-28', 32, 'female', 'Punggol', 'Singaporean')
insert into patient values ('S6680112X', 'XIAOMING', 'LI', '1973-03-03', 36, 'female', 'Toa Payo', 'Singaporean')
insert into patient values ('S7633466X', 'HON KIT', 'LAI', '1971-05-16', 38, 'male', 'Dover', 'Singaporean')
insert into patient values ('S7691240M', 'CHEN SEONG', 'CHONG', '1983-10-15', 26, 'female', 'Punggol', 'Singaporean')
insert into patient values ('S7661617W', 'WILKIE', 'TEH', '1981-02-06', 28, 'male', 'Bedok', 'Singaporean')
insert into patient values ('S7627607W', 'WAI KUAN', 'SUM', '1986-03-06', 23, 'female', 'Keppel', 'Singaporean')
insert into patient values ('S7612194O', 'AIK KEONG ERIC', 'TOH', '1976-04-12', 33, 'female', 'Punggol', 'Singaporean')
insert into patient values ('S7630464O', 'EE HONG', 'HO', '1980-05-16', 29, 'male', 'Changi', 'Singaporean')
insert into patient values ('S8651368G', 'WEE PING', 'KOH', '1979-01-05', 30, 'male', 'Punggol', 'Singaporean')
insert into patient values ('S8627595K', 'HOON LIP', 'GOH', '1973-05-17', 36, 'male', 'Changi', 'Singaporean')
insert into patient values ('S7685186Y', 'HUI JIN', 'YAP', '1970-01-21', 39, 'female', 'Toa Payo', 'Singaporean')
insert into patient values ('S8652792R', 'HUIYUN MERYL', 'LAN', '1975-05-11', 34, 'female', 'Dover', 'Singaporean')
insert into patient values ('S7682173K', 'WEE TUAN', 'KHOO', '1974-11-17', 35, 'female', 'Punggol', 'Singaporean')
insert into patient values ('S6677674B', 'WAY LING', 'CHEN', '1975-04-25', 34, 'male', 'Toa Payo', 'Singaporean')
insert into patient values ('S6671466O', 'CHYE WEI', 'CHIONH', '1971-10-12', 38, 'female', 'Changi', 'Singaporean')
insert into patient values ('S8640641O', 'WAI HONG', 'LOW', '1976-09-07', 33, 'male', 'Katong', 'Singaporean')
insert into patient values ('S7628229F', 'MEI FANG', 'TAN', '1984-02-11', 25, 'male', 'Bedok', 'Singaporean')
insert into patient values ('S8616827Z', 'KONG JIN', 'PNG', '1972-04-16', 37, 'female', 'Chinatown', 'Singaporean')
insert into patient values ('S7638861J', 'CHEE LING', 'WONG', '1972-04-06', 37, 'male', 'Changi', 'Singaporean')
insert into patient values ('S7651704M', 'WEE LEE', 'KOH', '1976-09-19', 33, 'female', 'Chinatown', 'Singaporean')
insert into patient values ('S6669444S', 'HENSLEY SUMPUTH', 'JOYSHWIN', '1975-06-07', 34, 'female', 'Toa Payo', 'Singaporean')
insert into patient values ('S6652355W', 'MENG HONG', 'CHUA', '1986-05-11', 23, 'male', 'Punggol', 'Singaporean')
insert into patient values ('S7665362G', 'HUEI LING', 'GOH', '1975-07-24', 34, 'male', 'Dover', 'Singaporean')
insert into patient values ('S8638190Z', 'HUI LING', 'CHAN', '1980-02-19', 29, 'female', 'Changi', 'Singaporean')
insert into patient values ('S8612297V', 'YANG PIN KELVIN', 'LEE', '1979-07-05', 30, 'male', 'Keppel', 'Singaporean')
insert into patient values ('S8636621R', 'CHUNG HON', 'BOEY', '1988-10-24', 21, 'male', 'Changi', 'Singaporean')
insert into patient values ('S7613298E', 'JING', 'LI', '1972-05-06', 37, 'female', 'Bedok', 'Singaporean')
insert into patient values ('S7629685J', 'CHOW PING', 'KOH', '1977-02-25', 32, 'female', 'Chinatown', 'Singaporean')
insert into patient values ('S6664948T', 'KEE HOW ALBERT', 'KHO', '1980-09-06', 29, 'female', 'Punggol', 'Singaporean')
insert into patient values ('S6632273S', 'WEI SAM', 'WONG', '1980-03-15', 29, 'female', 'Punggol', 'Singaporean')
insert into patient values ('S7666109V', 'PANG HOWE', 'KOH', '1975-05-20', 34, 'female', 'Bedok', 'Singaporean')
insert into patient values ('S7616934G', 'TZE PENG DESMOND', 'SIM', '1975-09-12', 34, 'female', 'Katong', 'Singaporean')
insert into patient values ('S6676178R', 'YI MIN KRISTY', 'HENG', '1988-09-13', 21, 'female', 'Dover', 'Singaporean')
insert into patient values ('S7673460C', 'BOON CHER FABIAN', 'TING', '1970-04-07', 39, 'male', 'Toa Payo', 'Singaporean')
insert into patient values ('S7630533P', 'NAM YUEN', 'WONG', '1979-08-08', 30, 'male', 'Katong', 'Singaporean')
insert into patient values ('S7647933R', 'RWE YUN', 'TAN', '1987-06-11', 22, 'male', 'Punggol', 'Singaporean')
insert into patient values ('S7667336G', 'SIAK YAN VINCENT', 'CHIA', '1986-03-04', 23, 'female', 'Changi', 'Singaporean')
insert into patient values ('S7656736R', 'JIT HUIH', 'TAN', '1980-01-06', 29, 'female', 'Bedok', 'Singaporean')
insert into patient values ('S7618276S', 'WEI EE ALVIN', 'TOK', '1988-06-27', 21, 'male', 'Bedok', 'Singaporean')
insert into patient values ('S7619535X', 'PEI CHIN', 'LOW', '1979-03-23', 30, 'female', 'Keppel', 'Singaporean')
insert into patient values ('S6622141H', 'ERN TENG', 'PHUA', '1984-03-28', 25, 'male', 'Keppel', 'Singaporean')
insert into patient values ('S8680473G', 'KOK ONN', 'KONG', '1988-04-02', 21, 'male', 'Keppel', 'Singaporean')
insert into patient values ('S6687109T', 'BENG CHOO', 'LIM', '1982-06-10', 27, 'female', 'Punggol', 'Singaporean')
insert into patient values ('S8632179C', 'HAN LIN', 'TOH', '1969-02-21', 40, 'male', 'Keppel', 'Singaporean')
insert into patient values ('S6675400P', 'SHAN SHAN', 'CHOW', '1971-09-20', 38, 'female', 'Toa Payo', 'Singaporean')
insert into patient values ('S7614826P', 'CHUNG HON', 'BOEY', '1980-05-24', 29, 'male', 'Katong', 'Singaporean')
insert into patient values ('S7692445K', 'KOK HOW', 'TAN', '1986-07-09', 23, 'male', 'Dover', 'Singaporean')
insert into patient values ('S7689627O', 'KOK ONN', 'KONG', '1972-06-18', 37, 'female', 'Bedok', 'Singaporean')
insert into patient values ('S6658746M', 'HUI MIAN', 'LAI', '1987-06-16', 22, 'female', 'Punggol', 'Singaporean')
insert into patient values ('S7658543V', 'KEE FUI TURNER', 'LAM', '1981-07-03', 28, 'female', 'Bedok', 'Singaporean')
insert into patient values ('S7691946L', 'WAI MENG MATTHEW', 'WEE', '1972-11-16', 37, 'female', 'Dover', 'Singaporean')
insert into patient values ('S8688337C', 'YUNG YUNG', 'WU', '1975-08-19', 34, 'male', 'Toa Payo', 'Singaporean')
insert into patient values ('S6660430S', 'ZEE KEAN', 'SIN', '1986-09-12', 23, 'male', 'Changi', 'Singaporean')
insert into patient values ('S6687412H', 'KIAN HUAT', 'LIM', '1986-08-28', 23, 'female', 'Punggol', 'Singaporean')
insert into patient values ('S8692808J', 'MEI LING', 'TAN', '1973-03-19', 36, 'female', 'Dover', 'Singaporean')
insert into patient values ('S6651809J', 'KWAN SWEE', 'YAP', '1976-07-14', 33, 'male', 'Keppel', 'Singaporean')
insert into patient values ('S6676900C', 'HSUEH MIN DAVID', 'ONG', '1977-10-03', 32, 'female', 'Punggol', 'Singaporean')
insert into patient values ('S8667642N', 'CHEUN HONG', 'LEW', '1970-05-20', 39, 'female', 'Changi', 'Singaporean')
insert into patient values ('S6669167M', 'LOON LIEH', 'GUAI', '1981-10-06', 28, 'female', 'Punggol', 'Singaporean')
insert into patient values ('S7622606F', 'LERN LOONG', 'YEO', '1988-09-03', 21, 'female', 'Katong', 'Singaporean')
insert into patient values ('S6656766M', 'CHIN HONG', 'NEO', '1970-03-09', 39, 'female', 'Toa Payo', 'Singaporean')
insert into patient values ('S6665602B', 'CHEE HOE HOWARD', 'PAK', '1987-12-09', 22, 'male', 'Bedok', 'Singaporean')
insert into patient values ('S8640392M', 'YING', 'LAW', '1980-08-11', 29, 'female', 'Dover', 'Singaporean')
insert into patient values ('S8628932E', 'TUCK KUAN', 'THAM', '1976-11-10', 33, 'female', 'Chinatown', 'Singaporean')
insert into patient values ('S6615631P', 'KOK HOW', 'TAN', '1969-10-16', 40, 'female', 'Chinatown', 'Singaporean')
insert into patient values ('S8682481N', 'ENG YEOW', 'LEE', '1971-07-12', 38, 'male', 'Toa Payo', 'Singaporean')
insert into patient values ('S6654110Y', 'KA WAI', 'CHEONG', '1983-08-04', 26, 'male', 'Dover', 'Singaporean')
insert into patient values ('S6656776C', 'HON KHEAN', 'WONG', '1987-03-14', 22, 'female', 'Bedok', 'Singaporean')
insert into patient values ('S8695302V', 'KOK HENG', 'CHIA', '1977-03-05', 32, 'female', 'Toa Payo', 'Singaporean')
insert into patient values ('S7612808N', 'ON YEE ANNIE', 'YIP', '1987-03-20', 22, 'male', 'Dover', 'Singaporean')
insert into patient values ('S8666896M', 'WEI JIE', 'LOKE', '1986-03-04', 23, 'female', 'Keppel', 'Singaporean')
insert into patient values ('S7697932X', 'CHANG CHI GARY', 'LIM', '1970-12-12', 39, 'male', 'Keppel', 'Singaporean')
insert into patient values ('S6673491K', 'WAN GIN SHIRLIN', 'TAY', '1971-03-24', 38, 'female', 'Toa Payo', 'Singaporean')
insert into patient values ('S7652296L', 'WEI YEP ALEX', 'CHAI', '1970-03-25', 39, 'female', 'Toa Payo', 'Singaporean')
insert into patient values ('S7675607X', 'KELLY', 'NANDAR', '1977-11-12', 32, 'female', 'Keppel', 'Singaporean')
insert into patient values ('S7637267V', 'CHEE HOONG', 'CHAN', '1974-10-08', 35, 'female', 'Dover', 'Singaporean')
insert into patient values ('S7665483B', 'AI KHIM', 'TUANG', '1969-07-26', 40, 'male', 'Toa Payo', 'Singaporean')
insert into patient values ('S7671541M', 'WEE CHONG DANIEL', 'ANG', '1977-07-06', 32, 'female', 'Bedok', 'Singaporean')

CREATE TABLE physician(physician_id varchar(30) NOT NULL, first_name text, last_name text, CONSTRAINT patient_pkey PRIMARY KEY (physician_id))
insert into physician values ('PH6000001', 'NAPOB', 'PROMVONGSANON')
insert into physician values ('PH6000002', 'TEO', 'KOK SIONG')

CREATE TABLE treat(patient_id varchar(30), physician_id varchar(30), start_date text, end_date text)
insert into treat values ('S8284186E', 'PH6000001', '2006-03-14', '2006-03-20')
insert into treat values ('S8284186E', 'PH6000002', '2006-03-14', '2006-03-19')
insert into treat values ('S8285084H', 'PH6000001', '2007-05-04', '2007-05-10')
insert into treat values ('S8285084H', 'PH6000002', '2007-05-04', '2007-05-10')
insert into treat values ('S7155700M', 'PH6000001', '2006-08-02', '2006-08-06')
insert into treat values ('S7155700M', 'PH6000002', '2006-08-02', '2006-08-09')
insert into treat values ('S7175840E', 'PH6000001', '2007-09-10', '2007-09-16')
insert into treat values ('S7175840E', 'PH6000002', '2007-09-10', '2007-09-17')
insert into treat values ('S7131566G', 'PH6000001', '2007-04-03', '2007-04-10')
insert into treat values ('S7131566G', 'PH6000002', '2007-04-03', '2007-04-08')
insert into treat values ('S7195328V', 'PH6000001', '2007-06-04', '2007-06-09')
insert into treat values ('S7195328V', 'PH6000002', '2007-06-04', '2007-06-09')
insert into treat values ('S7127561O', 'PH6000001', '2006-07-07', '2006-07-13')
insert into treat values ('S7127561O', 'PH6000002', '2006-07-07', '2006-07-13')
insert into treat values ('S6156259Y', 'PH6000001', '2007-12-05', '2007-12-12')
insert into treat values ('S6156259Y', 'PH6000002', '2007-12-05', '2007-12-10')
insert into treat values ('S8160113T', 'PH6000001', '2007-09-03', '2007-09-07')
insert into treat values ('S8160113T', 'PH6000002', '2007-09-03', '2007-09-09')
insert into treat values ('S7113738O', 'PH6000001', '2007-12-16', '2007-12-21')
insert into treat values ('S7113738O', 'PH6000002', '2007-12-16', '2007-12-22')
insert into treat values ('S7180349D', 'PH6000001', '2007-05-19', '2007-05-25')
insert into treat values ('S7180349D', 'PH6000002', '2007-05-19', '2007-05-24')
insert into treat values ('S7127476Y', 'PH6000001', '2007-12-14', '2007-12-19')
insert into treat values ('S7127476Y', 'PH6000002', '2007-12-14', '2007-12-18')
insert into treat values ('S7182216G', 'PH6000001', '2008-11-03', '2008-11-10')
insert into treat values ('S7182216G', 'PH6000002', '2008-11-03', '2008-11-08')
insert into treat values ('S7128251H', 'PH6000001', '2009-03-03', '2009-03-10')
insert into treat values ('S7128251H', 'PH6000002', '2009-03-03', '2009-03-09')
insert into treat values ('S6111140U', 'PH6000001', '2007-04-03', '2007-04-08')
insert into treat values ('S6111140U', 'PH6000002', '2007-04-03', '2007-04-09')
insert into treat values ('S7142391Q', 'PH6000001', '2006-02-09', '2006-02-15')
insert into treat values ('S7142391Q', 'PH6000002', '2006-02-09', '2006-02-15')
insert into treat values ('S7143870K', 'PH6000001', '2006-03-16', '2006-03-23')
insert into treat values ('S7143870K', 'PH6000002', '2006-03-16', '2006-03-21')
insert into treat values ('S8115971H', 'PH6000001', '2009-08-07', '2009-08-13')
insert into treat values ('S8115971H', 'PH6000002', '2009-08-07', '2009-08-11')
insert into treat values ('S6116370S', 'PH6000001', '2007-07-11', '2007-07-17')
insert into treat values ('S6116370S', 'PH6000002', '2007-07-11', '2007-07-19')
insert into treat values ('S7223971Z', 'PH6000001', '2007-02-11', '2007-02-18')
insert into treat values ('S7223971Z', 'PH6000002', '2007-02-11', '2007-02-18')
insert into treat values ('S8258369F', 'PH6000001', '2007-04-04', '2007-04-10')
insert into treat values ('S8258369F', 'PH6000002', '2007-04-04', '2007-04-09')
insert into treat values ('S7217197T', 'PH6000001', '2008-09-14', '2008-09-19')
insert into treat values ('S7217197T', 'PH6000002', '2008-09-14', '2008-09-20')
insert into treat values ('S7267677E', 'PH6000001', '2008-09-01', '2008-09-07')
insert into treat values ('S7267677E', 'PH6000002', '2008-09-01', '2008-09-08')
insert into treat values ('S8216312N', 'PH6000001', '2006-05-06', '2006-05-12')
insert into treat values ('S8216312N', 'PH6000002', '2006-05-06', '2006-05-12')
insert into treat values ('S6267517Z', 'PH6000001', '2007-09-05', '2007-09-13')
insert into treat values ('S6267517Z', 'PH6000002', '2007-09-05', '2007-09-10')
insert into treat values ('S7228419U', 'PH6000001', '2009-06-13', '2009-06-21')
insert into treat values ('S7228419U', 'PH6000002', '2009-06-13', '2009-06-21')
insert into treat values ('S7257637G', 'PH6000001', '2007-08-16', '2007-08-21')
insert into treat values ('S7257637G', 'PH6000002', '2007-08-16', '2007-08-22')
insert into treat values ('S7257117P', 'PH6000001', '2007-10-06', '2007-10-11')
insert into treat values ('S7257117P', 'PH6000002', '2007-10-06', '2007-10-11')
insert into treat values ('S7269224V', 'PH6000001', '2008-10-06', '2008-10-12')
insert into treat values ('S7269224V', 'PH6000002', '2008-10-06', '2008-10-13')
insert into treat values ('S7273923C', 'PH6000001', '2007-05-17', '2007-05-23')
insert into treat values ('S7273923C', 'PH6000002', '2007-05-17', '2007-05-25')
insert into treat values ('S6261139W', 'PH6000001', '2007-08-09', '2007-08-16')
insert into treat values ('S6261139W', 'PH6000002', '2007-08-09', '2007-08-17')
insert into treat values ('S7227411X', 'PH6000001', '2008-09-12', '2008-09-20')
insert into treat values ('S7227411X', 'PH6000002', '2008-09-12', '2008-09-18')
insert into treat values ('S7263477S', 'PH6000001', '2007-12-13', '2007-12-20')
insert into treat values ('S7263477S', 'PH6000002', '2007-12-13', '2007-12-20')
insert into treat values ('S7246717H', 'PH6000001', '2008-04-08', '2008-04-13')
insert into treat values ('S7246717H', 'PH6000002', '2008-04-08', '2008-04-14')
insert into treat values ('S8218449Y', 'PH6000001', '2006-10-14', '2006-10-19')
insert into treat values ('S8218449Y', 'PH6000002', '2006-10-14', '2006-10-18')
insert into treat values ('S8283761O', 'PH6000001', '2008-07-03', '2008-07-10')
insert into treat values ('S8283761O', 'PH6000002', '2008-07-03', '2008-07-10')
insert into treat values ('S8216753V', 'PH6000001', '2009-07-02', '2009-07-07')
insert into treat values ('S8216753V', 'PH6000002', '2009-07-02', '2009-07-07')
insert into treat values ('S8356268I', 'PH6000001', '2009-01-13', '2009-01-19')
insert into treat values ('S8356268I', 'PH6000002', '2009-01-13', '2009-01-18')
insert into treat values ('S7382208K', 'PH6000001', '2008-08-09', '2008-08-16')
insert into treat values ('S7382208K', 'PH6000002', '2008-08-09', '2008-08-16')
insert into treat values ('S6359192P', 'PH6000001', '2007-03-20', '2007-03-25')
insert into treat values ('S6359192P', 'PH6000002', '2007-03-20', '2007-03-26')
insert into treat values ('S7320654M', 'PH6000001', '2007-11-05', '2007-11-13')
insert into treat values ('S7320654M', 'PH6000002', '2007-11-05', '2007-11-10')
insert into treat values ('S8310788R', 'PH6000001', '2006-03-05', '2006-03-10')
insert into treat values ('S8310788R', 'PH6000002', '2006-03-05', '2006-03-12')
insert into treat values ('S8386881S', 'PH6000001', '2009-07-13', '2009-07-19')
insert into treat values ('S8386881S', 'PH6000002', '2009-07-13', '2009-07-19')
insert into treat values ('S7370387T', 'PH6000001', '2009-02-18', '2009-02-25')
insert into treat values ('S7370387T', 'PH6000002', '2009-02-18', '2009-02-25')
insert into treat values ('S7321579R', 'PH6000001', '2006-07-08', '2006-07-12')
insert into treat values ('S7321579R', 'PH6000002', '2006-07-08', '2006-07-14')
insert into treat values ('S6360780B', 'PH6000001', '2007-08-07', '2007-08-12')
insert into treat values ('S6360780B', 'PH6000002', '2007-08-07', '2007-08-12')
insert into treat values ('S7351935M', 'PH6000001', '2007-11-10', '2007-11-14')
insert into treat values ('S7351935M', 'PH6000002', '2007-11-10', '2007-11-15')
insert into treat values ('S7353790V', 'PH6000001', '2008-08-17', '2008-08-22')
insert into treat values ('S7353790V', 'PH6000002', '2008-08-17', '2008-08-24')
insert into treat values ('S8389611P', 'PH6000001', '2007-01-16', '2007-01-22')
insert into treat values ('S8389611P', 'PH6000002', '2007-01-16', '2007-01-23')
insert into treat values ('S6343283V', 'PH6000001', '2006-03-12', '2006-03-16')
insert into treat values ('S6343283V', 'PH6000002', '2006-03-12', '2006-03-18')
insert into treat values ('S7318665L', 'PH6000001', '2008-04-13', '2008-04-18')
insert into treat values ('S7318665L', 'PH6000002', '2008-04-13', '2008-04-21')
insert into treat values ('S6341442R', 'PH6000001', '2006-06-05', '2006-06-13')
insert into treat values ('S6341442R', 'PH6000002', '2006-06-05', '2006-06-10')
insert into treat values ('S7310327M', 'PH6000001', '2009-06-16', '2009-06-23')
insert into treat values ('S7310327M', 'PH6000002', '2009-06-16', '2009-06-20')
insert into treat values ('S7398570K', 'PH6000001', '2008-10-05', '2008-10-12')
insert into treat values ('S7398570K', 'PH6000002', '2008-10-05', '2008-10-10')
insert into treat values ('S6444767F', 'PH6000001', '2009-07-05', '2009-07-10')
insert into treat values ('S6444767F', 'PH6000002', '2009-07-05', '2009-07-13')
insert into treat values ('S7479701V', 'PH6000001', '2008-04-03', '2008-04-11')
insert into treat values ('S7479701V', 'PH6000002', '2008-04-03', '2008-04-11')
insert into treat values ('S7443693E', 'PH6000001', '2008-01-13', '2008-01-18')
insert into treat values ('S7443693E', 'PH6000002', '2008-01-13', '2008-01-19')
insert into treat values ('S8442952Z', 'PH6000001', '2007-09-05', '2007-09-12')
insert into treat values ('S8442952Z', 'PH6000002', '2007-09-05', '2007-09-12')
insert into treat values ('S6460940H', 'PH6000001', '2008-04-14', '2008-04-19')
insert into treat values ('S6460940H', 'PH6000002', '2008-04-14', '2008-04-20')
insert into treat values ('S7438494X', 'PH6000001', '2006-09-04', '2006-09-11')
insert into treat values ('S7438494X', 'PH6000002', '2006-09-04', '2006-09-09')
insert into treat values ('S7432505M', 'PH6000001', '2008-05-08', '2008-05-13')
insert into treat values ('S7432505M', 'PH6000002', '2008-05-08', '2008-05-12')
insert into treat values ('S7496312D', 'PH6000001', '2008-11-12', '2008-11-17')
insert into treat values ('S7496312D', 'PH6000002', '2008-11-12', '2008-11-17')
insert into treat values ('S7439620Y', 'PH6000001', '2008-05-17', '2008-05-22')
insert into treat values ('S7439620Y', 'PH6000002', '2008-05-17', '2008-05-25')
insert into treat values ('S7455185K', 'PH6000001', '2008-06-16', '2008-06-22')
insert into treat values ('S7455185K', 'PH6000002', '2008-06-16', '2008-06-22')
insert into treat values ('S7417173K', 'PH6000001', '2008-07-06', '2008-07-11')
insert into treat values ('S7417173K', 'PH6000002', '2008-07-06', '2008-07-14')
insert into treat values ('S8450296O', 'PH6000001', '2008-02-05', '2008-02-09')
insert into treat values ('S8450296O', 'PH6000002', '2008-02-05', '2008-02-10')
insert into treat values ('S8487906P', 'PH6000001', '2007-11-05', '2007-11-12')
insert into treat values ('S8487906P', 'PH6000002', '2007-11-05', '2007-11-09')
insert into treat values ('S6478104E', 'PH6000001', '2007-10-10', '2007-10-14')
insert into treat values ('S6478104E', 'PH6000002', '2007-10-10', '2007-10-18')
insert into treat values ('S7451931O', 'PH6000001', '2009-02-16', '2009-02-23')
insert into treat values ('S7451931O', 'PH6000002', '2009-02-16', '2009-02-22')
insert into treat values ('S7434568M', 'PH6000001', '2006-04-03', '2006-04-08')
insert into treat values ('S7434568M', 'PH6000002', '2006-04-03', '2006-04-10')
insert into treat values ('S7457253Y', 'PH6000001', '2007-08-14', '2007-08-21')
insert into treat values ('S7457253Y', 'PH6000002', '2007-08-14', '2007-08-22')
insert into treat values ('S7436389T', 'PH6000001', '2007-11-09', '2007-11-16')
insert into treat values ('S7436389T', 'PH6000002', '2007-11-09', '2007-11-17')
insert into treat values ('S6449987U', 'PH6000001', '2008-11-01', '2008-11-06')
insert into treat values ('S6449987U', 'PH6000002', '2008-11-01', '2008-11-08')
insert into treat values ('S7465487E', 'PH6000001', '2007-11-10', '2007-11-18')
insert into treat values ('S7465487E', 'PH6000002', '2007-11-10', '2007-11-17')
insert into treat values ('S7449910Y', 'PH6000001', '2008-06-07', '2008-06-15')
insert into treat values ('S7449910Y', 'PH6000002', '2008-06-07', '2008-06-15')
insert into treat values ('S8471587J', 'PH6000001', '2008-07-06', '2008-07-11')
insert into treat values ('S8471587J', 'PH6000002', '2008-07-06', '2008-07-11')
insert into treat values ('S7578670R', 'PH6000001', '2007-11-20', '2007-11-26')
insert into treat values ('S7578670R', 'PH6000002', '2007-11-20', '2007-11-25')
insert into treat values ('S7534933E', 'PH6000001', '2006-10-08', '2006-10-16')
insert into treat values ('S7534933E', 'PH6000002', '2006-10-08', '2006-10-13')
insert into treat values ('S8533785A', 'PH6000001', '2007-08-02', '2007-08-10')
insert into treat values ('S8533785A', 'PH6000002', '2007-08-02', '2007-08-09')
insert into treat values ('S6521341F', 'PH6000001', '2006-05-08', '2006-05-15')
insert into treat values ('S6521341F', 'PH6000002', '2006-05-08', '2006-05-15')
insert into treat values ('S7579647C', 'PH6000001', '2008-09-08', '2008-09-15')
insert into treat values ('S7579647C', 'PH6000002', '2008-09-08', '2008-09-13')
insert into treat values ('S7555534N', 'PH6000001', '2009-08-17', '2009-08-22')
insert into treat values ('S7555534N', 'PH6000002', '2009-08-17', '2009-08-24')
insert into treat values ('S6599494U', 'PH6000001', '2006-02-05', '2006-02-13')
insert into treat values ('S6599494U', 'PH6000002', '2006-02-05', '2006-02-11')
insert into treat values ('S6519677Y', 'PH6000001', '2006-02-03', '2006-02-10')
insert into treat values ('S6519677Y', 'PH6000002', '2006-02-03', '2006-02-07')
insert into treat values ('S6594382J', 'PH6000001', '2007-06-03', '2007-06-11')
insert into treat values ('S6594382J', 'PH6000002', '2007-06-03', '2007-06-11')
insert into treat values ('S7568109D', 'PH6000001', '2008-10-11', '2008-10-16')
insert into treat values ('S7568109D', 'PH6000002', '2008-10-11', '2008-10-18')
insert into treat values ('S6594424C', 'PH6000001', '2007-07-07', '2007-07-15')
insert into treat values ('S6594424C', 'PH6000002', '2007-07-07', '2007-07-13')
insert into treat values ('S7566381C', 'PH6000001', '2009-03-04', '2009-03-09')
insert into treat values ('S7566381C', 'PH6000002', '2009-03-04', '2009-03-11')
insert into treat values ('S7584957I', 'PH6000001', '2008-11-17', '2008-11-22')
insert into treat values ('S7584957I', 'PH6000002', '2008-11-17', '2008-11-23')
insert into treat values ('S7559561U', 'PH6000001', '2007-07-17', '2007-07-24')
insert into treat values ('S7559561U', 'PH6000002', '2007-07-17', '2007-07-22')
insert into treat values ('S7572737A', 'PH6000001', '2007-12-14', '2007-12-20')
insert into treat values ('S7572737A', 'PH6000002', '2007-12-14', '2007-12-20')
insert into treat values ('S7574399D', 'PH6000001', '2007-07-19', '2007-07-27')
insert into treat values ('S7574399D', 'PH6000002', '2007-07-19', '2007-07-23')
insert into treat values ('S7543298P', 'PH6000001', '2006-08-17', '2006-08-22')
insert into treat values ('S7543298P', 'PH6000002', '2006-08-17', '2006-08-25')
insert into treat values ('S6525621I', 'PH6000001', '2008-04-04', '2008-04-11')
insert into treat values ('S6525621I', 'PH6000002', '2008-04-04', '2008-04-12')
insert into treat values ('S7563683E', 'PH6000001', '2008-07-07', '2008-07-13')
insert into treat values ('S7563683E', 'PH6000002', '2008-07-07', '2008-07-14')
insert into treat values ('S6537826H', 'PH6000001', '2008-02-05', '2008-02-10')
insert into treat values ('S6537826H', 'PH6000002', '2008-02-05', '2008-02-12')
insert into treat values ('S8586402F', 'PH6000001', '2007-11-18', '2007-11-24')
insert into treat values ('S8586402F', 'PH6000002', '2007-11-18', '2007-11-23')
insert into treat values ('S6562537B', 'PH6000001', '2008-03-19', '2008-03-27')
insert into treat values ('S6562537B', 'PH6000002', '2008-03-19', '2008-03-25')
insert into treat values ('S7575645U', 'PH6000001', '2008-10-07', '2008-10-13')
insert into treat values ('S7575645U', 'PH6000002', '2008-10-07', '2008-10-14')
insert into treat values ('S8522105T', 'PH6000001', '2008-05-15', '2008-05-21')
insert into treat values ('S8522105T', 'PH6000002', '2008-05-15', '2008-05-20')
insert into treat values ('S8568662U', 'PH6000001', '2008-02-16', '2008-02-22')
insert into treat values ('S8568662U', 'PH6000002', '2008-02-16', '2008-02-20')
insert into treat values ('S7579221J', 'PH6000001', '2008-04-16', '2008-04-24')
insert into treat values ('S7579221J', 'PH6000002', '2008-04-16', '2008-04-20')
insert into treat values ('S6569400O', 'PH6000001', '2007-09-14', '2007-09-21')
insert into treat values ('S6569400O', 'PH6000002', '2007-09-14', '2007-09-19')
insert into treat values ('S7581775E', 'PH6000001', '2007-08-09', '2007-08-17')
insert into treat values ('S7581775E', 'PH6000002', '2007-08-09', '2007-08-16')
insert into treat values ('S8658530T', 'PH6000001', '2007-07-13', '2007-07-18')
insert into treat values ('S8658530T', 'PH6000002', '2007-07-13', '2007-07-18')
insert into treat values ('S7629944U', 'PH6000001', '2008-05-05', '2008-05-12')
insert into treat values ('S7629944U', 'PH6000002', '2008-05-05', '2008-05-12')
insert into treat values ('S7679911R', 'PH6000001', '2009-06-18', '2009-06-26')
insert into treat values ('S7679911R', 'PH6000002', '2009-06-18', '2009-06-24')
insert into treat values ('S7637350X', 'PH6000001', '2008-06-13', '2008-06-18')
insert into treat values ('S7637350X', 'PH6000002', '2008-06-13', '2008-06-19')
insert into treat values ('S8620155D', 'PH6000001', '2007-04-13', '2007-04-18')
insert into treat values ('S8620155D', 'PH6000002', '2007-04-13', '2007-04-20')
insert into treat values ('S7661617W', 'PH6000001', '2008-07-02', '2008-07-08')
insert into treat values ('S7661617W', 'PH6000002', '2008-07-02', '2008-07-08')
insert into treat values ('S7630464O', 'PH6000001', '2008-02-03', '2008-02-07')
insert into treat values ('S7630464O', 'PH6000002', '2008-02-03', '2008-02-09')
insert into treat values ('S7685186Y', 'PH6000001', '2009-08-16', '2009-08-21')
insert into treat values ('S7685186Y', 'PH6000002', '2009-08-16', '2009-08-22')
insert into treat values ('S8652792R', 'PH6000001', '2007-03-03', '2007-03-09')
insert into treat values ('S8652792R', 'PH6000002', '2007-03-03', '2007-03-08')
insert into treat values ('S7682173K', 'PH6000001', '2008-11-02', '2008-11-07')
insert into treat values ('S7682173K', 'PH6000002', '2008-11-02', '2008-11-09')
insert into treat values ('S6671466O', 'PH6000001', '2008-11-02', '2008-11-06')
insert into treat values ('S6671466O', 'PH6000002', '2008-11-02', '2008-11-10')
insert into treat values ('S8616827Z', 'PH6000001', '2009-01-02', '2009-01-08')
insert into treat values ('S8616827Z', 'PH6000002', '2009-01-02', '2009-01-09')
insert into treat values ('S7638861J', 'PH6000001', '2006-10-17', '2006-10-21')
insert into treat values ('S7638861J', 'PH6000002', '2006-10-17', '2006-10-22')
insert into treat values ('S7629685J', 'PH6000001', '2009-03-18', '2009-03-24')
insert into treat values ('S7629685J', 'PH6000002', '2009-03-18', '2009-03-23')
insert into treat values ('S6687109T', 'PH6000001', '2009-02-07', '2009-02-11')
insert into treat values ('S6687109T', 'PH6000002', '2009-02-07', '2009-02-13')
insert into treat values ('S7692445K', 'PH6000001', '2008-08-12', '2008-08-18')
insert into treat values ('S7692445K', 'PH6000002', '2008-08-12', '2008-08-17')
insert into treat values ('S7689627O', 'PH6000001', '2009-03-12', '2009-03-17')
insert into treat values ('S7689627O', 'PH6000002', '2009-03-12', '2009-03-18')
insert into treat values ('S7658543V', 'PH6000001', '2006-02-16', '2006-02-23')
insert into treat values ('S7658543V', 'PH6000002', '2006-02-16', '2006-02-23')
insert into treat values ('S8692808J', 'PH6000001', '2007-05-18', '2007-05-23')
insert into treat values ('S8692808J', 'PH6000002', '2007-05-18', '2007-05-23')
insert into treat values ('S6669167M', 'PH6000001', '2006-05-15', '2006-05-20')
insert into treat values ('S6669167M', 'PH6000002', '2006-05-15', '2006-05-23')
insert into treat values ('S8666896M', 'PH6000001', '2008-04-10', '2008-04-15')
insert into treat values ('S8666896M', 'PH6000002', '2008-04-10', '2008-04-16')

CREATE TABLE visit(patient_id text, visit_date text, location text, reason text)
insert into visit values ('S8284186E', '2006-03-14', 'Singapore General Hospital', 'heart problem')
insert into visit values ('S8285084H', '2007-05-04', 'Singapore General Hospital', 'backache')
insert into visit values ('S7155700M', '2006-08-02', 'Singapore General Hospital', 'cough')
insert into visit values ('S7175840E', '2007-09-10', 'Singapore General Hospital', 'sore throat')
insert into visit values ('S7131566G', '2007-04-03', 'Singapore General Hospital', 'backache')
insert into visit values ('S7195328V', '2007-06-04', 'Singapore General Hospital', 'sore throat')
insert into visit values ('S7127561O', '2006-07-07', 'Singapore General Hospital', 'stomach problem')
insert into visit values ('S6156259Y', '2007-12-05', 'Singapore General Hospital', 'respiratory problem')
insert into visit values ('S8160113T', '2007-09-03', 'Singapore General Hospital', 'fever')
insert into visit values ('S7113738O', '2007-12-16', 'Singapore General Hospital', 'respiratory problem')
insert into visit values ('S7180349D', '2007-05-19', 'Singapore General Hospital', 'fever')
insert into visit values ('S7127476Y', '2007-12-14', 'Singapore General Hospital', 'stomach problem')
insert into visit values ('S7182216G', '2008-11-03', 'Singapore General Hospital', 'stomach problem')
insert into visit values ('S7128251H', '2009-03-03', 'Singapore General Hospital', 'backache')
insert into visit values ('S6111140U', '2007-04-03', 'Singapore General Hospital', 'cough')
insert into visit values ('S7142391Q', '2006-02-09', 'Singapore General Hospital', 'cough')
insert into visit values ('S7143870K', '2006-03-16', 'Singapore General Hospital', 'cough')
insert into visit values ('S8115971H', '2009-08-07', 'Singapore General Hospital', 'fever')
insert into visit values ('S6116370S', '2007-07-11', 'Singapore General Hospital', 'sore throat')
insert into visit values ('S7223971Z', '2007-02-11', 'Singapore General Hospital', 'stomach problem')
insert into visit values ('S8258369F', '2007-04-04', 'Singapore General Hospital', 'backache')
insert into visit values ('S7217197T', '2008-09-14', 'Singapore General Hospital', 'heart problem')
insert into visit values ('S7267677E', '2008-09-01', 'Singapore General Hospital', 'stomach problem')
insert into visit values ('S8216312N', '2006-05-06', 'Singapore General Hospital', 'respiratory problem')
insert into visit values ('S6267517Z', '2007-09-05', 'Singapore General Hospital', 'sore throat')
insert into visit values ('S7228419U', '2009-06-13', 'Singapore General Hospital', 'respiratory problem')
insert into visit values ('S7257637G', '2007-08-16', 'Singapore General Hospital', 'backache')
insert into visit values ('S7257117P', '2007-10-06', 'Singapore General Hospital', 'stomach problem')
insert into visit values ('S7269224V', '2008-10-06', 'Singapore General Hospital', 'cough')
insert into visit values ('S7273923C', '2007-05-17', 'Singapore General Hospital', 'heart problem')
insert into visit values ('S6261139W', '2007-08-09', 'Singapore General Hospital', 'cough')
insert into visit values ('S7227411X', '2008-09-12', 'Singapore General Hospital', 'backache')
insert into visit values ('S7263477S', '2007-12-13', 'Singapore General Hospital', 'cough')
insert into visit values ('S7246717H', '2008-04-08', 'Singapore General Hospital', 'backache')
insert into visit values ('S8218449Y', '2006-10-14', 'Singapore General Hospital', 'fever')
insert into visit values ('S8283761O', '2008-07-03', 'Singapore General Hospital', 'heart problem')
insert into visit values ('S8216753V', '2009-07-02', 'Singapore General Hospital', 'respiratory problem')
insert into visit values ('S8356268I', '2009-01-13', 'Singapore General Hospital', 'sore throat')
insert into visit values ('S7382208K', '2008-08-09', 'Singapore General Hospital', 'backache')
insert into visit values ('S6359192P', '2007-03-20', 'Singapore General Hospital', 'heart problem')
insert into visit values ('S7320654M', '2007-11-05', 'Singapore General Hospital', 'sore throat')
insert into visit values ('S8310788R', '2006-03-05', 'Singapore General Hospital', 'heart problem')
insert into visit values ('S8386881S', '2009-07-13', 'Singapore General Hospital', 'fever')
insert into visit values ('S7370387T', '2009-02-18', 'Singapore General Hospital', 'cough')
insert into visit values ('S7321579R', '2006-07-08', 'Singapore General Hospital', 'backache')
insert into visit values ('S6360780B', '2007-08-07', 'Singapore General Hospital', 'sore throat')
insert into visit values ('S7351935M', '2007-11-10', 'Singapore General Hospital', 'sore throat')
insert into visit values ('S7353790V', '2008-08-17', 'Singapore General Hospital', 'cough')
insert into visit values ('S8389611P', '2007-01-16', 'Singapore General Hospital', 'backache')
insert into visit values ('S6343283V', '2006-03-12', 'Singapore General Hospital', 'sore throat')
insert into visit values ('S7318665L', '2008-04-13', 'Singapore General Hospital', 'sore throat')
insert into visit values ('S6341442R', '2006-06-05', 'Singapore General Hospital', 'sore throat')
insert into visit values ('S7310327M', '2009-06-16', 'Singapore General Hospital', 'cough')
insert into visit values ('S7398570K', '2008-10-05', 'Singapore General Hospital', 'backache')
insert into visit values ('S6444767F', '2009-07-05', 'Singapore General Hospital', 'stomach problem')
insert into visit values ('S7479701V', '2008-04-03', 'Singapore General Hospital', 'heart problem')
insert into visit values ('S7443693E', '2008-01-13', 'Singapore General Hospital', 'stomach problem')
insert into visit values ('S8442952Z', '2007-09-05', 'Singapore General Hospital', 'backache')
insert into visit values ('S6460940H', '2008-04-14', 'Singapore General Hospital', 'cough')
insert into visit values ('S7438494X', '2006-09-04', 'Singapore General Hospital', 'stomach problem')
insert into visit values ('S7432505M', '2008-05-08', 'Singapore General Hospital', 'sore throat')
insert into visit values ('S7496312D', '2008-11-12', 'Singapore General Hospital', 'cephalea')
insert into visit values ('S7439620Y', '2008-05-17', 'Singapore General Hospital', 'stomach problem')
insert into visit values ('S7455185K', '2008-06-16', 'Singapore General Hospital', 'cough')
insert into visit values ('S7417173K', '2008-07-06', 'Singapore General Hospital', 'respiratory problem')
insert into visit values ('S8450296O', '2008-02-05', 'Singapore General Hospital', 'fever')
insert into visit values ('S8487906P', '2007-11-05', 'Singapore General Hospital', 'fever')
insert into visit values ('S6478104E', '2007-10-10', 'Singapore General Hospital', 'respiratory problem')
insert into visit values ('S7451931O', '2009-02-16', 'Singapore General Hospital', 'heart problem')
insert into visit values ('S7434568M', '2006-04-03', 'Singapore General Hospital', 'cough')
insert into visit values ('S7457253Y', '2007-08-14', 'Singapore General Hospital', 'fever')
insert into visit values ('S7436389T', '2007-11-09', 'Singapore General Hospital', 'fever')
insert into visit values ('S6449987U', '2008-11-01', 'Singapore General Hospital', 'stomach problem')
insert into visit values ('S7465487E', '2007-11-10', 'Singapore General Hospital', 'stomach problem')
insert into visit values ('S7449910Y', '2008-06-07', 'Singapore General Hospital', 'stomach problem')
insert into visit values ('S8471587J', '2008-07-06', 'Singapore General Hospital', 'cephalea')
insert into visit values ('S7578670R', '2007-11-20', 'Singapore General Hospital', 'sore throat')
insert into visit values ('S7534933E', '2006-10-08', 'Singapore General Hospital', 'sore throat')
insert into visit values ('S8533785A', '2007-08-02', 'Singapore General Hospital', 'backache')
insert into visit values ('S6521341F', '2006-05-08', 'Singapore General Hospital', 'backache')
insert into visit values ('S7579647C', '2008-09-08', 'Singapore General Hospital', 'stomach problem')
insert into visit values ('S7555534N', '2009-08-17', 'Singapore General Hospital', 'stomach problem')
insert into visit values ('S6599494U', '2006-02-05', 'Singapore General Hospital', 'fever')
insert into visit values ('S6519677Y', '2006-02-03', 'Singapore General Hospital', 'stomach problem')
insert into visit values ('S6594382J', '2007-06-03', 'Singapore General Hospital', 'heart problem')
insert into visit values ('S7568109D', '2008-10-11', 'Singapore General Hospital', 'sore throat')
insert into visit values ('S6594424C', '2007-07-07', 'Singapore General Hospital', 'cephalea')
insert into visit values ('S7566381C', '2009-03-04', 'Singapore General Hospital', 'fever')
insert into visit values ('S7584957I', '2008-11-17', 'Singapore General Hospital', 'stomach problem')
insert into visit values ('S7559561U', '2007-07-17', 'Singapore General Hospital', 'backache')
insert into visit values ('S7572737A', '2007-12-14', 'Singapore General Hospital', 'heart problem')
insert into visit values ('S7574399D', '2007-07-19', 'Singapore General Hospital', 'stomach problem')
insert into visit values ('S7543298P', '2006-08-17', 'Singapore General Hospital', 'cephalea')
insert into visit values ('S6525621I', '2008-04-04', 'Singapore General Hospital', 'sore throat')
insert into visit values ('S7563683E', '2008-07-07', 'Singapore General Hospital', 'backache')
insert into visit values ('S6537826H', '2008-02-05', 'Singapore General Hospital', 'stomach problem')
insert into visit values ('S8586402F', '2007-11-18', 'Singapore General Hospital', 'fever')
insert into visit values ('S6562537B', '2008-03-19', 'Singapore General Hospital', 'heart problem')
insert into visit values ('S7575645U', '2008-10-07', 'Singapore General Hospital', 'respiratory problem')
insert into visit values ('S8522105T', '2008-05-15', 'Singapore General Hospital', 'sore throat')
insert into visit values ('S8568662U', '2008-02-16', 'Singapore General Hospital', 'cough')
insert into visit values ('S7579221J', '2008-04-16', 'Singapore General Hospital', 'heart problem')
insert into visit values ('S6569400O', '2007-09-14', 'Singapore General Hospital', 'backache')
insert into visit values ('S7581775E', '2007-08-09', 'Singapore General Hospital', 'cephalea')
insert into visit values ('S8658530T', '2007-07-13', 'Singapore General Hospital', 'heart problem')
insert into visit values ('S7629944U', '2008-05-05', 'Singapore General Hospital', 'cephalea')
insert into visit values ('S7679911R', '2009-06-18', 'Singapore General Hospital', 'fever')
insert into visit values ('S7637350X', '2008-06-13', 'Singapore General Hospital', 'sore throat')
insert into visit values ('S8620155D', '2007-04-13', 'Singapore General Hospital', 'fever')
insert into visit values ('S7661617W', '2008-07-02', 'Singapore General Hospital', 'backache')
insert into visit values ('S7630464O', '2008-02-03', 'Singapore General Hospital', 'sore throat')
insert into visit values ('S7685186Y', '2009-08-16', 'Singapore General Hospital', 'sore throat')
insert into visit values ('S8652792R', '2007-03-03', 'Singapore General Hospital', 'sore throat')
insert into visit values ('S7682173K', '2008-11-02', 'Singapore General Hospital', 'sore throat')
insert into visit values ('S6671466O', '2008-11-02', 'Singapore General Hospital', 'fever')
insert into visit values ('S8616827Z', '2009-01-02', 'Singapore General Hospital', 'cephalea')
insert into visit values ('S7638861J', '2006-10-17', 'Singapore General Hospital', 'cephalea')
insert into visit values ('S7629685J', '2009-03-18', 'Singapore General Hospital', 'heart problem')
insert into visit values ('S6687109T', '2009-02-07', 'Singapore General Hospital', 'backache')
insert into visit values ('S7692445K', '2008-08-12', 'Singapore General Hospital', 'heart problem')
insert into visit values ('S7689627O', '2009-03-12', 'Singapore General Hospital', 'sore throat')
insert into visit values ('S7658543V', '2006-02-16', 'Singapore General Hospital', 'heart problem')
insert into visit values ('S8692808J', '2007-05-18', 'Singapore General Hospital', 'heart problem')
insert into visit values ('S6669167M', '2006-05-15', 'Singapore General Hospital', 'backache')
insert into visit values ('S8666896M', '2008-04-10', 'Singapore General Hospital', 'cough')

CREATE TABLE medical_test(patient_id varchar(30), test_name text, value text, test_date text)
insert into medical_test values ('S8284186E', 'red cell distribution width', '11.9%', '2006-03-14')
insert into medical_test values ('S8285084H', 'total iron binding capacity', '320 mcg/dl', '2007-05-04')
insert into medical_test values ('S7155700M', 'MCHC', '33 g/dl', '2006-08-02')
insert into medical_test values ('S7175840E', 'heart rate', '51', '2007-09-10')
insert into medical_test values ('S7131566G', 'red cell distribution width', '11.9%', '2007-04-03')
insert into medical_test values ('S7195328V', 'total iron binding capacity', '290 mcg/dl', '2007-06-04')
insert into medical_test values ('S7127561O', 'MCHC', '31 g/dl', '2006-07-07')
insert into medical_test values ('S6156259Y', 'arterial blood gas', '7.13 pH', '2007-12-05')
insert into medical_test values ('S8160113T', 'heart rate', '69', '2007-09-03')
insert into medical_test values ('S7113738O', 'MCHC', '35 g/dl', '2007-12-16')
insert into medical_test values ('S7180349D', 'arterial blood gas', '7.13 pH', '2007-05-19')
insert into medical_test values ('S7127476Y', 'mean corpuscular hemoglobin', '29 pg', '2007-12-14')
insert into medical_test values ('S7182216G', 'total iron binding capacity', '320 mcg/dl', '2008-11-03')
insert into medical_test values ('S7128251H', 'red cell distribution width', '13.6%', '2009-03-03')
insert into medical_test values ('S6111140U', 'mean corpuscular volume', '89 fl', '2007-04-03')
insert into medical_test values ('S7142391Q', 'red cell distribution width', '13.6%', '2006-02-09')
insert into medical_test values ('S7143870K', 'arterial blood gas', '7.25 pH', '2006-03-16')
insert into medical_test values ('S8115971H', 'red cell distribution width', '13.6%', '2009-08-07')
insert into medical_test values ('S6116370S', 'mean corpuscular hemoglobin', '26 pg', '2007-07-11')
insert into medical_test values ('S7223971Z', 'MCHC', '37 g/dl', '2007-02-11')
insert into medical_test values ('S8258369F', 'heart rate', '56', '2007-04-04')
insert into medical_test values ('S7217197T', 'arterial blood gas', '7.13 pH', '2008-09-14')
insert into medical_test values ('S7267677E', 'arterial blood gas', ' 7.41 pH', '2008-09-01')
insert into medical_test values ('S8216312N', 'arterial blood gas', '7.25 pH', '2006-05-06')
insert into medical_test values ('S6267517Z', 'red cell distribution width', '13.6%', '2007-09-05')
insert into medical_test values ('S7228419U', 'arterial blood gas', ' 7.48 pH', '2009-06-13')
insert into medical_test values ('S7257637G', 'total iron binding capacity', '410 mcg/dl', '2007-08-16')
insert into medical_test values ('S7257117P', 'MCHC', '31 g/dl', '2007-10-06')
insert into medical_test values ('S7269224V', 'heart rate', '63', '2008-10-06')
insert into medical_test values ('S7273923C', 'mean corpuscular volume', '99 fl', '2007-05-17')
insert into medical_test values ('S6261139W', 'arterial blood gas', ' 7.37 pH', '2007-08-09')
insert into medical_test values ('S7227411X', 'heart rate', '69', '2008-09-12')
insert into medical_test values ('S7263477S', 'red cell distribution width', '13.6%', '2007-12-13')
insert into medical_test values ('S7246717H', 'MCHC', '33 g/dl', '2008-04-08')
insert into medical_test values ('S8218449Y', 'heart rate', '69', '2006-10-14')
insert into medical_test values ('S8283761O', 'MCHC', '31 g/dl', '2008-07-03')
insert into medical_test values ('S8216753V', 'MCHC', '33 g/dl', '2009-07-02')
insert into medical_test values ('S8356268I', 'total iron binding capacity', '400 mcg/dl', '2009-01-13')
insert into medical_test values ('S7382208K', 'total iron binding capacity', '290 mcg/dl', '2008-08-09')
insert into medical_test values ('S6359192P', 'arterial blood gas', ' 7.48 pH', '2007-03-20')
insert into medical_test values ('S7320654M', 'MCHC', '33 g/dl', '2007-11-05')
insert into medical_test values ('S8310788R', 'MCHC', '31 g/dl', '2006-03-05')
insert into medical_test values ('S8386881S', 'mean corpuscular hemoglobin', '29 pg', '2009-07-13')
insert into medical_test values ('S7370387T', 'MCHC', '31 g/dl', '2009-02-18')
insert into medical_test values ('S7321579R', 'arterial blood gas', '7.13 pH', '2006-07-08')
insert into medical_test values ('S6360780B', 'total iron binding capacity', '400 mcg/dl', '2007-08-07')
insert into medical_test values ('S7351935M', 'heart rate', '63', '2007-11-10')
insert into medical_test values ('S7353790V', 'red cell distribution width', '13.6%', '2008-08-17')
insert into medical_test values ('S8389611P', 'MCHC', '33 g/dl', '2007-01-16')
insert into medical_test values ('S6343283V', 'heart rate', '69', '2006-03-12')
insert into medical_test values ('S7318665L', 'MCHC', '35 g/dl', '2008-04-13')
insert into medical_test values ('S6341442R', 'heart rate', '63', '2006-06-05')
insert into medical_test values ('S7310327M', 'mean corpuscular hemoglobin', '26 pg', '2009-06-16')
insert into medical_test values ('S7398570K', 'arterial blood gas', ' 7.48 pH', '2008-10-05')
insert into medical_test values ('S6444767F', 'red cell distribution width', '13.6%', '2009-07-05')
insert into medical_test values ('S7479701V', 'MCHC', '35 g/dl', '2008-04-03')
insert into medical_test values ('S7443693E', 'mean corpuscular hemoglobin', '31 pg', '2008-01-13')
insert into medical_test values ('S8442952Z', 'mean corpuscular volume', '89 fl', '2007-09-05')
insert into medical_test values ('S6460940H', 'arterial blood gas', ' 7.41 pH', '2008-04-14')
insert into medical_test values ('S7438494X', 'MCHC', '37 g/dl', '2006-09-04')
insert into medical_test values ('S7432505M', 'MCHC', '33 g/dl', '2008-05-08')
insert into medical_test values ('S7496312D', 'MCHC', '31 g/dl', '2008-11-12')
insert into medical_test values ('S7439620Y', 'arterial blood gas', ' 7.41 pH', '2008-05-17')
insert into medical_test values ('S7455185K', 'total iron binding capacity', '320 mcg/dl', '2008-06-16')
insert into medical_test values ('S7417173K', 'heart rate', '69', '2008-07-06')
insert into medical_test values ('S8450296O', 'total iron binding capacity', '400 mcg/dl', '2008-02-05')
insert into medical_test values ('S8487906P', 'mean corpuscular volume', '99 fl', '2007-11-05')
insert into medical_test values ('S6478104E', 'red cell distribution width', '14.5%', '2007-10-10')
insert into medical_test values ('S7451931O', 'arterial blood gas', '7.13 pH', '2009-02-16')
insert into medical_test values ('S7434568M', 'mean corpuscular hemoglobin', '34 pg', '2006-04-03')
insert into medical_test values ('S7457253Y', 'total iron binding capacity', '410 mcg/dl', '2007-08-14')
insert into medical_test values ('S7436389T', 'mean corpuscular hemoglobin', '26 pg', '2007-11-09')
insert into medical_test values ('S6449987U', 'mean corpuscular hemoglobin', '31 pg', '2008-11-01')
insert into medical_test values ('S7465487E', 'mean corpuscular hemoglobin', '34 pg', '2007-11-10')
insert into medical_test values ('S7449910Y', 'arterial blood gas', '7.25 pH', '2008-06-07')
insert into medical_test values ('S8471587J', 'mean corpuscular hemoglobin', '29 pg', '2008-07-06')
insert into medical_test values ('S7578670R', 'arterial blood gas', ' 7.48 pH', '2007-11-20')
insert into medical_test values ('S7534933E', 'total iron binding capacity', '320 mcg/dl', '2006-10-08')
insert into medical_test values ('S8533785A', 'arterial blood gas', ' 7.41 pH', '2007-08-02')
insert into medical_test values ('S6521341F', 'mean corpuscular hemoglobin', '31 pg', '2006-05-08')
insert into medical_test values ('S7579647C', 'total iron binding capacity', '400 mcg/dl', '2008-09-08')
insert into medical_test values ('S7555534N', 'red cell distribution width', '11.5%', '2009-08-17')
insert into medical_test values ('S6599494U', 'arterial blood gas', '7.25 pH', '2006-02-05')
insert into medical_test values ('S6519677Y', 'arterial blood gas', ' 7.37 pH', '2006-02-03')
insert into medical_test values ('S6594382J', 'arterial blood gas', ' 7.48 pH', '2007-06-03')
insert into medical_test values ('S7568109D', 'heart rate', '63', '2008-10-11')
insert into medical_test values ('S6594424C', 'arterial blood gas', '7.25 pH', '2007-07-07')
insert into medical_test values ('S7566381C', 'red cell distribution width', '14.5%', '2009-03-04')
insert into medical_test values ('S7584957I', 'mean corpuscular hemoglobin', '31 pg', '2008-11-17')
insert into medical_test values ('S7559561U', 'mean corpuscular volume', '82 fl', '2007-07-17')
insert into medical_test values ('S7572737A', 'heart rate', '71', '2007-12-14')
insert into medical_test values ('S7574399D', 'mean corpuscular hemoglobin', '26 pg', '2007-07-19')
insert into medical_test values ('S7543298P', 'MCHC', '31 g/dl', '2006-08-17')
insert into medical_test values ('S6525621I', 'mean corpuscular hemoglobin', '29 pg', '2008-04-04')
insert into medical_test values ('S7563683E', 'mean corpuscular hemoglobin', '29 pg', '2008-07-07')
insert into medical_test values ('S6537826H', 'heart rate', '71', '2008-02-05')
insert into medical_test values ('S8586402F', 'mean corpuscular hemoglobin', '34 pg', '2007-11-18')
insert into medical_test values ('S6562537B', 'mean corpuscular volume', '82 fl', '2008-03-19')
insert into medical_test values ('S7575645U', 'mean corpuscular volume', '85 fl', '2008-10-07')
insert into medical_test values ('S8522105T', 'total iron binding capacity', '450 mcg/dl', '2008-05-15')
insert into medical_test values ('S8568662U', 'mean corpuscular hemoglobin', '29 pg', '2008-02-16')
insert into medical_test values ('S7579221J', 'arterial blood gas', ' 7.41 pH', '2008-04-16')
insert into medical_test values ('S6569400O', 'arterial blood gas', ' 7.41 pH', '2007-09-14')
insert into medical_test values ('S7581775E', 'heart rate', '56', '2007-08-09')
insert into medical_test values ('S8658530T', 'mean corpuscular volume', '85 fl', '2007-07-13')
insert into medical_test values ('S7629944U', 'arterial blood gas', ' 7.41 pH', '2008-05-05')
insert into medical_test values ('S7679911R', 'heart rate', '63', '2009-06-18')
insert into medical_test values ('S7637350X', 'red cell distribution width', '14.5%', '2008-06-13')
insert into medical_test values ('S8620155D', 'heart rate', '71', '2007-04-13')
insert into medical_test values ('S7661617W', 'total iron binding capacity', '290 mcg/dl', '2008-07-02')
insert into medical_test values ('S7630464O', 'arterial blood gas', ' 7.48 pH', '2008-02-03')
insert into medical_test values ('S7685186Y', 'mean corpuscular hemoglobin', '31 pg', '2009-08-16')
insert into medical_test values ('S8652792R', 'heart rate', '63', '2007-03-03')
insert into medical_test values ('S7682173K', 'mean corpuscular hemoglobin', '34 pg', '2008-11-02')
insert into medical_test values ('S6671466O', 'heart rate', '69', '2008-11-02')
insert into medical_test values ('S8616827Z', 'heart rate', '56', '2009-01-02')
insert into medical_test values ('S7638861J', 'mean corpuscular volume', '99 fl', '2006-10-17')
insert into medical_test values ('S7629685J', 'mean corpuscular volume', '89 fl', '2009-03-18')
insert into medical_test values ('S6687109T', 'mean corpuscular hemoglobin', '31 pg', '2009-02-07')
insert into medical_test values ('S7692445K', 'red cell distribution width', '11.9%', '2008-08-12')
insert into medical_test values ('S7689627O', 'arterial blood gas', '7.25 pH', '2009-03-12')
insert into medical_test values ('S7658543V', 'mean corpuscular volume', '82 fl', '2006-02-16')
insert into medical_test values ('S8692808J', 'heart rate', '56', '2007-05-18')
insert into medical_test values ('S6669167M', 'heart rate', '69', '2006-05-15')
insert into medical_test values ('S8666896M', 'MCHC', '31 g/dl', '2008-04-10')
insert into medical_test values ('S7245929J', 'H1N1', 'positive', '2009-07-13')
insert into medical_test values ('S8354379D', 'H1N1', 'positive', '2009-07-02')
insert into medical_test values ('S7579647C', 'H1N1', 'positive', '2009-07-05')
insert into medical_test values ('S7534933E', 'H1N1', 'positive', '2009-07-17')
insert into medical_test values ('S7590264T', 'H1N1', 'positive', '2009-07-18')
insert into medical_test values ('S6267566U', 'H1N1', 'positive', '2009-07-14')
insert into medical_test values ('S7167883J', 'H1N1', 'positive', '2009-07-24')
insert into medical_test values ('S7223971Z', 'H1N1', 'positive', '2009-07-17')

CREATE TABLE allergy(patient_id varchar(30), allergy_name text)
insert into allergy values ('S8284186E', 'Androgens')
insert into allergy values ('S8285084H', 'Vancomcyn')
insert into allergy values ('S7155700M', 'Calcium ')
insert into allergy values ('S7175840E', 'Vancomcyn')
insert into allergy values ('S7131566G', 'Celecoxib')
insert into allergy values ('S7195328V', 'Albumin')
insert into allergy values ('S7127561O', 'Calcium ')
insert into allergy values ('S6156259Y', 'Benzyl Alcohol')
insert into allergy values ('S8160113T', 'Alumnium')
insert into allergy values ('S7113738O', 'Benzyl Alcohol')
insert into allergy values ('S7180349D', 'Calcium ')
insert into allergy values ('S7127476Y', 'Albumin')
insert into allergy values ('S7182216G', 'Celecoxib')
insert into allergy values ('S7128251H', 'Beef products')
insert into allergy values ('S6111140U', 'Vancomcyn')
insert into allergy values ('S7142391Q', 'Beef products')
insert into allergy values ('S7143870K', 'Celecoxib')
insert into allergy values ('S8115971H', 'Beef products')
insert into allergy values ('S6116370S', 'Androgens')
insert into allergy values ('S7223971Z', 'Beef products')
insert into allergy values ('S8258369F', 'Vancomcyn')
insert into allergy values ('S7217197T', 'Albumin')
insert into allergy values ('S7267677E', 'Albumin')
insert into allergy values ('S8216312N', 'Albumin')
insert into allergy values ('S6267517Z', 'Albumin')
insert into allergy values ('S7228419U', 'Beef products')
insert into allergy values ('S7257637G', 'Vancomcyn')
insert into allergy values ('S7257117P', 'Benzyl Alcohol')
insert into allergy values ('S7269224V', 'Calcium ')
insert into allergy values ('S7273923C', 'Beef products')
insert into allergy values ('S6261139W', 'Albumin')
insert into allergy values ('S7227411X', 'Alumnium')
insert into allergy values ('S7263477S', 'Benzyl Alcohol')
insert into allergy values ('S7246717H', 'Benzyl Alcohol')
insert into allergy values ('S8218449Y', 'Beef products')
insert into allergy values ('S8283761O', 'Beef products')
insert into allergy values ('S8216753V', 'Benzyl Alcohol')
insert into allergy values ('S8356268I', 'Beef products')
insert into allergy values ('S7382208K', 'Albumin')
insert into allergy values ('S6359192P', 'Androgens')
insert into allergy values ('S7320654M', 'Alumnium')
insert into allergy values ('S8310788R', 'Benzyl Alcohol')
insert into allergy values ('S8386881S', 'Androgens')
insert into allergy values ('S7370387T', 'Beef products')
insert into allergy values ('S7321579R', 'Androgens')
insert into allergy values ('S6360780B', 'Celecoxib')
insert into allergy values ('S7351935M', 'Vancomcyn')
insert into allergy values ('S7353790V', 'Albumin')
insert into allergy values ('S8389611P', 'Beef products')
insert into allergy values ('S6343283V', 'Alumnium')
insert into allergy values ('S7318665L', 'Benzyl Alcohol')
insert into allergy values ('S6341442R', 'Celecoxib')
insert into allergy values ('S7310327M', 'Beef products')
insert into allergy values ('S7398570K', 'Androgens')
insert into allergy values ('S6444767F', 'Celecoxib')
insert into allergy values ('S7479701V', 'Celecoxib')
insert into allergy values ('S7443693E', 'Albumin')
insert into allergy values ('S8442952Z', 'Benzyl Alcohol')
insert into allergy values ('S6460940H', 'Albumin')
insert into allergy values ('S7438494X', 'Albumin')
insert into allergy values ('S7432505M', 'Vancomcyn')
insert into allergy values ('S7496312D', 'Calcium ')
insert into allergy values ('S7439620Y', 'Vancomcyn')
insert into allergy values ('S7455185K', 'Celecoxib')
insert into allergy values ('S7417173K', 'Alumnium')
insert into allergy values ('S8450296O', 'Albumin')
insert into allergy values ('S8487906P', 'Albumin')
insert into allergy values ('S6478104E', 'Albumin')
insert into allergy values ('S7451931O', 'Albumin')
insert into allergy values ('S7434568M', 'Alumnium')
insert into allergy values ('S7457253Y', 'Vancomcyn')
insert into allergy values ('S7436389T', 'Androgens')
insert into allergy values ('S6449987U', 'Beef products')
insert into allergy values ('S7465487E', 'Celecoxib')
insert into allergy values ('S7449910Y', 'Androgens')
insert into allergy values ('S8471587J', 'Alumnium')
insert into allergy values ('S7578670R', 'Benzyl Alcohol')
insert into allergy values ('S7534933E', 'Vancomcyn')
insert into allergy values ('S8533785A', 'Celecoxib')
insert into allergy values ('S6521341F', 'Alumnium')
insert into allergy values ('S7579647C', 'Albumin')
insert into allergy values ('S7555534N', 'Alumnium')
insert into allergy values ('S6599494U', 'Androgens')
insert into allergy values ('S6519677Y', 'Albumin')
insert into allergy values ('S6594382J', 'Calcium ')
insert into allergy values ('S7568109D', 'Androgens')
insert into allergy values ('S6594424C', 'Androgens')
insert into allergy values ('S7566381C', 'Alumnium')
insert into allergy values ('S7584957I', 'Albumin')
insert into allergy values ('S7559561U', 'Androgens')
insert into allergy values ('S7572737A', 'Vancomcyn')
insert into allergy values ('S7574399D', 'Alumnium')
insert into allergy values ('S7543298P', 'Albumin')
insert into allergy values ('S6525621I', 'Vancomcyn')
insert into allergy values ('S7563683E', 'Vancomcyn')
insert into allergy values ('S6537826H', 'Celecoxib')
insert into allergy values ('S8586402F', 'Beef products')
insert into allergy values ('S6562537B', 'Benzyl Alcohol')
insert into allergy values ('S7575645U', 'Celecoxib')
insert into allergy values ('S8522105T', 'Benzyl Alcohol')
insert into allergy values ('S8568662U', 'Albumin')
insert into allergy values ('S7579221J', 'Benzyl Alcohol')
insert into allergy values ('S6569400O', 'Calcium ')
insert into allergy values ('S7581775E', 'Vancomcyn')
insert into allergy values ('S8658530T', 'Androgens')
insert into allergy values ('S7629944U', 'Alumnium')
insert into allergy values ('S7679911R', 'Benzyl Alcohol')
insert into allergy values ('S7637350X', 'Celecoxib')
insert into allergy values ('S8620155D', 'Beef products')
insert into allergy values ('S7661617W', 'Albumin')
insert into allergy values ('S7630464O', 'Alumnium')
insert into allergy values ('S7685186Y', 'Vancomcyn')
insert into allergy values ('S8652792R', 'Alumnium')
insert into allergy values ('S7682173K', 'Benzyl Alcohol')
insert into allergy values ('S6671466O', 'Benzyl Alcohol')
insert into allergy values ('S8616827Z', 'Celecoxib')
insert into allergy values ('S7638861J', 'Calcium ')
insert into allergy values ('S7629685J', 'Albumin')
insert into allergy values ('S6687109T', 'Beef products')
insert into allergy values ('S7692445K', 'Benzyl Alcohol')
insert into allergy values ('S7689627O', 'Celecoxib')
insert into allergy values ('S7658543V', 'Vancomcyn')
insert into allergy values ('S8692808J', 'Benzyl Alcohol')
insert into allergy values ('S6669167M', 'Vancomcyn')
insert into allergy values ('S8666896M', 'Alumnium')

CREATE TABLE medication(patient_id varchar(30), medicine text, dosage text, start_date text, end_date text)
insert into medication values ('S8284186E', 'Simvastatin 40mg', 'once a day, at night', '2006-03-14', '2006-03-20')
insert into medication values ('S8285084H', 'Lactulose 10mg', 'two times a day, 5ml by mouth', '2007-05-04', '2007-05-10')
insert into medication values ('S7155700M', 'Lactulose 10mg', 'two times a day, 5ml by mouth', '2006-08-02', '2006-08-08')
insert into medication values ('S7175840E', 'Ibufprofen 400mg', 'three times a day', '2007-09-10', '2007-09-18')
insert into medication values ('S7131566G', 'Azythromycine 500mg', 'once a day, 1 injectable solution intravenously', '2007-04-03', '2007-04-08')
insert into medication values ('S7195328V', 'Lactulose 10mg', 'two times a day, 5ml by mouth', '2007-06-04', '2007-06-09')
insert into medication values ('S7127561O', 'Ibufprofen 400mg', 'three times a day', '2006-07-07', '2006-07-15')
insert into medication values ('S6156259Y', 'Azythromycine 500mg', 'once a day, 1 injectable solution intravenously', '2007-12-05', '2007-12-09')
insert into medication values ('S8160113T', 'Ibufprofen 400mg', 'three times a day', '2007-09-03', '2007-09-09')
insert into medication values ('S7113738O', 'Simvastatin 40mg', 'once a day, at night', '2007-12-16', '2007-12-23')
insert into medication values ('S7180349D', 'Simvastatin 40mg', 'once a day, at night', '2007-05-19', '2007-05-23')
insert into medication values ('S7127476Y', 'Ceftriaxone 1g', 'once a day, 1 injectable solution intravenously', '2007-12-14', '2007-12-19')
insert into medication values ('S7182216G', 'Ceftin 500mg', 'three times a day, 1 tablet by mouth', '2008-11-03', '2008-11-08')
insert into medication values ('S7128251H', 'Azythromycine 500mg', 'once a day, 1 injectable solution intravenously', '2009-03-03', '2009-03-09')
insert into medication values ('S6111140U', 'Lactulose 10mg', 'two times a day, 5ml by mouth', '2007-04-03', '2007-04-08')
insert into medication values ('S7142391Q', 'Simvastatin 40mg', 'once a day, at night', '2006-02-09', '2006-02-13')
insert into medication values ('S7143870K', 'Amiodarone 20mg', 'once a day, 1 tablet by mouth', '2006-03-16', '2006-03-24')
insert into medication values ('S8115971H', 'Ibufprofen 400mg', 'three times a day', '2009-08-07', '2009-08-14')
insert into medication values ('S6116370S', 'Azythromycine 500mg', 'once a day, 1 injectable solution intravenously', '2007-07-11', '2007-07-18')
insert into medication values ('S7223971Z', 'Simvastatin 40mg', 'once a day, at night', '2007-02-11', '2007-02-16')
insert into medication values ('S8258369F', 'Simvastatin 40mg', 'once a day, at night', '2007-04-04', '2007-04-09')
insert into medication values ('S7217197T', 'Ibufprofen 400mg', 'three times a day', '2008-09-14', '2008-09-20')
insert into medication values ('S7267677E', 'Lipitor 20mg', 'once a day, at night', '2008-09-01', '2008-09-06')
insert into medication values ('S8216312N', 'Lipitor 20mg', 'once a day, at night', '2006-05-06', '2006-05-12')
insert into medication values ('S6267517Z', 'Ibufprofen 400mg', 'three times a day', '2007-09-05', '2007-09-11')
insert into medication values ('S7228419U', 'Ibufprofen 400mg', 'three times a day', '2009-06-13', '2009-06-20')
insert into medication values ('S7257637G', 'Ceftin 500mg', 'three times a day, 1 tablet by mouth', '2007-08-16', '2007-08-20')
insert into medication values ('S7257117P', 'Amiodarone 20mg', 'once a day, 1 tablet by mouth', '2007-10-06', '2007-10-13')
insert into medication values ('S7269224V', 'Simvastatin 40mg', 'once a day, at night', '2008-10-06', '2008-10-11')
insert into medication values ('S7273923C', 'Ceftriaxone 1g', 'once a day, 1 injectable solution intravenously', '2007-05-17', '2007-05-22')
insert into medication values ('S6261139W', 'Ceftin 500mg', 'three times a day, 1 tablet by mouth', '2007-08-09', '2007-08-15')
insert into medication values ('S7227411X', 'Lipitor 20mg', 'once a day, at night', '2008-09-12', '2008-09-17')
insert into medication values ('S7263477S', 'Amiodarone 20mg', 'once a day, 1 tablet by mouth', '2007-12-13', '2007-12-17')
insert into medication values ('S7246717H', 'Lipitor 20mg', 'once a day, at night', '2008-04-08', '2008-04-13')
insert into medication values ('S8218449Y', 'Amiodarone 20mg', 'once a day, 1 tablet by mouth', '2006-10-14', '2006-10-19')
insert into medication values ('S8283761O', 'Ibufprofen 400mg', 'three times a day', '2008-07-03', '2008-07-09')
insert into medication values ('S8216753V', 'Simvastatin 40mg', 'once a day, at night', '2009-07-02', '2009-07-07')
insert into medication values ('S8356268I', 'Simvastatin 40mg', 'once a day, at night', '2009-01-13', '2009-01-21')
insert into medication values ('S7382208K', 'Azythromycine 500mg', 'once a day, 1 injectable solution intravenously', '2008-08-09', '2008-08-16')
insert into medication values ('S6359192P', 'Lipitor 20mg', 'once a day, at night', '2007-03-20', '2007-03-27')
insert into medication values ('S7320654M', 'Lactulose 10mg', 'two times a day, 5ml by mouth', '2007-11-05', '2007-11-11')
insert into medication values ('S8310788R', 'Simvastatin 40mg', 'once a day, at night', '2006-03-05', '2006-03-12')
insert into medication values ('S8386881S', 'Simvastatin 40mg', 'once a day, at night', '2009-07-13', '2009-07-21')
insert into medication values ('S7370387T', 'Ibufprofen 400mg', 'three times a day', '2009-02-18', '2009-02-24')
insert into medication values ('S7321579R', 'Lactulose 10mg', 'two times a day, 5ml by mouth', '2006-07-08', '2006-07-14')
insert into medication values ('S6360780B', 'Simvastatin 40mg', 'once a day, at night', '2007-08-07', '2007-08-11')
insert into medication values ('S7351935M', 'Ceftin 500mg', 'three times a day, 1 tablet by mouth', '2007-11-10', '2007-11-18')
insert into medication values ('S7353790V', 'Azythromycine 500mg', 'once a day, 1 injectable solution intravenously', '2008-08-17', '2008-08-21')
insert into medication values ('S8389611P', 'Azythromycine 500mg', 'once a day, 1 injectable solution intravenously', '2007-01-16', '2007-01-22')
insert into medication values ('S6343283V', 'Ibufprofen 400mg', 'three times a day', '2006-03-12', '2006-03-19')
insert into medication values ('S7318665L', 'Ceftin 500mg', 'three times a day, 1 tablet by mouth', '2008-04-13', '2008-04-18')
insert into medication values ('S6341442R', 'Lipitor 20mg', 'once a day, at night', '2006-06-05', '2006-06-11')
insert into medication values ('S7310327M', 'Ceftin 500mg', 'three times a day, 1 tablet by mouth', '2009-06-16', '2009-06-23')
insert into medication values ('S7398570K', 'Azythromycine 500mg', 'once a day, 1 injectable solution intravenously', '2008-10-05', '2008-10-12')
insert into medication values ('S6444767F', 'Azythromycine 500mg', 'once a day, 1 injectable solution intravenously', '2009-07-05', '2009-07-11')
insert into medication values ('S7479701V', 'Amiodarone 20mg', 'once a day, 1 tablet by mouth', '2008-04-03', '2008-04-10')
insert into medication values ('S7443693E', 'Lactulose 10mg', 'two times a day, 5ml by mouth', '2008-01-13', '2008-01-18')
insert into medication values ('S8442952Z', 'Ceftin 500mg', 'three times a day, 1 tablet by mouth', '2007-09-05', '2007-09-09')
insert into medication values ('S6460940H', 'Ibufprofen 400mg', 'three times a day', '2008-04-14', '2008-04-22')
insert into medication values ('S7438494X', 'Ibufprofen 400mg', 'three times a day', '2006-09-04', '2006-09-10')
insert into medication values ('S7432505M', 'Lactulose 10mg', 'two times a day, 5ml by mouth', '2008-05-08', '2008-05-14')
insert into medication values ('S7496312D', 'Simvastatin 40mg', 'once a day, at night', '2008-11-12', '2008-11-17')
insert into medication values ('S7439620Y', 'Azythromycine 500mg', 'once a day, 1 injectable solution intravenously', '2008-05-17', '2008-05-22')
insert into medication values ('S7455185K', 'Ibufprofen 400mg', 'three times a day', '2008-06-16', '2008-06-22')
insert into medication values ('S7417173K', 'Amiodarone 20mg', 'once a day, 1 tablet by mouth', '2008-07-06', '2008-07-11')
insert into medication values ('S8450296O', 'Ceftriaxone 1g', 'once a day, 1 injectable solution intravenously', '2008-02-05', '2008-02-10')
insert into medication values ('S8487906P', 'Azythromycine 500mg', 'once a day, 1 injectable solution intravenously', '2007-11-05', '2007-11-12')
insert into medication values ('S6478104E', 'Ibufprofen 400mg', 'three times a day', '2007-10-10', '2007-10-15')
insert into medication values ('S7451931O', 'Lactulose 10mg', 'two times a day, 5ml by mouth', '2009-02-16', '2009-02-21')
insert into medication values ('S7434568M', 'Ceftriaxone 1g', 'once a day, 1 injectable solution intravenously', '2006-04-03', '2006-04-10')
insert into medication values ('S7457253Y', 'Amiodarone 20mg', 'once a day, 1 tablet by mouth', '2007-08-14', '2007-08-21')
insert into medication values ('S7436389T', 'Lactulose 10mg', 'two times a day, 5ml by mouth', '2007-11-09', '2007-11-15')
insert into medication values ('S6449987U', 'Simvastatin 40mg', 'once a day, at night', '2008-11-01', '2008-11-08')
insert into medication values ('S7465487E', 'Lactulose 10mg', 'two times a day, 5ml by mouth', '2007-11-10', '2007-11-15')
insert into medication values ('S7449910Y', 'Simvastatin 40mg', 'once a day, at night', '2008-06-07', '2008-06-14')
insert into medication values ('S8471587J', 'Ceftin 500mg', 'three times a day, 1 tablet by mouth', '2008-07-06', '2008-07-12')
insert into medication values ('S7578670R', 'Simvastatin 40mg', 'once a day, at night', '2007-11-20', '2007-11-24')
insert into medication values ('S7534933E', 'Azythromycine 500mg', 'once a day, 1 injectable solution intravenously', '2006-10-08', '2006-10-14')
insert into medication values ('S8533785A', 'Ibufprofen 400mg', 'three times a day', '2007-08-02', '2007-08-09')
insert into medication values ('S6521341F', 'Azythromycine 500mg', 'once a day, 1 injectable solution intravenously', '2006-05-08', '2006-05-13')
insert into medication values ('S7579647C', 'Azythromycine 500mg', 'once a day, 1 injectable solution intravenously', '2008-09-08', '2008-09-15')
insert into medication values ('S7555534N', 'Simvastatin 40mg', 'once a day, at night', '2009-08-17', '2009-08-22')
insert into medication values ('S6599494U', 'Lipitor 20mg', 'once a day, at night', '2006-02-05', '2006-02-11')
insert into medication values ('S6519677Y', 'Simvastatin 40mg', 'once a day, at night', '2006-02-03', '2006-02-09')
insert into medication values ('S6594382J', 'Azythromycine 500mg', 'once a day, 1 injectable solution intravenously', '2007-06-03', '2007-06-08')
insert into medication values ('S7568109D', 'Ibufprofen 400mg', 'three times a day', '2008-10-11', '2008-10-16')
insert into medication values ('S6594424C', 'Ceftriaxone 1g', 'once a day, 1 injectable solution intravenously', '2007-07-07', '2007-07-13')
insert into medication values ('S7566381C', 'Amiodarone 20mg', 'once a day, 1 tablet by mouth', '2009-03-04', '2009-03-09')
insert into medication values ('S7584957I', 'Ceftin 500mg', 'three times a day, 1 tablet by mouth', '2008-11-17', '2008-11-25')
insert into medication values ('S7559561U', 'Simvastatin 40mg', 'once a day, at night', '2007-07-17', '2007-07-23')
insert into medication values ('S7572737A', 'Amiodarone 20mg', 'once a day, 1 tablet by mouth', '2007-12-14', '2007-12-18')
insert into medication values ('S7574399D', 'Simvastatin 40mg', 'once a day, at night', '2007-07-19', '2007-07-24')
insert into medication values ('S7543298P', 'Ceftriaxone 1g', 'once a day, 1 injectable solution intravenously', '2006-08-17', '2006-08-21')
insert into medication values ('S6525621I', 'Lactulose 10mg', 'two times a day, 5ml by mouth', '2008-04-04', '2008-04-09')
insert into medication values ('S7563683E', 'Ceftin 500mg', 'three times a day, 1 tablet by mouth', '2008-07-07', '2008-07-12')
insert into medication values ('S6537826H', 'Lactulose 10mg', 'two times a day, 5ml by mouth', '2008-02-05', '2008-02-10')
insert into medication values ('S8586402F', 'Lipitor 20mg', 'once a day, at night', '2007-11-18', '2007-11-26')
insert into medication values ('S6562537B', 'Ceftin 500mg', 'three times a day, 1 tablet by mouth', '2008-03-19', '2008-03-24')
insert into medication values ('S7575645U', 'Azythromycine 500mg', 'once a day, 1 injectable solution intravenously', '2008-10-07', '2008-10-13')
insert into medication values ('S8522105T', 'Amiodarone 20mg', 'once a day, 1 tablet by mouth', '2008-05-15', '2008-05-23')
insert into medication values ('S8568662U', 'Azythromycine 500mg', 'once a day, 1 injectable solution intravenously', '2008-02-16', '2008-02-22')
insert into medication values ('S7579221J', 'Lactulose 10mg', 'two times a day, 5ml by mouth', '2008-04-16', '2008-04-22')
insert into medication values ('S6569400O', 'Lipitor 20mg', 'once a day, at night', '2007-09-14', '2007-09-19')
insert into medication values ('S7581775E', 'Ceftin 500mg', 'three times a day, 1 tablet by mouth', '2007-08-09', '2007-08-14')
insert into medication values ('S8658530T', 'Lipitor 20mg', 'once a day, at night', '2007-07-13', '2007-07-20')
insert into medication values ('S7629944U', 'Amiodarone 20mg', 'once a day, 1 tablet by mouth', '2008-05-05', '2008-05-11')
insert into medication values ('S7679911R', 'Amiodarone 20mg', 'once a day, 1 tablet by mouth', '2009-06-18', '2009-06-24')
insert into medication values ('S7637350X', 'Azythromycine 500mg', 'once a day, 1 injectable solution intravenously', '2008-06-13', '2008-06-20')
insert into medication values ('S8620155D', 'Simvastatin 40mg', 'once a day, at night', '2007-04-13', '2007-04-21')
insert into medication values ('S7661617W', 'Amiodarone 20mg', 'once a day, 1 tablet by mouth', '2008-07-02', '2008-07-06')
insert into medication values ('S7630464O', 'Lipitor 20mg', 'once a day, at night', '2008-02-03', '2008-02-07')
insert into medication values ('S7685186Y', 'Lipitor 20mg', 'once a day, at night', '2009-08-16', '2009-08-20')
insert into medication values ('S8652792R', 'Azythromycine 500mg', 'once a day, 1 injectable solution intravenously', '2007-03-03', '2007-03-08')
insert into medication values ('S7682173K', 'Ibufprofen 400mg', 'three times a day', '2008-11-02', '2008-11-06')
insert into medication values ('S6671466O', 'Ceftin 500mg', 'three times a day, 1 tablet by mouth', '2008-11-02', '2008-11-07')
insert into medication values ('S8616827Z', 'Lactulose 10mg', 'two times a day, 5ml by mouth', '2009-01-02', '2009-01-09')
insert into medication values ('S7638861J', 'Amiodarone 20mg', 'once a day, 1 tablet by mouth', '2006-10-17', '2006-10-23')
insert into medication values ('S7629685J', 'Amiodarone 20mg', 'once a day, 1 tablet by mouth', '2009-03-18', '2009-03-22')
insert into medication values ('S6687109T', 'Simvastatin 40mg', 'once a day, at night', '2009-02-07', '2009-02-12')
insert into medication values ('S7692445K', 'Ibufprofen 400mg', 'three times a day', '2008-08-12', '2008-08-17')
insert into medication values ('S7689627O', 'Ceftin 500mg', 'three times a day, 1 tablet by mouth', '2009-03-12', '2009-03-20')
insert into medication values ('S7658543V', 'Ceftin 500mg', 'three times a day, 1 tablet by mouth', '2006-02-16', '2006-02-21')
insert into medication values ('S8692808J', 'Azythromycine 500mg', 'once a day, 1 injectable solution intravenously', '2007-05-18', '2007-05-25')
insert into medication values ('S6669167M', 'Azythromycine 500mg', 'once a day, 1 injectable solution intravenously', '2006-05-15', '2006-05-21')
insert into medication values ('S8666896M', 'Amiodarone 20mg', 'once a day, 1 tablet by mouth', '2008-04-10', '2008-04-15')
