drop database if exists localdb
create database if not exists localdb
use localdb

CREATE TABLE patient(patient_id varchar(30) NOT NULL, first_name text, last_name text, date_of_birth text, age integer, gender text, address text, nationality text, CONSTRAINT patient_pkey PRIMARY KEY (patient_id))
insert into patient values ('S8224426N', 'WAI MENG MATTHEW', 'WEE', '1979-08-03', 30, 'female', 'Changi', 'Singaporean')
insert into patient values ('S8210212B', 'LAY KUAN', 'PANG', '1976-09-07', 33, 'male', 'Keppel', 'Singaporean')
insert into patient values ('S7223971Z', 'CHOON YANG', 'TOH', '1974-06-16', 35, 'male', 'Chinatown', 'Singaporean')
insert into patient values ('S8291973C', 'WUI SENG', 'ANG', '1976-08-12', 33, 'male', 'Keppel', 'Singaporean')
insert into patient values ('S6293112T', 'EI LEEN', 'TAY', '1983-01-21', 26, 'female', 'Bedok', 'Singaporean')
insert into patient values ('S7270502N', 'NIAN YI', 'NG', '1974-02-20', 35, 'male', 'Toa Payo', 'Singaporean')
insert into patient values ('S6260191K', 'TIEN JIN KELVIN', 'SEOW', '1986-08-15', 23, 'male', 'Changi', 'Singaporean')
insert into patient values ('S7278141T', 'KAH KENG', 'ANG', '1979-08-27', 30, 'female', 'Dover', 'Singaporean')
insert into patient values ('S7298558J', 'WEE MING', 'KWOK', '1976-11-19', 33, 'male', 'Punggol', 'Singaporean')
insert into patient values ('S7289693A', 'VINAY', 'DOOKEERAM', '1985-01-22', 24, 'female', 'Changi', 'Singaporean')
insert into patient values ('S7249570C', 'YU CHEN', 'CHOO', '1974-01-25', 35, 'female', 'Punggol', 'Singaporean')
insert into patient values ('S6264268P', 'BOON CHING', 'HOW', '1984-08-21', 25, 'female', 'Punggol', 'Singaporean')
insert into patient values ('S7261624W', 'LOONG', 'WEE', '1973-10-26', 36, 'male', 'Changi', 'Singaporean')
insert into patient values ('S8296590Q', 'BEE LIAN', 'SEO', '1989-06-02', 20, 'female', 'Katong', 'Singaporean')
insert into patient values ('S7231592C', 'TANUDJAJA', 'LOUIS', '1982-06-17', 27, 'male', 'Punggol', 'Singaporean')
insert into patient values ('S7293592I', 'RONGHE', 'LAI', '1987-08-17', 22, 'female', 'Chinatown', 'Singaporean')
insert into patient values ('S7298614I', 'WEE SING', 'KOH', '1984-07-13', 25, 'female', 'Punggol', 'Singaporean')
insert into patient values ('S7222337B', 'BIN', 'CHIN', '1973-04-26', 36, 'female', 'Dover', 'Singaporean')
insert into patient values ('S8283491G', 'BIN SELAMAT', 'HENDRIAWAN', '1971-09-26', 38, 'female', 'Toa Payo', 'Singaporean')
insert into patient values ('S6223806K', 'KAI BEE', 'TAN', '1972-10-05', 37, 'male', 'Dover', 'Singaporean')
insert into patient values ('S8258369F', 'JIAN WEN JEREMY', 'EE', '1977-03-23', 32, 'female', 'Punggol', 'Singaporean')
insert into patient values ('S7233616Y', 'SHEN CHEE PATRICK', 'CHU', '1981-10-12', 28, 'female', 'Punggol', 'Singaporean')
insert into patient values ('S7289302X', 'SIM HO', 'WEE', '1976-10-13', 33, 'male', 'Toa Payo', 'Singaporean')
insert into patient values ('S8268795J', 'ERN TENG', 'PHUA', '1975-02-05', 34, 'male', 'Bedok', 'Singaporean')
insert into patient values ('S7241963A', 'ENG SIANG', 'TAN', '1977-10-27', 32, 'female', 'Dover', 'Singaporean')
insert into patient values ('S8238254N', 'KOH CHUNG', 'CHONG', '1979-03-28', 30, 'male', 'Keppel', 'Singaporean')
insert into patient values ('S7233819N', 'GNANASEGARAN S/O GODWIN', 'ADRIAN', '1986-10-01', 23, 'male', 'Changi', 'Singaporean')
insert into patient values ('S8217730T', 'CHIU RAYMOND', 'HON', '1969-12-21', 40, 'male', 'Keppel', 'Singaporean')
insert into patient values ('S7255569Q', 'CHIU RAYMOND', 'HON', '1974-04-05', 35, 'male', 'Toa Payo', 'Singaporean')
insert into patient values ('S8263691E', 'CHONG TECK', 'LIM', '1980-07-27', 29, 'female', 'Punggol', 'Singaporean')
insert into patient values ('S8213758Q', 'CHING HAO ANDREW', 'CHOO', '1974-04-25', 35, 'male', 'Changi', 'Singaporean')
insert into patient values ('S6239134K', 'TSUN MAN JOSEPH', 'IP', '1973-10-25', 36, 'female', 'Punggol', 'Singaporean')
insert into patient values ('S7217197T', 'ZI YOU ELIZABETH', 'LIU', '1969-09-14', 40, 'male', 'Punggol', 'Singaporean')
insert into patient values ('S7267677E', 'SIN PHIEN DAVION', 'WONG', '1986-02-28', 23, 'male', 'Chinatown', 'Singaporean')
insert into patient values ('S7263419Z', 'KWOK WEI', 'NG', '1970-04-18', 39, 'female', 'Dover', 'Singaporean')
insert into patient values ('S8275901I', 'AIK KEONG ERIC', 'TOH', '1979-03-10', 30, 'male', 'Chinatown', 'Singaporean')
insert into patient values ('S8252909I', 'KHIM SWEE', 'THE', '1977-12-22', 32, 'female', 'Toa Payo', 'Singaporean')
insert into patient values ('S7285520B', 'CHEE LING', 'WONG', '1983-08-23', 26, 'female', 'Changi', 'Singaporean')
insert into patient values ('S6246646M', 'KIAT HWA', 'OOI', '1983-06-25', 26, 'female', 'Toa Payo', 'Singaporean')
insert into patient values ('S8216312N', 'HUI MIAN', 'LAI', '1975-11-13', 34, 'female', 'Katong', 'Singaporean')
insert into patient values ('S6266146C', 'CHEOK FUN', 'PANG', '1971-10-09', 38, 'male', 'Bedok', 'Singaporean')
insert into patient values ('S7286164H', 'WAI HOE', 'CHAN', '1972-09-05', 37, 'male', 'Punggol', 'Singaporean')
insert into patient values ('S6278218M', 'YEW YEOW MICHAEL', 'TEO', '1977-06-26', 32, 'female', 'Chinatown', 'Singaporean')
insert into patient values ('S8269568Y', 'BEE LIAN', 'SEO', '1986-09-25', 23, 'male', 'Punggol', 'Singaporean')
insert into patient values ('S6260169B', 'WEI MIN', 'CHIN', '1973-06-07', 36, 'male', 'Dover', 'Singaporean')
insert into patient values ('S6267517Z', 'SHEN CHEE PATRICK', 'CHU', '1971-08-19', 38, 'female', 'Dover', 'Singaporean')
insert into patient values ('S8232194L', 'BOON SUEN', 'TAN', '1972-10-21', 37, 'male', 'Katong', 'Singaporean')
insert into patient values ('S7237242D', 'WEE THOE', 'SEET', '1979-11-17', 30, 'male', 'Katong', 'Singaporean')
insert into patient values ('S7279350F', 'SEK LYE ERIC', 'OOI', '1987-04-13', 22, 'female', 'Toa Payo', 'Singaporean')
insert into patient values ('S6241420C', 'LECK POH', 'LING', '1982-06-17', 27, 'male', 'Bedok', 'Singaporean')
insert into patient values ('S7228419U', 'KWONG CHI', 'SOONG', '1982-11-11', 27, 'female', 'Changi', 'Singaporean')
insert into patient values ('S7241451Q', 'GEK KWEI JUSTINA', 'TAN', '1972-02-10', 37, 'male', 'Toa Payo', 'Singaporean')
insert into patient values ('S8298685X', 'TUCK KUAN', 'THAM', '1989-11-27', 20, 'female', 'Toa Payo', 'Singaporean')
insert into patient values ('S6277451F', 'WEI YONG', 'SOH', '1984-05-26', 25, 'male', 'Changi', 'Singaporean')
insert into patient values ('S6287288H', 'KAI BEE', 'TAN', '1979-06-15', 30, 'female', 'Katong', 'Singaporean')
insert into patient values ('S7260134Z', 'PANG HOWE', 'KOH', '1971-05-13', 38, 'male', 'Punggol', 'Singaporean')
insert into patient values ('S7274825W', 'TONG SHIN', 'GOH', '1972-04-15', 37, 'female', 'Dover', 'Singaporean')
insert into patient values ('S7264570G', 'CHIN KOON', 'GAN', '1970-05-23', 39, 'male', 'Changi', 'Singaporean')
insert into patient values ('S7257637G', 'YUAN YUAN', 'TAN', '1972-07-14', 37, 'male', 'Katong', 'Singaporean')
insert into patient values ('S7225656Q', 'YIIN MING', 'HOO', '1986-05-04', 23, 'female', 'Keppel', 'Singaporean')
insert into patient values ('S6233455M', 'CHONG YANN', 'WONG', '1973-04-15', 36, 'female', 'Keppel', 'Singaporean')
insert into patient values ('S7257117P', 'TONG SHIN', 'GOH', '1989-04-13', 20, 'male', 'Katong', 'Singaporean')
insert into patient values ('S7245929J', 'CHIANG HONG', 'LIM', '1986-05-16', 23, 'female', 'Toa Payo', 'Singaporean')
insert into patient values ('S6264423S', 'KHIM SWEE', 'THE', '1981-03-03', 28, 'male', 'Punggol', 'Singaporean')
insert into patient values ('S8247574S', 'KOK SIONG', 'TEO', '1983-11-06', 26, 'male', 'Katong', 'Singaporean')
insert into patient values ('S6280627Y', 'HAUW SHEONG', 'LOE', '1986-10-09', 23, 'female', 'Punggol', 'Singaporean')
insert into patient values ('S6249253A', 'SIOK KOON', 'YEO', '1975-09-02', 34, 'female', 'Bedok', 'Singaporean')
insert into patient values ('S8261614X', 'SIEW CHUAN', 'TIA', '1984-04-08', 25, 'male', 'Keppel', 'Singaporean')
insert into patient values ('S8273739U', 'XIAOYAN', 'TEO', '1980-12-09', 29, 'female', 'Dover', 'Singaporean')
insert into patient values ('S7269224V', 'WAI KUAN', 'SUM', '1970-08-13', 39, 'male', 'Changi', 'Singaporean')
insert into patient values ('S7290803E', 'WEI LING', 'WONG', '1976-04-05', 33, 'male', 'Keppel', 'Singaporean')
insert into patient values ('S7273923C', 'CHENG HENG CLEMENT', 'LIM', '1977-05-17', 32, 'male', 'Chinatown', 'Singaporean')
insert into patient values ('S7232803D', 'PENG JEK', 'KOH', '1974-08-28', 35, 'male', 'Changi', 'Singaporean')
insert into patient values ('S7269705V', 'E-HIAN', 'NG', '1974-10-17', 35, 'male', 'Punggol', 'Singaporean')
insert into patient values ('S7290800K', 'CHONG SAN JOEY', 'MAH', '1982-10-22', 27, 'female', 'Chinatown', 'Singaporean')
insert into patient values ('S6261139W', 'HOI MUN', 'CHIA', '1976-04-06', 33, 'female', 'Katong', 'Singaporean')
insert into patient values ('S7227411X', 'YANG MIANG', 'GOH', '1971-11-03', 38, 'female', 'Dover', 'Singaporean')
insert into patient values ('S6235820L', 'LI MING', 'BIAN', '1970-08-25', 39, 'male', 'Toa Payo', 'Singaporean')
insert into patient values ('S7266672L', 'JIA JING', 'WONG', '1986-03-11', 23, 'male', 'Chinatown', 'Singaporean')
insert into patient values ('S6234200C', 'YI-LYN JILLIAN', 'LIM', '1975-08-10', 34, 'male', 'Bedok', 'Singaporean')
insert into patient values ('S8283291H', 'YUAN YUAN', 'TAN', '1982-09-26', 27, 'male', 'Bedok', 'Singaporean')
insert into patient values ('S7275447N', 'KAM HUNG', 'CHIU', '1981-06-22', 28, 'male', 'Changi', 'Singaporean')
insert into patient values ('S7263477S', 'YUAN YUAN', 'TAN', '1980-09-21', 29, 'female', 'Bedok', 'Singaporean')
insert into patient values ('S7246717H', 'LEONG KHENG', 'ONG', '1979-10-27', 30, 'male', 'Bedok', 'Singaporean')
insert into patient values ('S7219415T', 'LEW YEE DIANA', 'TAN', '1984-08-16', 25, 'female', 'Toa Payo', 'Singaporean')
insert into patient values ('S6220835M', 'CHONG TENG FRANCIS', 'HAN', '1974-04-14', 35, 'female', 'Keppel', 'Singaporean')
insert into patient values ('S7262699N', 'MIEN LING', 'CHONG', '1984-06-27', 25, 'female', 'Katong', 'Singaporean')
insert into patient values ('S6267566U', 'HOONG PING', 'TIONG', '1982-03-03', 27, 'male', 'Keppel', 'Singaporean')
insert into patient values ('S7218849S', 'SRUTI', 'BALAKRISHNALAL', '1972-05-06', 37, 'male', 'Changi', 'Singaporean')
insert into patient values ('S7264481C', 'WEN WEI LENNY', 'LIM', '1975-07-25', 34, 'male', 'Bedok', 'Singaporean')
insert into patient values ('S7259576W', 'SEAN MAY', 'WONG', '1983-08-26', 26, 'female', 'Katong', 'Singaporean')
insert into patient values ('S8258725K', 'SHER-MIN GERALD', 'WU', '1976-04-15', 33, 'male', 'Chinatown', 'Singaporean')
insert into patient values ('S7263364X', 'KAIYING', 'MA', '1977-11-09', 32, 'female', 'Dover', 'Singaporean')
insert into patient values ('S7216545C', 'TECK HOCK DENNIS', 'LIM', '1971-10-02', 38, 'male', 'Toa Payo', 'Singaporean')
insert into patient values ('S7237699S', 'KOK LEONG', 'TEO', '1988-09-16', 21, 'female', 'Keppel', 'Singaporean')
insert into patient values ('S8225715W', 'PUI MUN', 'SHUM', '1977-10-24', 32, 'female', 'Punggol', 'Singaporean')
insert into patient values ('S6280444Q', 'HUN SEONG', 'SHUM', '1978-01-08', 31, 'female', 'Keppel', 'Singaporean')
insert into patient values ('S7271506C', 'ZEE KEAN', 'SIN', '1984-12-04', 25, 'female', 'Keppel', 'Singaporean')
insert into patient values ('S8218449Y', 'BOON SEONG', 'CHAI', '1979-10-16', 30, 'male', 'Keppel', 'Singaporean')
insert into patient values ('S8283761O', 'RIZWAN MUZZAMMIL', 'MOHAMED', '1978-08-13', 31, 'male', 'Punggol', 'Singaporean')
insert into patient values ('S8216753V', 'WONG PAK MING', 'IFAT', '1988-10-25', 21, 'female', 'Toa Payo', 'Singaporean')
insert into patient values ('S7211668R', 'LEE CHONG', 'TANG', '1972-04-21', 37, 'male', 'Dover', 'Singaporean')
insert into patient values ('S7293605H', 'WEE SIANG', 'TAN', '1980-05-10', 29, 'female', 'Punggol', 'Singaporean')
insert into patient values ('S6260266X', 'CHEE YIK', 'TOH', '1977-03-21', 32, 'male', 'Bedok', 'Singaporean')
insert into patient values ('S8290908C', 'CHEAA YEENG', 'ANG', '1983-06-21', 26, 'male', 'Toa Payo', 'Singaporean')
insert into patient values ('S6213294O', 'HUN SEONG', 'SHUM', '1978-10-11', 31, 'male', 'Keppel', 'Singaporean')
insert into patient values ('S8298786B', 'YUAN NEE ANNIE', 'KOH', '1979-12-06', 30, 'female', 'Dover', 'Singaporean')
insert into patient values ('S7295208R', 'KWEE GUAN', 'TAY', '1970-05-07', 39, 'male', 'Chinatown', 'Singaporean')
insert into patient values ('S7288897O', 'PUI SHAN SELINA', 'CHAN', '1981-10-16', 28, 'male', 'Dover', 'Singaporean')
insert into patient values ('S7274789C', 'KOK HOW', 'TAN', '1973-04-27', 36, 'female', 'Keppel', 'Singaporean')

CREATE TABLE physician(physician_id varchar(30) NOT NULL, first_name text, last_name text, CONSTRAINT patient_pkey PRIMARY KEY (physician_id))
insert into physician values ('PH2000001', 'KOH', 'KOK HWEE')
insert into physician values ('PH2000002', 'ASHWYN', 'SINGHAL')

CREATE TABLE treat(patient_id varchar(30), physician_id varchar(30), start_date text, end_date text)
insert into treat values ('S8284186E', 'PH2000001', '2007-07-04', '2007-07-11')
insert into treat values ('S8284186E', 'PH2000002', '2007-07-04', '2007-07-11')
insert into treat values ('S8285084H', 'PH2000001', '2006-04-10', '2006-04-15')
insert into treat values ('S8285084H', 'PH2000002', '2006-04-10', '2006-04-17')
insert into treat values ('S7155700M', 'PH2000001', '2007-12-04', '2007-12-11')
insert into treat values ('S7155700M', 'PH2000002', '2007-12-04', '2007-12-10')
insert into treat values ('S7175840E', 'PH2000001', '2007-02-05', '2007-02-10')
insert into treat values ('S7175840E', 'PH2000002', '2007-02-05', '2007-02-10')
insert into treat values ('S7131566G', 'PH2000001', '2007-08-15', '2007-08-20')
insert into treat values ('S7131566G', 'PH2000002', '2007-08-15', '2007-08-23')
insert into treat values ('S7195328V', 'PH2000001', '2008-11-16', '2008-11-24')
insert into treat values ('S7195328V', 'PH2000002', '2008-11-16', '2008-11-23')
insert into treat values ('S7127561O', 'PH2000001', '2007-10-06', '2007-10-11')
insert into treat values ('S7127561O', 'PH2000002', '2007-10-06', '2007-10-12')
insert into treat values ('S6156259Y', 'PH2000001', '2008-10-07', '2008-10-12')
insert into treat values ('S6156259Y', 'PH2000002', '2008-10-07', '2008-10-11')
insert into treat values ('S8160113T', 'PH2000001', '2009-01-15', '2009-01-20')
insert into treat values ('S8160113T', 'PH2000002', '2009-01-15', '2009-01-21')
insert into treat values ('S7113738O', 'PH2000001', '2007-11-05', '2007-11-10')
insert into treat values ('S7113738O', 'PH2000002', '2007-11-05', '2007-11-10')
insert into treat values ('S7180349D', 'PH2000001', '2006-08-13', '2006-08-17')
insert into treat values ('S7180349D', 'PH2000002', '2006-08-13', '2006-08-19')
insert into treat values ('S7127476Y', 'PH2000001', '2008-01-14', '2008-01-20')
insert into treat values ('S7127476Y', 'PH2000002', '2008-01-14', '2008-01-19')
insert into treat values ('S7182216G', 'PH2000001', '2009-08-12', '2009-08-19')
insert into treat values ('S7182216G', 'PH2000002', '2009-08-12', '2009-08-19')
insert into treat values ('S7128251H', 'PH2000001', '2006-07-04', '2006-07-09')
insert into treat values ('S7128251H', 'PH2000002', '2006-07-04', '2006-07-09')
insert into treat values ('S6111140U', 'PH2000001', '2007-03-07', '2007-03-11')
insert into treat values ('S6111140U', 'PH2000002', '2007-03-07', '2007-03-12')
insert into treat values ('S7142391Q', 'PH2000001', '2008-06-20', '2008-06-24')
insert into treat values ('S7142391Q', 'PH2000002', '2008-06-20', '2008-06-27')
insert into treat values ('S7143870K', 'PH2000001', '2007-08-11', '2007-08-19')
insert into treat values ('S7143870K', 'PH2000002', '2007-08-11', '2007-08-19')
insert into treat values ('S8115971H', 'PH2000001', '2009-04-13', '2009-04-21')
insert into treat values ('S8115971H', 'PH2000002', '2009-04-13', '2009-04-18')
insert into treat values ('S6116370S', 'PH2000001', '2008-07-19', '2008-07-25')
insert into treat values ('S6116370S', 'PH2000002', '2008-07-19', '2008-07-25')
insert into treat values ('S7223971Z', 'PH2000001', '2007-02-18', '2007-02-24')
insert into treat values ('S7223971Z', 'PH2000002', '2007-02-18', '2007-02-23')
insert into treat values ('S8258369F', 'PH2000001', '2008-11-07', '2008-11-14')
insert into treat values ('S8258369F', 'PH2000002', '2008-11-07', '2008-11-13')
insert into treat values ('S7217197T', 'PH2000001', '2007-02-18', '2007-02-24')
insert into treat values ('S7217197T', 'PH2000002', '2007-02-18', '2007-02-24')
insert into treat values ('S7267677E', 'PH2000001', '2008-06-09', '2008-06-17')
insert into treat values ('S7267677E', 'PH2000002', '2008-06-09', '2008-06-17')
insert into treat values ('S8216312N', 'PH2000001', '2008-02-01', '2008-02-06')
insert into treat values ('S8216312N', 'PH2000002', '2008-02-01', '2008-02-06')
insert into treat values ('S6267517Z', 'PH2000001', '2008-05-10', '2008-05-14')
insert into treat values ('S6267517Z', 'PH2000002', '2008-05-10', '2008-05-14')
insert into treat values ('S7228419U', 'PH2000001', '2008-07-18', '2008-07-23')
insert into treat values ('S7228419U', 'PH2000002', '2008-07-18', '2008-07-22')
insert into treat values ('S7257637G', 'PH2000001', '2006-10-08', '2006-10-15')
insert into treat values ('S7257637G', 'PH2000002', '2006-10-08', '2006-10-12')
insert into treat values ('S7257117P', 'PH2000001', '2008-09-15', '2008-09-20')
insert into treat values ('S7257117P', 'PH2000002', '2008-09-15', '2008-09-22')
insert into treat values ('S7269224V', 'PH2000001', '2008-09-17', '2008-09-23')
insert into treat values ('S7269224V', 'PH2000002', '2008-09-17', '2008-09-24')
insert into treat values ('S7273923C', 'PH2000001', '2006-09-13', '2006-09-19')
insert into treat values ('S7273923C', 'PH2000002', '2006-09-13', '2006-09-21')
insert into treat values ('S6261139W', 'PH2000001', '2007-04-07', '2007-04-13')
insert into treat values ('S6261139W', 'PH2000002', '2007-04-07', '2007-04-11')
insert into treat values ('S7227411X', 'PH2000001', '2007-04-17', '2007-04-22')
insert into treat values ('S7227411X', 'PH2000002', '2007-04-17', '2007-04-25')
insert into treat values ('S7263477S', 'PH2000001', '2008-01-17', '2008-01-22')
insert into treat values ('S7263477S', 'PH2000002', '2008-01-17', '2008-01-24')
insert into treat values ('S7246717H', 'PH2000001', '2006-09-07', '2006-09-14')
insert into treat values ('S7246717H', 'PH2000002', '2006-09-07', '2006-09-13')
insert into treat values ('S8218449Y', 'PH2000001', '2007-08-07', '2007-08-15')
insert into treat values ('S8218449Y', 'PH2000002', '2007-08-07', '2007-08-11')
insert into treat values ('S8283761O', 'PH2000001', '2008-07-12', '2008-07-18')
insert into treat values ('S8283761O', 'PH2000002', '2008-07-12', '2008-07-19')
insert into treat values ('S8216753V', 'PH2000001', '2007-03-09', '2007-03-13')
insert into treat values ('S8216753V', 'PH2000002', '2007-03-09', '2007-03-13')
insert into treat values ('S8356268I', 'PH2000001', '2007-07-16', '2007-07-23')
insert into treat values ('S8356268I', 'PH2000002', '2007-07-16', '2007-07-22')
insert into treat values ('S7382208K', 'PH2000001', '2008-07-16', '2008-07-21')
insert into treat values ('S7382208K', 'PH2000002', '2008-07-16', '2008-07-22')
insert into treat values ('S6359192P', 'PH2000001', '2007-03-17', '2007-03-24')
insert into treat values ('S6359192P', 'PH2000002', '2007-03-17', '2007-03-24')
insert into treat values ('S7320654M', 'PH2000001', '2009-05-03', '2009-05-08')
insert into treat values ('S7320654M', 'PH2000002', '2009-05-03', '2009-05-10')
insert into treat values ('S8310788R', 'PH2000001', '2007-09-08', '2007-09-15')
insert into treat values ('S8310788R', 'PH2000002', '2007-09-08', '2007-09-15')
insert into treat values ('S8386881S', 'PH2000001', '2008-03-19', '2008-03-25')
insert into treat values ('S8386881S', 'PH2000002', '2008-03-19', '2008-03-26')
insert into treat values ('S7370387T', 'PH2000001', '2006-08-02', '2006-08-07')
insert into treat values ('S7370387T', 'PH2000002', '2006-08-02', '2006-08-08')
insert into treat values ('S7321579R', 'PH2000001', '2006-10-17', '2006-10-23')
insert into treat values ('S7321579R', 'PH2000002', '2006-10-17', '2006-10-23')
insert into treat values ('S6360780B', 'PH2000001', '2009-05-02', '2009-05-08')
insert into treat values ('S6360780B', 'PH2000002', '2009-05-02', '2009-05-09')
insert into treat values ('S7351935M', 'PH2000001', '2008-01-02', '2008-01-10')
insert into treat values ('S7351935M', 'PH2000002', '2008-01-02', '2008-01-07')
insert into treat values ('S7353790V', 'PH2000001', '2008-10-11', '2008-10-17')
insert into treat values ('S7353790V', 'PH2000002', '2008-10-11', '2008-10-16')
insert into treat values ('S8389611P', 'PH2000001', '2009-06-04', '2009-06-11')
insert into treat values ('S8389611P', 'PH2000002', '2009-06-04', '2009-06-10')
insert into treat values ('S6343283V', 'PH2000001', '2008-05-16', '2008-05-20')
insert into treat values ('S6343283V', 'PH2000002', '2008-05-16', '2008-05-22')
insert into treat values ('S7318665L', 'PH2000001', '2006-08-07', '2006-08-13')
insert into treat values ('S7318665L', 'PH2000002', '2006-08-07', '2006-08-14')
insert into treat values ('S6341442R', 'PH2000001', '2007-11-12', '2007-11-19')
insert into treat values ('S6341442R', 'PH2000002', '2007-11-12', '2007-11-19')
insert into treat values ('S7310327M', 'PH2000001', '2008-05-04', '2008-05-08')
insert into treat values ('S7310327M', 'PH2000002', '2008-05-04', '2008-05-09')
insert into treat values ('S7398570K', 'PH2000001', '2007-07-04', '2007-07-09')
insert into treat values ('S7398570K', 'PH2000002', '2007-07-04', '2007-07-10')
insert into treat values ('S6444767F', 'PH2000001', '2006-05-11', '2006-05-17')
insert into treat values ('S6444767F', 'PH2000002', '2006-05-11', '2006-05-18')
insert into treat values ('S7479701V', 'PH2000001', '2006-03-06', '2006-03-11')
insert into treat values ('S7479701V', 'PH2000002', '2006-03-06', '2006-03-13')
insert into treat values ('S7443693E', 'PH2000001', '2007-11-05', '2007-11-13')
insert into treat values ('S7443693E', 'PH2000002', '2007-11-05', '2007-11-09')
insert into treat values ('S8442952Z', 'PH2000001', '2009-03-17', '2009-03-24')
insert into treat values ('S8442952Z', 'PH2000002', '2009-03-17', '2009-03-24')
insert into treat values ('S6460940H', 'PH2000001', '2008-09-15', '2008-09-23')
insert into treat values ('S6460940H', 'PH2000002', '2008-09-15', '2008-09-19')
insert into treat values ('S7438494X', 'PH2000001', '2007-04-15', '2007-04-22')
insert into treat values ('S7438494X', 'PH2000002', '2007-04-15', '2007-04-21')
insert into treat values ('S7432505M', 'PH2000001', '2008-08-05', '2008-08-12')
insert into treat values ('S7432505M', 'PH2000002', '2008-08-05', '2008-08-09')
insert into treat values ('S7496312D', 'PH2000001', '2008-06-07', '2008-06-13')
insert into treat values ('S7496312D', 'PH2000002', '2008-06-07', '2008-06-11')
insert into treat values ('S7439620Y', 'PH2000001', '2009-04-14', '2009-04-21')
insert into treat values ('S7439620Y', 'PH2000002', '2009-04-14', '2009-04-22')
insert into treat values ('S7455185K', 'PH2000001', '2006-04-12', '2006-04-17')
insert into treat values ('S7455185K', 'PH2000002', '2006-04-12', '2006-04-16')
insert into treat values ('S7417173K', 'PH2000001', '2008-09-05', '2008-09-10')
insert into treat values ('S7417173K', 'PH2000002', '2008-09-05', '2008-09-11')
insert into treat values ('S8450296O', 'PH2000001', '2008-02-15', '2008-02-22')
insert into treat values ('S8450296O', 'PH2000002', '2008-02-15', '2008-02-21')
insert into treat values ('S8487906P', 'PH2000001', '2009-02-14', '2009-02-19')
insert into treat values ('S8487906P', 'PH2000002', '2009-02-14', '2009-02-21')
insert into treat values ('S6478104E', 'PH2000001', '2009-08-18', '2009-08-23')
insert into treat values ('S6478104E', 'PH2000002', '2009-08-18', '2009-08-23')
insert into treat values ('S7451931O', 'PH2000001', '2009-05-19', '2009-05-26')
insert into treat values ('S7451931O', 'PH2000002', '2009-05-19', '2009-05-24')
insert into treat values ('S7434568M', 'PH2000001', '2008-11-11', '2008-11-18')
insert into treat values ('S7434568M', 'PH2000002', '2008-11-11', '2008-11-17')
insert into treat values ('S7457253Y', 'PH2000001', '2006-10-11', '2006-10-19')
insert into treat values ('S7457253Y', 'PH2000002', '2006-10-11', '2006-10-16')
insert into treat values ('S7436389T', 'PH2000001', '2006-08-18', '2006-08-24')
insert into treat values ('S7436389T', 'PH2000002', '2006-08-18', '2006-08-24')
insert into treat values ('S6449987U', 'PH2000001', '2007-06-06', '2007-06-13')
insert into treat values ('S6449987U', 'PH2000002', '2007-06-06', '2007-06-12')
insert into treat values ('S7465487E', 'PH2000001', '2008-01-06', '2008-01-10')
insert into treat values ('S7465487E', 'PH2000002', '2008-01-06', '2008-01-12')
insert into treat values ('S7449910Y', 'PH2000001', '2008-06-03', '2008-06-08')
insert into treat values ('S7449910Y', 'PH2000002', '2008-06-03', '2008-06-07')
insert into treat values ('S8471587J', 'PH2000001', '2008-06-11', '2008-06-17')
insert into treat values ('S8471587J', 'PH2000002', '2008-06-11', '2008-06-17')
insert into treat values ('S7578670R', 'PH2000001', '2006-01-02', '2006-01-09')
insert into treat values ('S7578670R', 'PH2000002', '2006-01-02', '2006-01-08')
insert into treat values ('S7534933E', 'PH2000001', '2008-02-07', '2008-02-12')
insert into treat values ('S7534933E', 'PH2000002', '2008-02-07', '2008-02-15')
insert into treat values ('S8533785A', 'PH2000001', '2008-03-11', '2008-03-18')
insert into treat values ('S8533785A', 'PH2000002', '2008-03-11', '2008-03-18')
insert into treat values ('S6521341F', 'PH2000001', '2006-02-04', '2006-02-09')
insert into treat values ('S6521341F', 'PH2000002', '2006-02-04', '2006-02-11')
insert into treat values ('S7579647C', 'PH2000001', '2007-02-20', '2007-02-24')
insert into treat values ('S7579647C', 'PH2000002', '2007-02-20', '2007-02-27')
insert into treat values ('S7555534N', 'PH2000001', '2009-05-07', '2009-05-11')
insert into treat values ('S7555534N', 'PH2000002', '2009-05-07', '2009-05-12')
insert into treat values ('S6599494U', 'PH2000001', '2007-10-06', '2007-10-13')
insert into treat values ('S6599494U', 'PH2000002', '2007-10-06', '2007-10-10')
insert into treat values ('S6519677Y', 'PH2000001', '2006-08-06', '2006-08-11')
insert into treat values ('S6519677Y', 'PH2000002', '2006-08-06', '2006-08-10')
insert into treat values ('S6594382J', 'PH2000001', '2009-06-09', '2009-06-16')
insert into treat values ('S6594382J', 'PH2000002', '2009-06-09', '2009-06-14')
insert into treat values ('S7568109D', 'PH2000001', '2009-05-16', '2009-05-22')
insert into treat values ('S7568109D', 'PH2000002', '2009-05-16', '2009-05-23')
insert into treat values ('S6594424C', 'PH2000001', '2009-06-17', '2009-06-25')
insert into treat values ('S6594424C', 'PH2000002', '2009-06-17', '2009-06-22')
insert into treat values ('S7566381C', 'PH2000001', '2007-03-04', '2007-03-10')
insert into treat values ('S7566381C', 'PH2000002', '2007-03-04', '2007-03-11')
insert into treat values ('S7584957I', 'PH2000001', '2008-11-13', '2008-11-19')
insert into treat values ('S7584957I', 'PH2000002', '2008-11-13', '2008-11-20')
insert into treat values ('S7559561U', 'PH2000001', '2009-04-09', '2009-04-16')
insert into treat values ('S7559561U', 'PH2000002', '2009-04-09', '2009-04-16')
insert into treat values ('S7572737A', 'PH2000001', '2009-04-18', '2009-04-26')
insert into treat values ('S7572737A', 'PH2000002', '2009-04-18', '2009-04-26')
insert into treat values ('S7574399D', 'PH2000001', '2009-08-16', '2009-08-21')
insert into treat values ('S7574399D', 'PH2000002', '2009-08-16', '2009-08-23')
insert into treat values ('S7543298P', 'PH2000001', '2007-11-15', '2007-11-20')
insert into treat values ('S7543298P', 'PH2000002', '2007-11-15', '2007-11-21')
insert into treat values ('S6525621I', 'PH2000001', '2007-05-20', '2007-05-27')
insert into treat values ('S6525621I', 'PH2000002', '2007-05-20', '2007-05-27')
insert into treat values ('S7563683E', 'PH2000001', '2009-07-15', '2009-07-23')
insert into treat values ('S7563683E', 'PH2000002', '2009-07-15', '2009-07-20')
insert into treat values ('S6537826H', 'PH2000001', '2007-02-12', '2007-02-16')
insert into treat values ('S6537826H', 'PH2000002', '2007-02-12', '2007-02-16')
insert into treat values ('S8586402F', 'PH2000001', '2008-03-08', '2008-03-15')
insert into treat values ('S8586402F', 'PH2000002', '2008-03-08', '2008-03-15')
insert into treat values ('S6562537B', 'PH2000001', '2008-06-10', '2008-06-16')
insert into treat values ('S6562537B', 'PH2000002', '2008-06-10', '2008-06-14')
insert into treat values ('S7575645U', 'PH2000001', '2008-09-08', '2008-09-13')
insert into treat values ('S7575645U', 'PH2000002', '2008-09-08', '2008-09-13')
insert into treat values ('S8522105T', 'PH2000001', '2007-01-16', '2007-01-24')
insert into treat values ('S8522105T', 'PH2000002', '2007-01-16', '2007-01-22')
insert into treat values ('S8568662U', 'PH2000001', '2007-10-16', '2007-10-22')
insert into treat values ('S8568662U', 'PH2000002', '2007-10-16', '2007-10-23')
insert into treat values ('S7579221J', 'PH2000001', '2007-06-14', '2007-06-21')
insert into treat values ('S7579221J', 'PH2000002', '2007-06-14', '2007-06-19')
insert into treat values ('S6569400O', 'PH2000001', '2008-06-18', '2008-06-25')
insert into treat values ('S6569400O', 'PH2000002', '2008-06-18', '2008-06-24')
insert into treat values ('S7581775E', 'PH2000001', '2009-04-03', '2009-04-10')
insert into treat values ('S7581775E', 'PH2000002', '2009-04-03', '2009-04-10')
insert into treat values ('S8658530T', 'PH2000001', '2007-09-13', '2007-09-20')
insert into treat values ('S8658530T', 'PH2000002', '2007-09-13', '2007-09-18')
insert into treat values ('S7629944U', 'PH2000001', '2007-11-03', '2007-11-08')
insert into treat values ('S7629944U', 'PH2000002', '2007-11-03', '2007-11-09')
insert into treat values ('S7679911R', 'PH2000001', '2006-08-17', '2006-08-22')
insert into treat values ('S7679911R', 'PH2000002', '2006-08-17', '2006-08-21')
insert into treat values ('S7637350X', 'PH2000001', '2008-05-13', '2008-05-20')
insert into treat values ('S7637350X', 'PH2000002', '2008-05-13', '2008-05-20')
insert into treat values ('S8620155D', 'PH2000001', '2009-05-11', '2009-05-15')
insert into treat values ('S8620155D', 'PH2000002', '2009-05-11', '2009-05-19')
insert into treat values ('S7661617W', 'PH2000001', '2007-11-01', '2007-11-08')
insert into treat values ('S7661617W', 'PH2000002', '2007-11-01', '2007-11-07')
insert into treat values ('S7630464O', 'PH2000001', '2007-11-11', '2007-11-18')
insert into treat values ('S7630464O', 'PH2000002', '2007-11-11', '2007-11-18')
insert into treat values ('S7685186Y', 'PH2000001', '2009-07-06', '2009-07-14')
insert into treat values ('S7685186Y', 'PH2000002', '2009-07-06', '2009-07-13')
insert into treat values ('S8652792R', 'PH2000001', '2008-03-08', '2008-03-14')
insert into treat values ('S8652792R', 'PH2000002', '2008-03-08', '2008-03-12')
insert into treat values ('S7682173K', 'PH2000001', '2008-09-03', '2008-09-11')
insert into treat values ('S7682173K', 'PH2000002', '2008-09-03', '2008-09-09')
insert into treat values ('S6671466O', 'PH2000001', '2009-07-13', '2009-07-18')
insert into treat values ('S6671466O', 'PH2000002', '2009-07-13', '2009-07-21')
insert into treat values ('S8616827Z', 'PH2000001', '2009-03-10', '2009-03-17')
insert into treat values ('S8616827Z', 'PH2000002', '2009-03-10', '2009-03-17')
insert into treat values ('S7638861J', 'PH2000001', '2007-08-04', '2007-08-10')
insert into treat values ('S7638861J', 'PH2000002', '2007-08-04', '2007-08-10')
insert into treat values ('S7629685J', 'PH2000001', '2008-02-02', '2008-02-09')
insert into treat values ('S7629685J', 'PH2000002', '2008-02-02', '2008-02-10')
insert into treat values ('S6687109T', 'PH2000001', '2007-02-02', '2007-02-10')
insert into treat values ('S6687109T', 'PH2000002', '2007-02-02', '2007-02-09')
insert into treat values ('S7692445K', 'PH2000001', '2009-08-09', '2009-08-16')
insert into treat values ('S7692445K', 'PH2000002', '2009-08-09', '2009-08-14')
insert into treat values ('S7689627O', 'PH2000001', '2008-05-16', '2008-05-24')
insert into treat values ('S7689627O', 'PH2000002', '2008-05-16', '2008-05-22')
insert into treat values ('S7658543V', 'PH2000001', '2007-01-20', '2007-01-27')
insert into treat values ('S7658543V', 'PH2000002', '2007-01-20', '2007-01-27')
insert into treat values ('S8692808J', 'PH2000001', '2009-03-09', '2009-03-14')
insert into treat values ('S8692808J', 'PH2000002', '2009-03-09', '2009-03-13')
insert into treat values ('S6669167M', 'PH2000001', '2008-08-13', '2008-08-19')
insert into treat values ('S6669167M', 'PH2000002', '2008-08-13', '2008-08-19')
insert into treat values ('S8666896M', 'PH2000001', '2007-11-10', '2007-11-18')
insert into treat values ('S8666896M', 'PH2000002', '2007-11-10', '2007-11-15')

CREATE TABLE visit(patient_id text, visit_date text, location text, reason text)
insert into visit values ('S8284186E', '2007-07-04', 'Alexandra Hospital', 'sore throat')
insert into visit values ('S8285084H', '2006-04-10', 'Alexandra Hospital', 'respiratory problem')
insert into visit values ('S7155700M', '2007-12-04', 'Alexandra Hospital', 'cephalea')
insert into visit values ('S7175840E', '2007-02-05', 'Alexandra Hospital', 'cough')
insert into visit values ('S7131566G', '2007-08-15', 'Alexandra Hospital', 'cough')
insert into visit values ('S7195328V', '2008-11-16', 'Alexandra Hospital', 'backache')
insert into visit values ('S7127561O', '2007-10-06', 'Alexandra Hospital', 'stomach problem')
insert into visit values ('S6156259Y', '2008-10-07', 'Alexandra Hospital', 'respiratory problem')
insert into visit values ('S8160113T', '2009-01-15', 'Alexandra Hospital', 'cough')
insert into visit values ('S7113738O', '2007-11-05', 'Alexandra Hospital', 'sore throat')
insert into visit values ('S7180349D', '2006-08-13', 'Alexandra Hospital', 'respiratory problem')
insert into visit values ('S7127476Y', '2008-01-14', 'Alexandra Hospital', 'heart problem')
insert into visit values ('S7182216G', '2009-08-12', 'Alexandra Hospital', 'heart problem')
insert into visit values ('S7128251H', '2006-07-04', 'Alexandra Hospital', 'heart problem')
insert into visit values ('S6111140U', '2007-03-07', 'Alexandra Hospital', 'fever')
insert into visit values ('S7142391Q', '2008-06-20', 'Alexandra Hospital', 'heart problem')
insert into visit values ('S7143870K', '2007-08-11', 'Alexandra Hospital', 'backache')
insert into visit values ('S8115971H', '2009-04-13', 'Alexandra Hospital', 'cough')
insert into visit values ('S6116370S', '2008-07-19', 'Alexandra Hospital', 'heart problem')
insert into visit values ('S7223971Z', '2007-02-18', 'Alexandra Hospital', 'fever')
insert into visit values ('S8258369F', '2008-11-07', 'Alexandra Hospital', 'backache')
insert into visit values ('S7217197T', '2007-02-18', 'Alexandra Hospital', 'backache')
insert into visit values ('S7267677E', '2008-06-09', 'Alexandra Hospital', 'heart problem')
insert into visit values ('S8216312N', '2008-02-01', 'Alexandra Hospital', 'backache')
insert into visit values ('S6267517Z', '2008-05-10', 'Alexandra Hospital', 'backache')
insert into visit values ('S7228419U', '2008-07-18', 'Alexandra Hospital', 'backache')
insert into visit values ('S7257637G', '2006-10-08', 'Alexandra Hospital', 'backache')
insert into visit values ('S7257117P', '2008-09-15', 'Alexandra Hospital', 'fever')
insert into visit values ('S7269224V', '2008-09-17', 'Alexandra Hospital', 'respiratory problem')
insert into visit values ('S7273923C', '2006-09-13', 'Alexandra Hospital', 'fever')
insert into visit values ('S6261139W', '2007-04-07', 'Alexandra Hospital', 'fever')
insert into visit values ('S7227411X', '2007-04-17', 'Alexandra Hospital', 'heart problem')
insert into visit values ('S7263477S', '2008-01-17', 'Alexandra Hospital', 'backache')
insert into visit values ('S7246717H', '2006-09-07', 'Alexandra Hospital', 'stomach problem')
insert into visit values ('S8218449Y', '2007-08-07', 'Alexandra Hospital', 'cough')
insert into visit values ('S8283761O', '2008-07-12', 'Alexandra Hospital', 'fever')
insert into visit values ('S8216753V', '2007-03-09', 'Alexandra Hospital', 'respiratory problem')
insert into visit values ('S8356268I', '2007-07-16', 'Alexandra Hospital', 'sore throat')
insert into visit values ('S7382208K', '2008-07-16', 'Alexandra Hospital', 'sore throat')
insert into visit values ('S6359192P', '2007-03-17', 'Alexandra Hospital', 'stomach problem')
insert into visit values ('S7320654M', '2009-05-03', 'Alexandra Hospital', 'backache')
insert into visit values ('S8310788R', '2007-09-08', 'Alexandra Hospital', 'sore throat')
insert into visit values ('S8386881S', '2008-03-19', 'Alexandra Hospital', 'stomach problem')
insert into visit values ('S7370387T', '2006-08-02', 'Alexandra Hospital', 'heart problem')
insert into visit values ('S7321579R', '2006-10-17', 'Alexandra Hospital', 'sore throat')
insert into visit values ('S6360780B', '2009-05-02', 'Alexandra Hospital', 'fever')
insert into visit values ('S7351935M', '2008-01-02', 'Alexandra Hospital', 'cough')
insert into visit values ('S7353790V', '2008-10-11', 'Alexandra Hospital', 'stomach problem')
insert into visit values ('S8389611P', '2009-06-04', 'Alexandra Hospital', 'fever')
insert into visit values ('S6343283V', '2008-05-16', 'Alexandra Hospital', 'respiratory problem')
insert into visit values ('S7318665L', '2006-08-07', 'Alexandra Hospital', 'cephalea')
insert into visit values ('S6341442R', '2007-11-12', 'Alexandra Hospital', 'backache')
insert into visit values ('S7310327M', '2008-05-04', 'Alexandra Hospital', 'sore throat')
insert into visit values ('S7398570K', '2007-07-04', 'Alexandra Hospital', 'stomach problem')
insert into visit values ('S6444767F', '2006-05-11', 'Alexandra Hospital', 'backache')
insert into visit values ('S7479701V', '2006-03-06', 'Alexandra Hospital', 'backache')
insert into visit values ('S7443693E', '2007-11-05', 'Alexandra Hospital', 'backache')
insert into visit values ('S8442952Z', '2009-03-17', 'Alexandra Hospital', 'cephalea')
insert into visit values ('S6460940H', '2008-09-15', 'Alexandra Hospital', 'cough')
insert into visit values ('S7438494X', '2007-04-15', 'Alexandra Hospital', 'cough')
insert into visit values ('S7432505M', '2008-08-05', 'Alexandra Hospital', 'sore throat')
insert into visit values ('S7496312D', '2008-06-07', 'Alexandra Hospital', 'backache')
insert into visit values ('S7439620Y', '2009-04-14', 'Alexandra Hospital', 'fever')
insert into visit values ('S7455185K', '2006-04-12', 'Alexandra Hospital', 'cough')
insert into visit values ('S7417173K', '2008-09-05', 'Alexandra Hospital', 'backache')
insert into visit values ('S8450296O', '2008-02-15', 'Alexandra Hospital', 'cephalea')
insert into visit values ('S8487906P', '2009-02-14', 'Alexandra Hospital', 'sore throat')
insert into visit values ('S6478104E', '2009-08-18', 'Alexandra Hospital', 'respiratory problem')
insert into visit values ('S7451931O', '2009-05-19', 'Alexandra Hospital', 'cough')
insert into visit values ('S7434568M', '2008-11-11', 'Alexandra Hospital', 'stomach problem')
insert into visit values ('S7457253Y', '2006-10-11', 'Alexandra Hospital', 'cephalea')
insert into visit values ('S7436389T', '2006-08-18', 'Alexandra Hospital', 'backache')
insert into visit values ('S6449987U', '2007-06-06', 'Alexandra Hospital', 'backache')
insert into visit values ('S7465487E', '2008-01-06', 'Alexandra Hospital', 'heart problem')
insert into visit values ('S7449910Y', '2008-06-03', 'Alexandra Hospital', 'stomach problem')
insert into visit values ('S8471587J', '2008-06-11', 'Alexandra Hospital', 'cough')
insert into visit values ('S7578670R', '2006-01-02', 'Alexandra Hospital', 'stomach problem')
insert into visit values ('S7534933E', '2008-02-07', 'Alexandra Hospital', 'stomach problem')
insert into visit values ('S8533785A', '2008-03-11', 'Alexandra Hospital', 'backache')
insert into visit values ('S6521341F', '2006-02-04', 'Alexandra Hospital', 'fever')
insert into visit values ('S7579647C', '2007-02-20', 'Alexandra Hospital', 'cough')
insert into visit values ('S7555534N', '2009-05-07', 'Alexandra Hospital', 'backache')
insert into visit values ('S6599494U', '2007-10-06', 'Alexandra Hospital', 'heart problem')
insert into visit values ('S6519677Y', '2006-08-06', 'Alexandra Hospital', 'stomach problem')
insert into visit values ('S6594382J', '2009-06-09', 'Alexandra Hospital', 'respiratory problem')
insert into visit values ('S7568109D', '2009-05-16', 'Alexandra Hospital', 'heart problem')
insert into visit values ('S6594424C', '2009-06-17', 'Alexandra Hospital', 'stomach problem')
insert into visit values ('S7566381C', '2007-03-04', 'Alexandra Hospital', 'sore throat')
insert into visit values ('S7584957I', '2008-11-13', 'Alexandra Hospital', 'cephalea')
insert into visit values ('S7559561U', '2009-04-09', 'Alexandra Hospital', 'fever')
insert into visit values ('S7572737A', '2009-04-18', 'Alexandra Hospital', 'cephalea')
insert into visit values ('S7574399D', '2009-08-16', 'Alexandra Hospital', 'respiratory problem')
insert into visit values ('S7543298P', '2007-11-15', 'Alexandra Hospital', 'cough')
insert into visit values ('S6525621I', '2007-05-20', 'Alexandra Hospital', 'fever')
insert into visit values ('S7563683E', '2009-07-15', 'Alexandra Hospital', 'backache')
insert into visit values ('S6537826H', '2007-02-12', 'Alexandra Hospital', 'backache')
insert into visit values ('S8586402F', '2008-03-08', 'Alexandra Hospital', 'fever')
insert into visit values ('S6562537B', '2008-06-10', 'Alexandra Hospital', 'sore throat')
insert into visit values ('S7575645U', '2008-09-08', 'Alexandra Hospital', 'cough')
insert into visit values ('S8522105T', '2007-01-16', 'Alexandra Hospital', 'cephalea')
insert into visit values ('S8568662U', '2007-10-16', 'Alexandra Hospital', 'stomach problem')
insert into visit values ('S7579221J', '2007-06-14', 'Alexandra Hospital', 'cephalea')
insert into visit values ('S6569400O', '2008-06-18', 'Alexandra Hospital', 'heart problem')
insert into visit values ('S7581775E', '2009-04-03', 'Alexandra Hospital', 'cough')
insert into visit values ('S8658530T', '2007-09-13', 'Alexandra Hospital', 'respiratory problem')
insert into visit values ('S7629944U', '2007-11-03', 'Alexandra Hospital', 'sore throat')
insert into visit values ('S7679911R', '2006-08-17', 'Alexandra Hospital', 'stomach problem')
insert into visit values ('S7637350X', '2008-05-13', 'Alexandra Hospital', 'fever')
insert into visit values ('S8620155D', '2009-05-11', 'Alexandra Hospital', 'stomach problem')
insert into visit values ('S7661617W', '2007-11-01', 'Alexandra Hospital', 'backache')
insert into visit values ('S7630464O', '2007-11-11', 'Alexandra Hospital', 'respiratory problem')
insert into visit values ('S7685186Y', '2009-07-06', 'Alexandra Hospital', 'backache')
insert into visit values ('S8652792R', '2008-03-08', 'Alexandra Hospital', 'stomach problem')
insert into visit values ('S7682173K', '2008-09-03', 'Alexandra Hospital', 'stomach problem')
insert into visit values ('S6671466O', '2009-07-13', 'Alexandra Hospital', 'stomach problem')
insert into visit values ('S8616827Z', '2009-03-10', 'Alexandra Hospital', 'sore throat')
insert into visit values ('S7638861J', '2007-08-04', 'Alexandra Hospital', 'cough')
insert into visit values ('S7629685J', '2008-02-02', 'Alexandra Hospital', 'sore throat')
insert into visit values ('S6687109T', '2007-02-02', 'Alexandra Hospital', 'fever')
insert into visit values ('S7692445K', '2009-08-09', 'Alexandra Hospital', 'sore throat')
insert into visit values ('S7689627O', '2008-05-16', 'Alexandra Hospital', 'fever')
insert into visit values ('S7658543V', '2007-01-20', 'Alexandra Hospital', 'sore throat')
insert into visit values ('S8692808J', '2009-03-09', 'Alexandra Hospital', 'respiratory problem')
insert into visit values ('S6669167M', '2008-08-13', 'Alexandra Hospital', 'cough')
insert into visit values ('S8666896M', '2007-11-10', 'Alexandra Hospital', 'fever')

CREATE TABLE medical_test(patient_id varchar(30), test_name text, value text, test_date text)
insert into medical_test values ('S8284186E', 'total iron binding capacity', '240 mcg/dl', '2007-07-04')
insert into medical_test values ('S8285084H', 'MCHC', '37 g/dl', '2006-04-10')
insert into medical_test values ('S7155700M', 'red cell distribution width', '13.6%', '2007-12-04')
insert into medical_test values ('S7175840E', 'mean corpuscular hemoglobin', '31 pg', '2007-02-05')
insert into medical_test values ('S7131566G', 'total iron binding capacity', '240 mcg/dl', '2007-08-15')
insert into medical_test values ('S7195328V', 'mean corpuscular hemoglobin', '31 pg', '2008-11-16')
insert into medical_test values ('S7127561O', 'mean corpuscular hemoglobin', '31 pg', '2007-10-06')
insert into medical_test values ('S6156259Y', 'mean corpuscular hemoglobin', '29 pg', '2008-10-07')
insert into medical_test values ('S8160113T', 'total iron binding capacity', '290 mcg/dl', '2009-01-15')
insert into medical_test values ('S7113738O', 'arterial blood gas', ' 7.37 pH', '2007-11-05')
insert into medical_test values ('S7180349D', 'mean corpuscular volume', '89 fl', '2006-08-13')
insert into medical_test values ('S7127476Y', 'mean corpuscular volume', '89 fl', '2008-01-14')
insert into medical_test values ('S7182216G', 'arterial blood gas', ' 7.37 pH', '2009-08-12')
insert into medical_test values ('S7128251H', 'mean corpuscular volume', '85 fl', '2006-07-04')
insert into medical_test values ('S6111140U', 'red cell distribution width', '13.6%', '2007-03-07')
insert into medical_test values ('S7142391Q', 'mean corpuscular hemoglobin', '26 pg', '2008-06-20')
insert into medical_test values ('S7143870K', 'red cell distribution width', '11.9%', '2007-08-11')
insert into medical_test values ('S8115971H', 'arterial blood gas', ' 7.41 pH', '2009-04-13')
insert into medical_test values ('S6116370S', 'mean corpuscular volume', '89 fl', '2008-07-19')
insert into medical_test values ('S7223971Z', 'red cell distribution width', '11.9%', '2007-02-18')
insert into medical_test values ('S8258369F', 'mean corpuscular volume', '99 fl', '2008-11-07')
insert into medical_test values ('S7217197T', 'mean corpuscular volume', '85 fl', '2007-02-18')
insert into medical_test values ('S7267677E', 'total iron binding capacity', '290 mcg/dl', '2008-06-09')
insert into medical_test values ('S8216312N', 'heart rate', '63', '2008-02-01')
insert into medical_test values ('S6267517Z', 'total iron binding capacity', '320 mcg/dl', '2008-05-10')
insert into medical_test values ('S7228419U', 'total iron binding capacity', '320 mcg/dl', '2008-07-18')
insert into medical_test values ('S7257637G', 'arterial blood gas', '7.13 pH', '2006-10-08')
insert into medical_test values ('S7257117P', 'total iron binding capacity', '290 mcg/dl', '2008-09-15')
insert into medical_test values ('S7269224V', 'mean corpuscular hemoglobin', '31 pg', '2008-09-17')
insert into medical_test values ('S7273923C', 'arterial blood gas', '7.25 pH', '2006-09-13')
insert into medical_test values ('S6261139W', 'total iron binding capacity', '320 mcg/dl', '2007-04-07')
insert into medical_test values ('S7227411X', 'mean corpuscular volume', '89 fl', '2007-04-17')
insert into medical_test values ('S7263477S', 'arterial blood gas', '7.25 pH', '2008-01-17')
insert into medical_test values ('S7246717H', 'red cell distribution width', '13.6%', '2006-09-07')
insert into medical_test values ('S8218449Y', 'red cell distribution width', '13.6%', '2007-08-07')
insert into medical_test values ('S8283761O', 'mean corpuscular volume', '85 fl', '2008-07-12')
insert into medical_test values ('S8216753V', 'total iron binding capacity', '240 mcg/dl', '2007-03-09')
insert into medical_test values ('S8356268I', 'heart rate', '51', '2007-07-16')
insert into medical_test values ('S7382208K', 'red cell distribution width', '11.9%', '2008-07-16')
insert into medical_test values ('S6359192P', 'heart rate', '69', '2007-03-17')
insert into medical_test values ('S7320654M', 'arterial blood gas', '7.13 pH', '2009-05-03')
insert into medical_test values ('S8310788R', 'red cell distribution width', '11.5%', '2007-09-08')
insert into medical_test values ('S8386881S', 'arterial blood gas', '7.25 pH', '2008-03-19')
insert into medical_test values ('S7370387T', 'mean corpuscular volume', '99 fl', '2006-08-02')
insert into medical_test values ('S7321579R', 'heart rate', '71', '2006-10-17')
insert into medical_test values ('S6360780B', 'arterial blood gas', '7.25 pH', '2009-05-02')
insert into medical_test values ('S7351935M', 'MCHC', '35 g/dl', '2008-01-02')
insert into medical_test values ('S7353790V', 'MCHC', '35 g/dl', '2008-10-11')
insert into medical_test values ('S8389611P', 'red cell distribution width', '11.9%', '2009-06-04')
insert into medical_test values ('S6343283V', 'red cell distribution width', '13.6%', '2008-05-16')
insert into medical_test values ('S7318665L', 'arterial blood gas', ' 7.37 pH', '2006-08-07')
insert into medical_test values ('S6341442R', 'arterial blood gas', '7.13 pH', '2007-11-12')
insert into medical_test values ('S7310327M', 'mean corpuscular volume', '89 fl', '2008-05-04')
insert into medical_test values ('S7398570K', 'mean corpuscular hemoglobin', '31 pg', '2007-07-04')
insert into medical_test values ('S6444767F', 'heart rate', '69', '2006-05-11')
insert into medical_test values ('S7479701V', 'mean corpuscular hemoglobin', '26 pg', '2006-03-06')
insert into medical_test values ('S7443693E', 'red cell distribution width', '14.5%', '2007-11-05')
insert into medical_test values ('S8442952Z', 'mean corpuscular hemoglobin', '29 pg', '2009-03-17')
insert into medical_test values ('S6460940H', 'MCHC', '35 g/dl', '2008-09-15')
insert into medical_test values ('S7438494X', 'heart rate', '63', '2007-04-15')
insert into medical_test values ('S7432505M', 'mean corpuscular volume', '85 fl', '2008-08-05')
insert into medical_test values ('S7496312D', 'red cell distribution width', '14.5%', '2008-06-07')
insert into medical_test values ('S7439620Y', 'heart rate', '71', '2009-04-14')
insert into medical_test values ('S7455185K', 'red cell distribution width', '14.5%', '2006-04-12')
insert into medical_test values ('S7417173K', 'MCHC', '35 g/dl', '2008-09-05')
insert into medical_test values ('S8450296O', 'mean corpuscular volume', '89 fl', '2008-02-15')
insert into medical_test values ('S8487906P', 'mean corpuscular hemoglobin', '29 pg', '2009-02-14')
insert into medical_test values ('S6478104E', 'mean corpuscular hemoglobin', '34 pg', '2009-08-18')
insert into medical_test values ('S7451931O', 'heart rate', '69', '2009-05-19')
insert into medical_test values ('S7434568M', 'arterial blood gas', ' 7.41 pH', '2008-11-11')
insert into medical_test values ('S7457253Y', 'mean corpuscular volume', '89 fl', '2006-10-11')
insert into medical_test values ('S7436389T', 'heart rate', '56', '2006-08-18')
insert into medical_test values ('S6449987U', 'mean corpuscular volume', '82 fl', '2007-06-06')
insert into medical_test values ('S7465487E', 'total iron binding capacity', '400 mcg/dl', '2008-01-06')
insert into medical_test values ('S7449910Y', 'mean corpuscular volume', '85 fl', '2008-06-03')
insert into medical_test values ('S8471587J', 'total iron binding capacity', '240 mcg/dl', '2008-06-11')
insert into medical_test values ('S7578670R', 'total iron binding capacity', '410 mcg/dl', '2006-01-02')
insert into medical_test values ('S7534933E', 'mean corpuscular hemoglobin', '31 pg', '2008-02-07')
insert into medical_test values ('S8533785A', 'red cell distribution width', '13.6%', '2008-03-11')
insert into medical_test values ('S6521341F', 'arterial blood gas', '7.13 pH', '2006-02-04')
insert into medical_test values ('S7579647C', 'mean corpuscular volume', '89 fl', '2007-02-20')
insert into medical_test values ('S7555534N', 'mean corpuscular volume', '82 fl', '2009-05-07')
insert into medical_test values ('S6599494U', 'MCHC', '37 g/dl', '2007-10-06')
insert into medical_test values ('S6519677Y', 'mean corpuscular hemoglobin', '29 pg', '2006-08-06')
insert into medical_test values ('S6594382J', 'total iron binding capacity', '290 mcg/dl', '2009-06-09')
insert into medical_test values ('S7568109D', 'mean corpuscular volume', '85 fl', '2009-05-16')
insert into medical_test values ('S6594424C', 'mean corpuscular hemoglobin', '31 pg', '2009-06-17')
insert into medical_test values ('S7566381C', 'arterial blood gas', ' 7.48 pH', '2007-03-04')
insert into medical_test values ('S7584957I', 'red cell distribution width', '11.9%', '2008-11-13')
insert into medical_test values ('S7559561U', 'total iron binding capacity', '410 mcg/dl', '2009-04-09')
insert into medical_test values ('S7572737A', 'mean corpuscular volume', '89 fl', '2009-04-18')
insert into medical_test values ('S7574399D', 'MCHC', '31 g/dl', '2009-08-16')
insert into medical_test values ('S7543298P', 'total iron binding capacity', '320 mcg/dl', '2007-11-15')
insert into medical_test values ('S6525621I', 'heart rate', '63', '2007-05-20')
insert into medical_test values ('S7563683E', 'mean corpuscular volume', '85 fl', '2009-07-15')
insert into medical_test values ('S6537826H', 'total iron binding capacity', '400 mcg/dl', '2007-02-12')
insert into medical_test values ('S8586402F', 'heart rate', '63', '2008-03-08')
insert into medical_test values ('S6562537B', 'arterial blood gas', ' 7.37 pH', '2008-06-10')
insert into medical_test values ('S7575645U', 'arterial blood gas', '7.25 pH', '2008-09-08')
insert into medical_test values ('S8522105T', 'heart rate', '69', '2007-01-16')
insert into medical_test values ('S8568662U', 'arterial blood gas', ' 7.41 pH', '2007-10-16')
insert into medical_test values ('S7579221J', 'MCHC', '35 g/dl', '2007-06-14')
insert into medical_test values ('S6569400O', 'mean corpuscular hemoglobin', '34 pg', '2008-06-18')
insert into medical_test values ('S7581775E', 'mean corpuscular hemoglobin', '31 pg', '2009-04-03')
insert into medical_test values ('S8658530T', 'heart rate', '63', '2007-09-13')
insert into medical_test values ('S7629944U', 'total iron binding capacity', '240 mcg/dl', '2007-11-03')
insert into medical_test values ('S7679911R', 'MCHC', '31 g/dl', '2006-08-17')
insert into medical_test values ('S7637350X', 'heart rate', '69', '2008-05-13')
insert into medical_test values ('S8620155D', 'red cell distribution width', '13.6%', '2009-05-11')
insert into medical_test values ('S7661617W', 'heart rate', '69', '2007-11-01')
insert into medical_test values ('S7630464O', 'heart rate', '69', '2007-11-11')
insert into medical_test values ('S7685186Y', 'mean corpuscular volume', '85 fl', '2009-07-06')
insert into medical_test values ('S8652792R', 'total iron binding capacity', '320 mcg/dl', '2008-03-08')
insert into medical_test values ('S7682173K', 'heart rate', '56', '2008-09-03')
insert into medical_test values ('S6671466O', 'mean corpuscular volume', '99 fl', '2009-07-13')
insert into medical_test values ('S8616827Z', 'total iron binding capacity', '320 mcg/dl', '2009-03-10')
insert into medical_test values ('S7638861J', 'total iron binding capacity', '320 mcg/dl', '2007-08-04')
insert into medical_test values ('S7629685J', 'MCHC', '33 g/dl', '2008-02-02')
insert into medical_test values ('S6687109T', 'total iron binding capacity', '410 mcg/dl', '2007-02-02')
insert into medical_test values ('S7692445K', 'heart rate', '56', '2009-08-09')
insert into medical_test values ('S7689627O', 'heart rate', '63', '2008-05-16')
insert into medical_test values ('S7658543V', 'mean corpuscular hemoglobin', '29 pg', '2007-01-20')
insert into medical_test values ('S8692808J', 'MCHC', '33 g/dl', '2009-03-09')
insert into medical_test values ('S6669167M', 'red cell distribution width', '14.5%', '2008-08-13')
insert into medical_test values ('S8666896M', 'arterial blood gas', ' 7.41 pH', '2007-11-10')
insert into medical_test values ('S7559561U', 'H1N1 virus', 'positive', '2009-07-07')
insert into medical_test values ('S6673491K', 'H1N1 virus', 'positive', '2009-07-17')
insert into medical_test values ('S6162729S', 'H1N1 virus', 'positive', '2009-07-27')
insert into medical_test values ('S6162729S', 'H1N1 virus', 'positive', '2009-07-14')
insert into medical_test values ('S6665602B', 'H1N1 virus', 'positive', '2009-07-15')
insert into medical_test values ('S6260266X', 'H1N1 virus', 'positive', '2009-07-16')
insert into medical_test values ('S7340620C', 'H1N1 virus', 'positive', '2009-07-16')
insert into medical_test values ('S8384633W', 'H1N1 virus', 'positive', '2009-07-04')
insert into medical_test values ('S8552892B', 'H1N1 virus', 'positive', '2009-07-07')
insert into medical_test values ('S7574124R', 'dengue', 'positive', '2009-07-05')
insert into medical_test values ('S7295208R', 'dengue', 'positive', '2009-07-05')
insert into medical_test values ('S8552892B', 'dengue', 'positive', '2009-07-19')
insert into medical_test values ('S8521369I', 'dengue', 'positive', '2009-07-25')
insert into medical_test values ('S8232194L', 'dengue', 'positive', '2009-07-25')
insert into medical_test values ('S8620320L', 'dengue', 'positive', '2009-07-05')
insert into medical_test values ('S7359927X', 'dengue', 'positive', '2009-07-06')
insert into medical_test values ('S7359927X', 'dengue', 'positive', '2009-07-24')

CREATE TABLE allergy(patient_id varchar(30), allergy_name text)
insert into allergy values ('S8284186E', 'Calcium ')
insert into allergy values ('S8285084H', 'Celecoxib')
insert into allergy values ('S7155700M', 'Androgens')
insert into allergy values ('S7175840E', 'Beef products')
insert into allergy values ('S7131566G', 'Benzyl Alcohol')
insert into allergy values ('S7195328V', 'Beef products')
insert into allergy values ('S7127561O', 'Celecoxib')
insert into allergy values ('S6156259Y', 'Celecoxib')
insert into allergy values ('S8160113T', 'Calcium ')
insert into allergy values ('S7113738O', 'Calcium ')
insert into allergy values ('S7180349D', 'Benzyl Alcohol')
insert into allergy values ('S7127476Y', 'Benzyl Alcohol')
insert into allergy values ('S7182216G', 'Beef products')
insert into allergy values ('S7128251H', 'Albumin')
insert into allergy values ('S6111140U', 'Albumin')
insert into allergy values ('S7142391Q', 'Androgens')
insert into allergy values ('S7143870K', 'Androgens')
insert into allergy values ('S8115971H', 'Androgens')
insert into allergy values ('S6116370S', 'Alumnium')
insert into allergy values ('S7223971Z', 'Calcium ')
insert into allergy values ('S8258369F', 'Benzyl Alcohol')
insert into allergy values ('S7217197T', 'Alumnium')
insert into allergy values ('S7267677E', 'Calcium ')
insert into allergy values ('S8216312N', 'Benzyl Alcohol')
insert into allergy values ('S6267517Z', 'Vancomcyn')
insert into allergy values ('S7228419U', 'Albumin')
insert into allergy values ('S7257637G', 'Calcium ')
insert into allergy values ('S7257117P', 'Vancomcyn')
insert into allergy values ('S7269224V', 'Celecoxib')
insert into allergy values ('S7273923C', 'Calcium ')
insert into allergy values ('S6261139W', 'Alumnium')
insert into allergy values ('S7227411X', 'Calcium ')
insert into allergy values ('S7263477S', 'Beef products')
insert into allergy values ('S7246717H', 'Albumin')
insert into allergy values ('S8218449Y', 'Calcium ')
insert into allergy values ('S8283761O', 'Celecoxib')
insert into allergy values ('S8216753V', 'Celecoxib')
insert into allergy values ('S8356268I', 'Albumin')
insert into allergy values ('S7382208K', 'Calcium ')
insert into allergy values ('S6359192P', 'Alumnium')
insert into allergy values ('S7320654M', 'Benzyl Alcohol')
insert into allergy values ('S8310788R', 'Celecoxib')
insert into allergy values ('S8386881S', 'Calcium ')
insert into allergy values ('S7370387T', 'Albumin')
insert into allergy values ('S7321579R', 'Vancomcyn')
insert into allergy values ('S6360780B', 'Vancomcyn')
insert into allergy values ('S7351935M', 'Androgens')
insert into allergy values ('S7353790V', 'Benzyl Alcohol')
insert into allergy values ('S8389611P', 'Celecoxib')
insert into allergy values ('S6343283V', 'Albumin')
insert into allergy values ('S7318665L', 'Albumin')
insert into allergy values ('S6341442R', 'Androgens')
insert into allergy values ('S7310327M', 'Alumnium')
insert into allergy values ('S7398570K', 'Alumnium')
insert into allergy values ('S6444767F', 'Alumnium')
insert into allergy values ('S7479701V', 'Vancomcyn')
insert into allergy values ('S7443693E', 'Vancomcyn')
insert into allergy values ('S8442952Z', 'Androgens')
insert into allergy values ('S6460940H', 'Androgens')
insert into allergy values ('S7438494X', 'Alumnium')
insert into allergy values ('S7432505M', 'Calcium ')
insert into allergy values ('S7496312D', 'Albumin')
insert into allergy values ('S7439620Y', 'Alumnium')
insert into allergy values ('S7455185K', 'Alumnium')
insert into allergy values ('S7417173K', 'Calcium ')
insert into allergy values ('S8450296O', 'Alumnium')
insert into allergy values ('S8487906P', 'Benzyl Alcohol')
insert into allergy values ('S6478104E', 'Celecoxib')
insert into allergy values ('S7451931O', 'Celecoxib')
insert into allergy values ('S7434568M', 'Benzyl Alcohol')
insert into allergy values ('S7457253Y', 'Alumnium')
insert into allergy values ('S7436389T', 'Celecoxib')
insert into allergy values ('S6449987U', 'Vancomcyn')
insert into allergy values ('S7465487E', 'Alumnium')
insert into allergy values ('S7449910Y', 'Alumnium')
insert into allergy values ('S8471587J', 'Calcium ')
insert into allergy values ('S7578670R', 'Alumnium')
insert into allergy values ('S7534933E', 'Celecoxib')
insert into allergy values ('S8533785A', 'Calcium ')
insert into allergy values ('S6521341F', 'Vancomcyn')
insert into allergy values ('S7579647C', 'Benzyl Alcohol')
insert into allergy values ('S7555534N', 'Celecoxib')
insert into allergy values ('S6599494U', 'Calcium ')
insert into allergy values ('S6519677Y', 'Alumnium')
insert into allergy values ('S6594382J', 'Albumin')
insert into allergy values ('S7568109D', 'Albumin')
insert into allergy values ('S6594424C', 'Alumnium')
insert into allergy values ('S7566381C', 'Benzyl Alcohol')
insert into allergy values ('S7584957I', 'Calcium ')
insert into allergy values ('S7559561U', 'Albumin')
insert into allergy values ('S7572737A', 'Calcium ')
insert into allergy values ('S7574399D', 'Benzyl Alcohol')
insert into allergy values ('S7543298P', 'Androgens')
insert into allergy values ('S6525621I', 'Alumnium')
insert into allergy values ('S7563683E', 'Albumin')
insert into allergy values ('S6537826H', 'Beef products')
insert into allergy values ('S8586402F', 'Celecoxib')
insert into allergy values ('S6562537B', 'Androgens')
insert into allergy values ('S7575645U', 'Alumnium')
insert into allergy values ('S8522105T', 'Vancomcyn')
insert into allergy values ('S8568662U', 'Celecoxib')
insert into allergy values ('S7579221J', 'Androgens')
insert into allergy values ('S6569400O', 'Alumnium')
insert into allergy values ('S7581775E', 'Benzyl Alcohol')
insert into allergy values ('S8658530T', 'Albumin')
insert into allergy values ('S7629944U', 'Calcium ')
insert into allergy values ('S7679911R', 'Beef products')
insert into allergy values ('S7637350X', 'Albumin')
insert into allergy values ('S8620155D', 'Benzyl Alcohol')
insert into allergy values ('S7661617W', 'Benzyl Alcohol')
insert into allergy values ('S7630464O', 'Vancomcyn')
insert into allergy values ('S7685186Y', 'Androgens')
insert into allergy values ('S8652792R', 'Celecoxib')
insert into allergy values ('S7682173K', 'Androgens')
insert into allergy values ('S6671466O', 'Albumin')
insert into allergy values ('S8616827Z', 'Calcium ')
insert into allergy values ('S7638861J', 'Alumnium')
insert into allergy values ('S7629685J', 'Celecoxib')
insert into allergy values ('S6687109T', 'Albumin')
insert into allergy values ('S7692445K', 'Beef products')
insert into allergy values ('S7689627O', 'Androgens')
insert into allergy values ('S7658543V', 'Calcium ')
insert into allergy values ('S8692808J', 'Beef products')
insert into allergy values ('S6669167M', 'Androgens')
insert into allergy values ('S8666896M', 'Celecoxib')

CREATE TABLE medication(patient_id varchar(30), medicine text, dosage text, start_date text, end_date text)
insert into medication values ('S8284186E', 'Ceftin 500mg', 'three times a day, 1 tablet by mouth', '2007-07-04', '2007-07-11')
insert into medication values ('S8285084H', 'Ceftin 500mg', 'three times a day, 1 tablet by mouth', '2006-04-10', '2006-04-17')
insert into medication values ('S7155700M', 'Ceftriaxone 1g', 'once a day, 1 injectable solution intravenously', '2007-12-04', '2007-12-10')
insert into medication values ('S7175840E', 'Amiodarone 20mg', 'once a day, 1 tablet by mouth', '2007-02-05', '2007-02-10')
insert into medication values ('S7131566G', 'Azythromycine 500mg', 'once a day, 1 injectable solution intravenously', '2007-08-15', '2007-08-23')
insert into medication values ('S7195328V', 'Amiodarone 20mg', 'once a day, 1 tablet by mouth', '2008-11-16', '2008-11-22')
insert into medication values ('S7127561O', 'Simvastatin 40mg', 'once a day, at night', '2007-10-06', '2007-10-13')
insert into medication values ('S6156259Y', 'Lactulose 10mg', 'two times a day, 5ml by mouth', '2008-10-07', '2008-10-12')
insert into medication values ('S8160113T', 'Simvastatin 40mg', 'once a day, at night', '2009-01-15', '2009-01-23')
insert into medication values ('S7113738O', 'Lactulose 10mg', 'two times a day, 5ml by mouth', '2007-11-05', '2007-11-10')
insert into medication values ('S7180349D', 'Lipitor 20mg', 'once a day, at night', '2006-08-13', '2006-08-20')
insert into medication values ('S7127476Y', 'Lactulose 10mg', 'two times a day, 5ml by mouth', '2008-01-14', '2008-01-21')
insert into medication values ('S7182216G', 'Simvastatin 40mg', 'once a day, at night', '2009-08-12', '2009-08-18')
insert into medication values ('S7128251H', 'Lipitor 20mg', 'once a day, at night', '2006-07-04', '2006-07-10')
insert into medication values ('S6111140U', 'Azythromycine 500mg', 'once a day, 1 injectable solution intravenously', '2007-03-07', '2007-03-13')
insert into medication values ('S7142391Q', 'Lactulose 10mg', 'two times a day, 5ml by mouth', '2008-06-20', '2008-06-26')
insert into medication values ('S7143870K', 'Amiodarone 20mg', 'once a day, 1 tablet by mouth', '2007-08-11', '2007-08-16')
insert into medication values ('S8115971H', 'Amiodarone 20mg', 'once a day, 1 tablet by mouth', '2009-04-13', '2009-04-19')
insert into medication values ('S6116370S', 'Ceftin 500mg', 'three times a day, 1 tablet by mouth', '2008-07-19', '2008-07-24')
insert into medication values ('S7223971Z', 'Ibufprofen 400mg', 'three times a day', '2007-02-18', '2007-02-25')
insert into medication values ('S8258369F', 'Azythromycine 500mg', 'once a day, 1 injectable solution intravenously', '2008-11-07', '2008-11-14')
insert into medication values ('S7217197T', 'Lipitor 20mg', 'once a day, at night', '2007-02-18', '2007-02-22')
insert into medication values ('S7267677E', 'Ceftin 500mg', 'three times a day, 1 tablet by mouth', '2008-06-09', '2008-06-15')
insert into medication values ('S8216312N', 'Simvastatin 40mg', 'once a day, at night', '2008-02-01', '2008-02-07')
insert into medication values ('S6267517Z', 'Ibufprofen 400mg', 'three times a day', '2008-05-10', '2008-05-17')
insert into medication values ('S7228419U', 'Amiodarone 20mg', 'once a day, 1 tablet by mouth', '2008-07-18', '2008-07-26')
insert into medication values ('S7257637G', 'Simvastatin 40mg', 'once a day, at night', '2006-10-08', '2006-10-16')
insert into medication values ('S7257117P', 'Ceftin 500mg', 'three times a day, 1 tablet by mouth', '2008-09-15', '2008-09-19')
insert into medication values ('S7269224V', 'Azythromycine 500mg', 'once a day, 1 injectable solution intravenously', '2008-09-17', '2008-09-23')
insert into medication values ('S7273923C', 'Lactulose 10mg', 'two times a day, 5ml by mouth', '2006-09-13', '2006-09-17')
insert into medication values ('S6261139W', 'Azythromycine 500mg', 'once a day, 1 injectable solution intravenously', '2007-04-07', '2007-04-12')
insert into medication values ('S7227411X', 'Azythromycine 500mg', 'once a day, 1 injectable solution intravenously', '2007-04-17', '2007-04-23')
insert into medication values ('S7263477S', 'Amiodarone 20mg', 'once a day, 1 tablet by mouth', '2008-01-17', '2008-01-23')
insert into medication values ('S7246717H', 'Lactulose 10mg', 'two times a day, 5ml by mouth', '2006-09-07', '2006-09-12')
insert into medication values ('S8218449Y', 'Azythromycine 500mg', 'once a day, 1 injectable solution intravenously', '2007-08-07', '2007-08-13')
insert into medication values ('S8283761O', 'Lactulose 10mg', 'two times a day, 5ml by mouth', '2008-07-12', '2008-07-17')
insert into medication values ('S8216753V', 'Azythromycine 500mg', 'once a day, 1 injectable solution intravenously', '2007-03-09', '2007-03-14')
insert into medication values ('S8356268I', 'Azythromycine 500mg', 'once a day, 1 injectable solution intravenously', '2007-07-16', '2007-07-24')
insert into medication values ('S7382208K', 'Ibufprofen 400mg', 'three times a day', '2008-07-16', '2008-07-21')
insert into medication values ('S6359192P', 'Lactulose 10mg', 'two times a day, 5ml by mouth', '2007-03-17', '2007-03-23')
insert into medication values ('S7320654M', 'Ceftin 500mg', 'three times a day, 1 tablet by mouth', '2009-05-03', '2009-05-11')
insert into medication values ('S8310788R', 'Ibufprofen 400mg', 'three times a day', '2007-09-08', '2007-09-13')
insert into medication values ('S8386881S', 'Simvastatin 40mg', 'once a day, at night', '2008-03-19', '2008-03-26')
insert into medication values ('S7370387T', 'Simvastatin 40mg', 'once a day, at night', '2006-08-02', '2006-08-07')
insert into medication values ('S7321579R', 'Ceftin 500mg', 'three times a day, 1 tablet by mouth', '2006-10-17', '2006-10-22')
insert into medication values ('S6360780B', 'Amiodarone 20mg', 'once a day, 1 tablet by mouth', '2009-05-02', '2009-05-06')
insert into medication values ('S7351935M', 'Amiodarone 20mg', 'once a day, 1 tablet by mouth', '2008-01-02', '2008-01-06')
insert into medication values ('S7353790V', 'Lactulose 10mg', 'two times a day, 5ml by mouth', '2008-10-11', '2008-10-17')
insert into medication values ('S8389611P', 'Simvastatin 40mg', 'once a day, at night', '2009-06-04', '2009-06-11')
insert into medication values ('S6343283V', 'Simvastatin 40mg', 'once a day, at night', '2008-05-16', '2008-05-24')
insert into medication values ('S7318665L', 'Lactulose 10mg', 'two times a day, 5ml by mouth', '2006-08-07', '2006-08-13')
insert into medication values ('S6341442R', 'Amiodarone 20mg', 'once a day, 1 tablet by mouth', '2007-11-12', '2007-11-18')
insert into medication values ('S7310327M', 'Amiodarone 20mg', 'once a day, 1 tablet by mouth', '2008-05-04', '2008-05-10')
insert into medication values ('S7398570K', 'Ibufprofen 400mg', 'three times a day', '2007-07-04', '2007-07-10')
insert into medication values ('S6444767F', 'Ceftin 500mg', 'three times a day, 1 tablet by mouth', '2006-05-11', '2006-05-15')
insert into medication values ('S7479701V', 'Lactulose 10mg', 'two times a day, 5ml by mouth', '2006-03-06', '2006-03-10')
insert into medication values ('S7443693E', 'Amiodarone 20mg', 'once a day, 1 tablet by mouth', '2007-11-05', '2007-11-13')
insert into medication values ('S8442952Z', 'Ibufprofen 400mg', 'three times a day', '2009-03-17', '2009-03-21')
insert into medication values ('S6460940H', 'Ceftin 500mg', 'three times a day, 1 tablet by mouth', '2008-09-15', '2008-09-20')
insert into medication values ('S7438494X', 'Lipitor 20mg', 'once a day, at night', '2007-04-15', '2007-04-21')
insert into medication values ('S7432505M', 'Ceftin 500mg', 'three times a day, 1 tablet by mouth', '2008-08-05', '2008-08-12')
insert into medication values ('S7496312D', 'Ceftin 500mg', 'three times a day, 1 tablet by mouth', '2008-06-07', '2008-06-12')
insert into medication values ('S7439620Y', 'Ibufprofen 400mg', 'three times a day', '2009-04-14', '2009-04-19')
insert into medication values ('S7455185K', 'Lactulose 10mg', 'two times a day, 5ml by mouth', '2006-04-12', '2006-04-20')
insert into medication values ('S7417173K', 'Ceftriaxone 1g', 'once a day, 1 injectable solution intravenously', '2008-09-05', '2008-09-11')
insert into medication values ('S8450296O', 'Lactulose 10mg', 'two times a day, 5ml by mouth', '2008-02-15', '2008-02-22')
insert into medication values ('S8487906P', 'Simvastatin 40mg', 'once a day, at night', '2009-02-14', '2009-02-22')
insert into medication values ('S6478104E', 'Azythromycine 500mg', 'once a day, 1 injectable solution intravenously', '2009-08-18', '2009-08-24')
insert into medication values ('S7451931O', 'Lipitor 20mg', 'once a day, at night', '2009-05-19', '2009-05-26')
insert into medication values ('S7434568M', 'Azythromycine 500mg', 'once a day, 1 injectable solution intravenously', '2008-11-11', '2008-11-19')
insert into medication values ('S7457253Y', 'Ibufprofen 400mg', 'three times a day', '2006-10-11', '2006-10-15')
insert into medication values ('S7436389T', 'Ibufprofen 400mg', 'three times a day', '2006-08-18', '2006-08-23')
insert into medication values ('S6449987U', 'Ceftriaxone 1g', 'once a day, 1 injectable solution intravenously', '2007-06-06', '2007-06-12')
insert into medication values ('S7465487E', 'Amiodarone 20mg', 'once a day, 1 tablet by mouth', '2008-01-06', '2008-01-11')
insert into medication values ('S7449910Y', 'Simvastatin 40mg', 'once a day, at night', '2008-06-03', '2008-06-09')
insert into medication values ('S8471587J', 'Ceftin 500mg', 'three times a day, 1 tablet by mouth', '2008-06-11', '2008-06-17')
insert into medication values ('S7578670R', 'Amiodarone 20mg', 'once a day, 1 tablet by mouth', '2006-01-02', '2006-01-09')
insert into medication values ('S7534933E', 'Simvastatin 40mg', 'once a day, at night', '2008-02-07', '2008-02-12')
insert into medication values ('S8533785A', 'Lactulose 10mg', 'two times a day, 5ml by mouth', '2008-03-11', '2008-03-18')
insert into medication values ('S6521341F', 'Ceftriaxone 1g', 'once a day, 1 injectable solution intravenously', '2006-02-04', '2006-02-09')
insert into medication values ('S7579647C', 'Ibufprofen 400mg', 'three times a day', '2007-02-20', '2007-02-26')
insert into medication values ('S7555534N', 'Lactulose 10mg', 'two times a day, 5ml by mouth', '2009-05-07', '2009-05-13')
insert into medication values ('S6599494U', 'Ceftin 500mg', 'three times a day, 1 tablet by mouth', '2007-10-06', '2007-10-11')
insert into medication values ('S6519677Y', 'Lactulose 10mg', 'two times a day, 5ml by mouth', '2006-08-06', '2006-08-11')
insert into medication values ('S6594382J', 'Lipitor 20mg', 'once a day, at night', '2009-06-09', '2009-06-15')
insert into medication values ('S7568109D', 'Lactulose 10mg', 'two times a day, 5ml by mouth', '2009-05-16', '2009-05-21')
insert into medication values ('S6594424C', 'Amiodarone 20mg', 'once a day, 1 tablet by mouth', '2009-06-17', '2009-06-25')
insert into medication values ('S7566381C', 'Amiodarone 20mg', 'once a day, 1 tablet by mouth', '2007-03-04', '2007-03-08')
insert into medication values ('S7584957I', 'Lactulose 10mg', 'two times a day, 5ml by mouth', '2008-11-13', '2008-11-19')
insert into medication values ('S7559561U', 'Ceftin 500mg', 'three times a day, 1 tablet by mouth', '2009-04-09', '2009-04-14')
insert into medication values ('S7572737A', 'Simvastatin 40mg', 'once a day, at night', '2009-04-18', '2009-04-24')
insert into medication values ('S7574399D', 'Ceftriaxone 1g', 'once a day, 1 injectable solution intravenously', '2009-08-16', '2009-08-22')
insert into medication values ('S7543298P', 'Lactulose 10mg', 'two times a day, 5ml by mouth', '2007-11-15', '2007-11-21')
insert into medication values ('S6525621I', 'Lactulose 10mg', 'two times a day, 5ml by mouth', '2007-05-20', '2007-05-25')
insert into medication values ('S7563683E', 'Lactulose 10mg', 'two times a day, 5ml by mouth', '2009-07-15', '2009-07-21')
insert into medication values ('S6537826H', 'Lactulose 10mg', 'two times a day, 5ml by mouth', '2007-02-12', '2007-02-17')
insert into medication values ('S8586402F', 'Lactulose 10mg', 'two times a day, 5ml by mouth', '2008-03-08', '2008-03-14')
insert into medication values ('S6562537B', 'Azythromycine 500mg', 'once a day, 1 injectable solution intravenously', '2008-06-10', '2008-06-17')
insert into medication values ('S7575645U', 'Ceftin 500mg', 'three times a day, 1 tablet by mouth', '2008-09-08', '2008-09-16')
insert into medication values ('S8522105T', 'Lactulose 10mg', 'two times a day, 5ml by mouth', '2007-01-16', '2007-01-23')
insert into medication values ('S8568662U', 'Amiodarone 20mg', 'once a day, 1 tablet by mouth', '2007-10-16', '2007-10-23')
insert into medication values ('S7579221J', 'Simvastatin 40mg', 'once a day, at night', '2007-06-14', '2007-06-21')
insert into medication values ('S6569400O', 'Ibufprofen 400mg', 'three times a day', '2008-06-18', '2008-06-25')
insert into medication values ('S7581775E', 'Ceftriaxone 1g', 'once a day, 1 injectable solution intravenously', '2009-04-03', '2009-04-09')
insert into medication values ('S8658530T', 'Ibufprofen 400mg', 'three times a day', '2007-09-13', '2007-09-20')
insert into medication values ('S7629944U', 'Ceftriaxone 1g', 'once a day, 1 injectable solution intravenously', '2007-11-03', '2007-11-07')
insert into medication values ('S7679911R', 'Ceftin 500mg', 'three times a day, 1 tablet by mouth', '2006-08-17', '2006-08-22')
insert into medication values ('S7637350X', 'Amiodarone 20mg', 'once a day, 1 tablet by mouth', '2008-05-13', '2008-05-19')
insert into medication values ('S8620155D', 'Ceftriaxone 1g', 'once a day, 1 injectable solution intravenously', '2009-05-11', '2009-05-15')
insert into medication values ('S7661617W', 'Simvastatin 40mg', 'once a day, at night', '2007-11-01', '2007-11-08')
insert into medication values ('S7630464O', 'Lipitor 20mg', 'once a day, at night', '2007-11-11', '2007-11-18')
insert into medication values ('S7685186Y', 'Lactulose 10mg', 'two times a day, 5ml by mouth', '2009-07-06', '2009-07-12')
insert into medication values ('S8652792R', 'Ceftin 500mg', 'three times a day, 1 tablet by mouth', '2008-03-08', '2008-03-15')
insert into medication values ('S7682173K', 'Simvastatin 40mg', 'once a day, at night', '2008-09-03', '2008-09-07')
insert into medication values ('S6671466O', 'Azythromycine 500mg', 'once a day, 1 injectable solution intravenously', '2009-07-13', '2009-07-21')
insert into medication values ('S8616827Z', 'Azythromycine 500mg', 'once a day, 1 injectable solution intravenously', '2009-03-10', '2009-03-16')
insert into medication values ('S7638861J', 'Ibufprofen 400mg', 'three times a day', '2007-08-04', '2007-08-12')
insert into medication values ('S7629685J', 'Lactulose 10mg', 'two times a day, 5ml by mouth', '2008-02-02', '2008-02-08')
insert into medication values ('S6687109T', 'Ibufprofen 400mg', 'three times a day', '2007-02-02', '2007-02-06')
insert into medication values ('S7692445K', 'Ibufprofen 400mg', 'three times a day', '2009-08-09', '2009-08-16')
insert into medication values ('S7689627O', 'Ceftin 500mg', 'three times a day, 1 tablet by mouth', '2008-05-16', '2008-05-24')
insert into medication values ('S7658543V', 'Simvastatin 40mg', 'once a day, at night', '2007-01-20', '2007-01-27')
insert into medication values ('S8692808J', 'Ceftriaxone 1g', 'once a day, 1 injectable solution intravenously', '2009-03-09', '2009-03-15')
insert into medication values ('S6669167M', 'Ceftin 500mg', 'three times a day, 1 tablet by mouth', '2008-08-13', '2008-08-19')
insert into medication values ('S8666896M', 'Ceftin 500mg', 'three times a day, 1 tablet by mouth', '2007-11-10', '2007-11-17')
