drop database if exists localdb
create database if not exists localdb
use localdb

CREATE TABLE patient(patient_id varchar(30) NOT NULL, first_name text, last_name text, date_of_birth text, age integer, gender text, address text, nationality text, CONSTRAINT patient_pkey PRIMARY KEY (patient_id))
insert into patient values ('S8284186E', 'SUNG WAI', 'YEUNG', '1985-01-26', 24, 'male', 'Tanjong Rhu ', 'Singaporean')
insert into patient values ('S8285084H', 'CHEE SEONG', 'KOK', '1981-10-20', 28, 'male', 'Sembawang, Yishun ', 'Singaporean')
insert into patient values ('S7169138Q', 'TEE PHUANG DESMOND', 'LEONG', '1989-10-24', 20, 'female', 'Kembangan', 'Singaporean')
insert into patient values ('S7117595S', 'KENG WEE', 'GOH', '1986-02-16', 23, 'female', 'Bukit Timah', 'Singaporean')
insert into patient values ('S6163639J', 'YONG KIANG', 'FOO', '1973-02-16', 36, 'male', 'West Coast ', 'Singaporean')
insert into patient values ('S6173891S', 'GUAN HUAT', 'ONG', '1982-05-14', 27, 'male', 'Dover', 'Singaporean')
insert into patient values ('S6191254X', 'KIM HUAY', 'NG', '1980-04-20', 29, 'male', 'North Tagore ', 'Singaporean')
insert into patient values ('S7164661P', 'HUEI LING', 'GOH', '1969-03-18', 40, 'female', 'Sentosa', 'Singaporean')
insert into patient values ('S7159917D', 'JIN YIN IRENE', 'TIONG', '1988-02-25', 21, 'female', 'South West Buona Vista', 'Singaporean')
insert into patient values ('S7117945G', 'HUI LIN PAMELA', 'CHAN', '1977-08-03', 32, 'female', 'Tiong Bahru', 'Singaporean')
insert into patient values ('S6124807V', 'HON PENG', 'CHEE', '1987-09-04', 22, 'female', 'Central West Clementi ', 'Singaporean')
insert into patient values ('S8149115F', 'GEOK HOON ALVINA', 'KEK', '1986-08-20', 23, 'male', 'Paya Lebar ', 'Singaporean')
insert into patient values ('S7179267L', 'RONGHE', 'LAI', '1976-06-20', 33, 'male', 'Central North Ang Mo Kio', 'Singaporean')
insert into patient values ('S8177435P', 'CHIN WUI', 'THIO', '1980-02-12', 29, 'male', 'Sungei Gedong', 'Singaporean')
insert into patient values ('S8192718E', 'CHIEP PING', 'KOH', '1974-07-08', 35, 'female', 'Pasir Panjang', 'Singaporean')
insert into patient values ('S8187502N', 'TZE YONG ANDREW', 'NG', '1981-10-02', 28, 'male', 'Newton ', 'Singaporean')
insert into patient values ('S6139356W', 'YEN SONG', 'CHIN', '1975-05-10', 34, 'male', 'Tiong Bahru', 'Singaporean')
insert into patient values ('S6199818Y', 'YEOW CHONG', 'TAN', '1984-02-06', 25, 'female', 'Loyang', 'Singaporean')
insert into patient values ('S6191530Y', 'HOOI YING', 'TAN', '1980-02-01', 29, 'male', 'Telok Blangah ', 'Singaporean')
insert into patient values ('S6180584T', 'YU ENG', 'ONG', '1983-07-08', 26, 'female', 'Paya Lebar ', 'Singaporean')
insert into patient values ('S7187103L', 'SEE HUA', 'NG', '1988-11-07', 21, 'male', 'Telok Blangah ', 'Singaporean')
insert into patient values ('S7166846M', 'STEPHAN GILLIO ELLUEL', 'LEFORT', '1974-05-08', 35, 'male', 'Queenstown ', 'Singaporean')
insert into patient values ('S7177218D', 'HUI LING', 'LIM', '1986-03-26', 23, 'male', 'Jurong', 'Singaporean')
insert into patient values ('S8156606C', 'TECK CHENG JAN', 'TEO', '1977-12-19', 32, 'female', 'Bishan ', 'Singaporean')
insert into patient values ('S7128814O', 'TANUDJAJA', 'LOUIS', '1980-05-06', 29, 'female', 'Simei', 'Singaporean')
insert into patient values ('S6181582C', 'YONG KHOON VINCENT', 'GUWE', '1979-06-16', 30, 'male', 'Orchard', 'Singaporean')
insert into patient values ('S6152989C', 'JIE', 'ZHAO', '1985-05-27', 24, 'female', 'Tanjong Pagar', 'Singaporean')
insert into patient values ('S7163784S', 'HOONG LEONG', 'CHAN', '1988-03-06', 21, 'male', 'Central North Ang Mo Kio', 'Singaporean')
insert into patient values ('S8191265S', 'YU ENG', 'ONG', '1984-01-22', 25, 'female', 'Central Balestier', 'Singaporean')
insert into patient values ('S7186755D', 'SUI LIN', 'GOH', '1985-11-01', 24, 'female', 'Central North Ang Mo Kio', 'Singaporean')
insert into patient values ('S6137740J', 'BEE LING LINDA', 'ONG', '1975-07-24', 34, 'male', 'Dover', 'Singaporean')
insert into patient values ('S7110753B', 'HWEI MIN', 'CHEN', '1975-04-12', 34, 'male', 'Far North Admiralty', 'Singaporean')
insert into patient values ('S7147429D', 'YI-LYN JILLIAN', 'LIM', '1974-10-25', 35, 'male', 'Central East Potong Pasir', 'Singaporean')
insert into patient values ('S6111617S', 'WEN WEI LENNY', 'LIM', '1976-04-11', 33, 'female', 'Bedok ', 'Singaporean')
insert into patient values ('S7135696D', 'MENG', 'HU', '1988-05-21', 21, 'female', 'West Coast ', 'Singaporean')
insert into patient values ('S7128421U', 'KHOON LING', 'LIM', '1981-06-26', 28, 'female', 'Tengah ', 'Singaporean')
insert into patient values ('S8125558K', 'PENG JEK', 'KOH', '1971-07-21', 38, 'female', 'North East Hougang', 'Singaporean')
insert into patient values ('S6112111H', 'LENG WAN', 'SOH', '1970-11-09', 39, 'female', 'North Tagore ', 'Singaporean')
insert into patient values ('S6117315V', 'SU PENG', 'LOO', '1976-05-12', 33, 'female', 'South West Buona Vista', 'Singaporean')
insert into patient values ('S6174881J', 'MUN TAT', 'LEE', '1971-11-03', 38, 'female', 'North Tagore ', 'Singaporean')
insert into patient values ('S6142314V', 'CHUN', 'NG', '1980-07-19', 29, 'male', 'Holland', 'Singaporean')
insert into patient values ('S6166537N', 'LABASTIDA RODRIGO', 'FERNANDEZ', '1980-08-08', 29, 'female', 'Machpherson ', 'Singaporean')
insert into patient values ('S6172674S', 'KWUN CHUNG', 'WONG', '1982-07-16', 27, 'female', 'Sembawang, Yishun ', 'Singaporean')
insert into patient values ('S7157444F', 'JIALIANG', 'JIAN', '1978-05-10', 31, 'male', 'Mount Faber', 'Singaporean')
insert into patient values ('S7165824T', 'KUAN POW', 'LIM', '1977-09-08', 32, 'female', 'Far North Admiralty', 'Singaporean')
insert into patient values ('S7121558P', 'CHENG BEE', 'CHUA', '1973-08-27', 36, 'female', 'Sembawang, Yishun ', 'Singaporean')
insert into patient values ('S7139615E', 'AI KHIM', 'TUANG', '1973-09-16', 36, 'female', 'Far West Boon Lay', 'Singaporean')
insert into patient values ('S7189614J', 'KIT MUN', 'LEE', '1976-02-11', 33, 'male', 'Far East Changi', 'Singaporean')
insert into patient values ('S8136525U', 'CHUNG HEE', 'LAI', '1971-04-05', 38, 'male', 'Bedok ', 'Singaporean')
insert into patient values ('S7159573V', 'JIALIANG', 'JIAN', '1973-03-23', 36, 'female', 'Machpherson ', 'Singaporean')
insert into patient values ('S8124477K', 'LABASTIDA RODRIGO', 'FERNANDEZ', '1977-07-14', 32, 'male', 'Central West Clementi ', 'Singaporean')
insert into patient values ('S8120889E', 'NGERN SIM', 'LEE', '1980-03-12', 29, 'male', 'Holland', 'Singaporean')
insert into patient values ('S8177608B', 'YIIN MING', 'HOO', '1977-07-08', 32, 'male', 'Loyang', 'Singaporean')
insert into patient values ('S6121641P', 'YANG CHANG MERVYN', 'TAN', '1972-06-20', 37, 'female', 'Bukit Timah', 'Singaporean')
insert into patient values ('S6139384S', 'YEE FEI', 'HWANG', '1983-06-08', 26, 'female', 'West Coast ', 'Singaporean')
insert into patient values ('S6171817Q', 'ERIC BASUKI', 'MICHAEL', '1979-02-18', 30, 'female', 'Far East Pasir Ris', 'Singaporean')
insert into patient values ('S6130747R', 'JOON YONG ERIC', 'ONG', '1987-07-20', 22, 'male', 'West Coast ', 'Singaporean')
insert into patient values ('S8133484R', 'KWAN YEW', 'YEE', '1983-02-20', 26, 'female', 'Bugis ', 'Singaporean')
insert into patient values ('S7174725E', 'MIN', 'WANG', '1980-10-03', 29, 'female', 'Far East Pasir Ris', 'Singaporean')
insert into patient values ('S8141751R', 'RONGHE', 'LAI', '1972-03-05', 37, 'female', 'Farrer Park', 'Singaporean')
insert into patient values ('S7167853M', 'HUAN YUAN', 'CHAN', '1986-06-03', 23, 'female', 'Mount Faber', 'Singaporean')
insert into patient values ('S7177220Y', 'CHIN HAN', 'PANG', '1982-06-10', 27, 'male', 'Farrer Park', 'Singaporean')
insert into patient values ('S6113786M', 'TECK CHENG JAN', 'TEO', '1987-09-07', 22, 'male', 'Woodlands', 'Singaporean')
insert into patient values ('S8164880R', 'YOU SING ROMELL', 'SONG', '1973-05-09', 36, 'female', 'Queenstown ', 'Singaporean')
insert into patient values ('S7116293B', 'KEE LEE', 'GOH', '1988-06-26', 21, 'male', 'Orchard', 'Singaporean')
insert into patient values ('S7175492I', 'LI WEN VALERIE', 'QUEK', '1977-03-15', 32, 'male', 'Holland', 'Singaporean')
insert into patient values ('S6172472B', 'CHOONG SIAH', 'NG', '1975-05-15', 34, 'female', 'Tengah ', 'Singaporean')
insert into patient values ('S7111764P', 'KEE HOW ALBERT', 'KHO', '1972-03-12', 37, 'male', 'Dover', 'Singaporean')
insert into patient values ('S6122429P', 'YONG JIANN', 'LAU', '1971-07-22', 38, 'male', 'Simei', 'Singaporean')
insert into patient values ('S6161621D', 'KIM SUN', 'CHOW', '1970-11-04', 39, 'female', 'Pasir Panjang', 'Singaporean')
insert into patient values ('S8192186Q', 'MENG HWI', 'GOH', '1983-02-12', 26, 'male', 'Geylang', 'Singaporean')
insert into patient values ('S6119719C', 'JIN YIN IRENE', 'TIONG', '1977-08-16', 32, 'female', 'Bedok ', 'Singaporean')
insert into patient values ('S6114142T', 'CHEE HOE HOWARD', 'PAK', '1970-08-28', 39, 'male', 'North Bridge Road ', 'Singaporean')
insert into patient values ('S7172648T', 'WEE MENG', 'NG', '1981-03-06', 28, 'female', 'Central East Eunos', 'Singaporean')
insert into patient values ('S7173193F', 'WUI SENG', 'ANG', '1983-05-04', 26, 'male', 'Bukit Batok', 'Singaporean')
insert into patient values ('S6196132R', 'GNANASEGARAN S/O GODWIN', 'ADRIAN', '1980-10-26', 29, 'female', 'Sentosa', 'Singaporean')
insert into patient values ('S8155963R', 'YU LANG JOANNA', 'GOH', '1975-01-04', 34, 'male', 'Central East Potong Pasir', 'Singaporean')
insert into patient values ('S7137513Y', 'KEE KIAT', 'THO', '1977-06-02', 32, 'female', 'North Bridge Road ', 'Singaporean')
insert into patient values ('S7113843U', 'LI MING', 'BIAN', '1989-05-04', 20, 'male', 'South West Buona Vista', 'Singaporean')
insert into patient values ('S7152308Y', 'IE BWEN JENNIFER', 'TEO', '1970-09-02', 39, 'female', 'Bedok ', 'Singaporean')
insert into patient values ('S8142695L', 'LAY HOON', 'SEOW', '1976-06-03', 33, 'female', 'Tuas ', 'Singaporean')
insert into patient values ('S7110414W', 'KEE HOW ALBERT', 'KHO', '1983-02-05', 26, 'female', 'Bukit Batok', 'Singaporean')
insert into patient values ('S7185493B', 'MEI LING', 'TOH', '1978-06-25', 31, 'male', 'Newton ', 'Singaporean')
insert into patient values ('S6127658D', 'TUCK WAI', 'LEE', '1987-12-05', 22, 'male', 'Far East Changi', 'Singaporean')
insert into patient values ('S7121229O', 'YANG PIN KELVIN', 'LEE', '1976-02-14', 33, 'male', 'Bukit Timah', 'Singaporean')
insert into patient values ('S8144105B', 'LIPING', 'ZHANG', '1969-06-27', 40, 'female', 'Sungei Gedong', 'Singaporean')
insert into patient values ('S8142553G', 'SEONG YONG JEREMY', 'ONG', '1970-08-15', 39, 'female', 'Toa Payo ', 'Singaporean')
insert into patient values ('S7194327J', 'GEK YONG', 'TAN', '1980-10-04', 29, 'male', 'Bishan ', 'Singaporean')
insert into patient values ('S8119662P', 'CHEW CHIAT', 'NG', '1987-04-15', 22, 'female', 'North Bridge Road ', 'Singaporean')
insert into patient values ('S6143273L', 'WEN XIAN RUEBEN', 'LIM', '1981-11-02', 28, 'male', 'Loyang', 'Singaporean')
insert into patient values ('S6123160Q', 'CHEE HOE HOWARD', 'PAK', '1975-03-28', 34, 'female', 'Tengah ', 'Singaporean')
insert into patient values ('S8113328L', 'EE CHEONG KEVIN', 'WONG', '1977-03-12', 32, 'male', 'Tiong Bahru', 'Singaporean')
insert into patient values ('S7159124O', 'KOK PENG', 'NA', '1977-03-11', 32, 'female', 'Tanjong Pagar', 'Singaporean')
insert into patient values ('S7177164U', 'KEE PANG MELSON', 'TEO', '1980-10-17', 29, 'female', 'South West Buona Vista', 'Singaporean')
insert into patient values ('S6150679O', 'ENG JOO', 'LIM', '1973-12-24', 36, 'female', 'Farrer Park', 'Singaporean')
insert into patient values ('S7119353J', 'KOK WAI', 'FOONG', '1974-09-10', 35, 'female', 'North Bridge Road ', 'Singaporean')
insert into patient values ('S7143666O', 'KIM CHUAN', 'CHNG', '1971-09-14', 38, 'female', 'Kembangan', 'Singaporean')
insert into patient values ('S8134867O', 'YEE WEN', 'ENG', '1977-03-07', 32, 'female', 'Central North Ang Mo Kio', 'Singaporean')
insert into patient values ('S7142713N', 'TUTEJA', 'NITIN', '1970-07-23', 39, 'female', 'Holland', 'Singaporean')
insert into patient values ('S6173583G', 'TIAN YEOW', 'TAN', '1987-02-20', 22, 'female', 'Sentosa', 'Singaporean')
insert into patient values ('S8183499V', 'CHUN YU LEONARD', 'CHAY', '1969-10-13', 40, 'male', 'North East Hougang', 'Singaporean')
insert into patient values ('S8196372Y', 'GEK CHOO', 'GOH', '1983-03-17', 26, 'female', 'Telok Blangah ', 'Singaporean')

CREATE TABLE physician(physician_id varchar(30) NOT NULL, first_name text, last_name text, CONSTRAINT patient_pkey PRIMARY KEY (physician_id))
insert into physician values ('PH1000001', 'LEOW', 'YEW CHIN')
insert into physician values ('PH1000002', 'TIONG', 'JIN YIN IRENE')
insert into physician values ('PH1000003', 'YAP', 'HUI JIN')
insert into physician values ('PH1000004', 'SIM', 'TZEK HUI')
insert into physician values ('PH1000005', 'PHANG', 'TSANG WING')

CREATE TABLE treat(patient_id varchar(30), physician_id varchar(30), start_date text, end_date text)
insert into treat values ('S8284186E', 'PH1000001', '2007-02-06', '2007-02-11')
insert into treat values ('S8284186E', 'PH1000002', '2007-02-06', '2007-02-12')
insert into treat values ('S8284186E', 'PH1000003', '2007-02-06', '2007-02-11')
insert into treat values ('S8284186E', 'PH1000004', '2007-02-06', '2007-02-10')
insert into treat values ('S8284186E', 'PH1000005', '2007-02-06', '2007-02-11')
insert into treat values ('S8285084H', 'PH1000001', '2008-04-12', '2008-04-19')
insert into treat values ('S8285084H', 'PH1000002', '2008-04-12', '2008-04-20')
insert into treat values ('S8285084H', 'PH1000003', '2008-04-12', '2008-04-17')
insert into treat values ('S8285084H', 'PH1000004', '2008-04-12', '2008-04-20')
insert into treat values ('S8285084H', 'PH1000005', '2008-04-12', '2008-04-19')
insert into treat values ('S6163639J', 'PH1000001', '2008-09-14', '2008-09-20')
insert into treat values ('S6163639J', 'PH1000002', '2008-09-14', '2008-09-21')
insert into treat values ('S6163639J', 'PH1000003', '2008-09-14', '2008-09-21')
insert into treat values ('S6163639J', 'PH1000004', '2008-09-14', '2008-09-21')
insert into treat values ('S6163639J', 'PH1000005', '2008-09-14', '2008-09-21')
insert into treat values ('S6181582C', 'PH1000001', '2006-06-12', '2006-06-19')
insert into treat values ('S6181582C', 'PH1000002', '2006-06-12', '2006-06-16')
insert into treat values ('S6181582C', 'PH1000003', '2006-06-12', '2006-06-19')
insert into treat values ('S6181582C', 'PH1000004', '2006-06-12', '2006-06-16')
insert into treat values ('S6181582C', 'PH1000005', '2006-06-12', '2006-06-20')
insert into treat values ('S7110753B', 'PH1000001', '2008-07-16', '2008-07-20')
insert into treat values ('S7110753B', 'PH1000002', '2008-07-16', '2008-07-21')
insert into treat values ('S7110753B', 'PH1000003', '2008-07-16', '2008-07-22')
insert into treat values ('S7110753B', 'PH1000004', '2008-07-16', '2008-07-22')
insert into treat values ('S7110753B', 'PH1000005', '2008-07-16', '2008-07-23')
insert into treat values ('S7147429D', 'PH1000001', '2008-11-09', '2008-11-13')
insert into treat values ('S7147429D', 'PH1000002', '2008-11-09', '2008-11-17')
insert into treat values ('S7147429D', 'PH1000003', '2008-11-09', '2008-11-13')
insert into treat values ('S7147429D', 'PH1000004', '2008-11-09', '2008-11-17')
insert into treat values ('S7147429D', 'PH1000005', '2008-11-09', '2008-11-15')
insert into treat values ('S7121558P', 'PH1000001', '2007-09-14', '2007-09-20')
insert into treat values ('S7121558P', 'PH1000002', '2007-09-14', '2007-09-18')
insert into treat values ('S7121558P', 'PH1000003', '2007-09-14', '2007-09-21')
insert into treat values ('S7121558P', 'PH1000004', '2007-09-14', '2007-09-21')
insert into treat values ('S7121558P', 'PH1000005', '2007-09-14', '2007-09-19')
insert into treat values ('S7177220Y', 'PH1000001', '2007-07-17', '2007-07-21')
insert into treat values ('S7177220Y', 'PH1000002', '2007-07-17', '2007-07-24')
insert into treat values ('S7177220Y', 'PH1000003', '2007-07-17', '2007-07-25')
insert into treat values ('S7177220Y', 'PH1000004', '2007-07-17', '2007-07-24')
insert into treat values ('S7177220Y', 'PH1000005', '2007-07-17', '2007-07-22')
insert into treat values ('S7116293B', 'PH1000001', '2007-07-04', '2007-07-11')
insert into treat values ('S7116293B', 'PH1000002', '2007-07-04', '2007-07-11')
insert into treat values ('S7116293B', 'PH1000003', '2007-07-04', '2007-07-10')
insert into treat values ('S7116293B', 'PH1000004', '2007-07-04', '2007-07-09')
insert into treat values ('S7116293B', 'PH1000005', '2007-07-04', '2007-07-09')
insert into treat values ('S7172648T', 'PH1000001', '2007-04-12', '2007-04-17')
insert into treat values ('S7172648T', 'PH1000002', '2007-04-12', '2007-04-20')
insert into treat values ('S7172648T', 'PH1000003', '2007-04-12', '2007-04-20')
insert into treat values ('S7172648T', 'PH1000004', '2007-04-12', '2007-04-18')
insert into treat values ('S7172648T', 'PH1000005', '2007-04-12', '2007-04-16')
insert into treat values ('S7159124O', 'PH1000001', '2006-02-05', '2006-02-12')
insert into treat values ('S7159124O', 'PH1000002', '2006-02-05', '2006-02-12')
insert into treat values ('S7159124O', 'PH1000003', '2006-02-05', '2006-02-12')
insert into treat values ('S7159124O', 'PH1000004', '2006-02-05', '2006-02-13')
insert into treat values ('S7159124O', 'PH1000005', '2006-02-05', '2006-02-12')
insert into treat values ('S6173583G', 'PH1000001', '2009-05-03', '2009-05-08')
insert into treat values ('S6173583G', 'PH1000002', '2009-05-03', '2009-05-10')
insert into treat values ('S6173583G', 'PH1000003', '2009-05-03', '2009-05-09')
insert into treat values ('S6173583G', 'PH1000004', '2009-05-03', '2009-05-09')
insert into treat values ('S6173583G', 'PH1000005', '2009-05-03', '2009-05-11')
insert into treat values ('S7230947L', 'PH1000001', '2006-10-03', '2006-10-11')
insert into treat values ('S7230947L', 'PH1000002', '2006-10-03', '2006-10-09')
insert into treat values ('S7230947L', 'PH1000003', '2006-10-03', '2006-10-07')
insert into treat values ('S7230947L', 'PH1000004', '2006-10-03', '2006-10-10')
insert into treat values ('S7230947L', 'PH1000005', '2006-10-03', '2006-10-08')
insert into treat values ('S7253857A', 'PH1000001', '2006-08-15', '2006-08-20')
insert into treat values ('S7253857A', 'PH1000002', '2006-08-15', '2006-08-21')
insert into treat values ('S7253857A', 'PH1000003', '2006-08-15', '2006-08-22')
insert into treat values ('S7253857A', 'PH1000004', '2006-08-15', '2006-08-21')
insert into treat values ('S7253857A', 'PH1000005', '2006-08-15', '2006-08-20')
insert into treat values ('S7215737U', 'PH1000001', '2006-09-02', '2006-09-07')
insert into treat values ('S7215737U', 'PH1000002', '2006-09-02', '2006-09-07')
insert into treat values ('S7215737U', 'PH1000003', '2006-09-02', '2006-09-09')
insert into treat values ('S7215737U', 'PH1000004', '2006-09-02', '2006-09-07')
insert into treat values ('S7215737U', 'PH1000005', '2006-09-02', '2006-09-07')
insert into treat values ('S6281144K', 'PH1000001', '2009-04-08', '2009-04-12')
insert into treat values ('S6281144K', 'PH1000002', '2009-04-08', '2009-04-15')
insert into treat values ('S6281144K', 'PH1000003', '2009-04-08', '2009-04-16')
insert into treat values ('S6281144K', 'PH1000004', '2009-04-08', '2009-04-13')
insert into treat values ('S6281144K', 'PH1000005', '2009-04-08', '2009-04-15')
insert into treat values ('S6229264W', 'PH1000001', '2009-02-12', '2009-02-18')
insert into treat values ('S6229264W', 'PH1000002', '2009-02-12', '2009-02-17')
insert into treat values ('S6229264W', 'PH1000003', '2009-02-12', '2009-02-17')
insert into treat values ('S6229264W', 'PH1000004', '2009-02-12', '2009-02-18')
insert into treat values ('S6229264W', 'PH1000005', '2009-02-12', '2009-02-18')
insert into treat values ('S8298646S', 'PH1000001', '2007-07-11', '2007-07-18')
insert into treat values ('S8298646S', 'PH1000002', '2007-07-11', '2007-07-16')
insert into treat values ('S8298646S', 'PH1000003', '2007-07-11', '2007-07-16')
insert into treat values ('S8298646S', 'PH1000004', '2007-07-11', '2007-07-18')
insert into treat values ('S8298646S', 'PH1000005', '2007-07-11', '2007-07-18')
insert into treat values ('S8280395G', 'PH1000001', '2006-12-16', '2006-12-21')
insert into treat values ('S8280395G', 'PH1000002', '2006-12-16', '2006-12-24')
insert into treat values ('S8280395G', 'PH1000003', '2006-12-16', '2006-12-21')
insert into treat values ('S8280395G', 'PH1000004', '2006-12-16', '2006-12-20')
insert into treat values ('S8280395G', 'PH1000005', '2006-12-16', '2006-12-21')
insert into treat values ('S8249443O', 'PH1000001', '2007-06-09', '2007-06-14')
insert into treat values ('S8249443O', 'PH1000002', '2007-06-09', '2007-06-15')
insert into treat values ('S8249443O', 'PH1000003', '2007-06-09', '2007-06-15')
insert into treat values ('S8249443O', 'PH1000004', '2007-06-09', '2007-06-16')
insert into treat values ('S8249443O', 'PH1000005', '2007-06-09', '2007-06-16')
insert into treat values ('S7319171U', 'PH1000001', '2009-01-02', '2009-01-09')
insert into treat values ('S7319171U', 'PH1000002', '2009-01-02', '2009-01-10')
insert into treat values ('S7319171U', 'PH1000003', '2009-01-02', '2009-01-07')
insert into treat values ('S7319171U', 'PH1000004', '2009-01-02', '2009-01-10')
insert into treat values ('S7319171U', 'PH1000005', '2009-01-02', '2009-01-10')
insert into treat values ('S7383778M', 'PH1000001', '2007-05-04', '2007-05-11')
insert into treat values ('S7383778M', 'PH1000002', '2007-05-04', '2007-05-10')
insert into treat values ('S7383778M', 'PH1000003', '2007-05-04', '2007-05-11')
insert into treat values ('S7383778M', 'PH1000004', '2007-05-04', '2007-05-12')
insert into treat values ('S7383778M', 'PH1000005', '2007-05-04', '2007-05-08')
insert into treat values ('S7328516D', 'PH1000001', '2006-11-19', '2006-11-25')
insert into treat values ('S7328516D', 'PH1000002', '2006-11-19', '2006-11-25')
insert into treat values ('S7328516D', 'PH1000003', '2006-11-19', '2006-11-26')
insert into treat values ('S7328516D', 'PH1000004', '2006-11-19', '2006-11-26')
insert into treat values ('S7328516D', 'PH1000005', '2006-11-19', '2006-11-25')
insert into treat values ('S6386904T', 'PH1000001', '2009-08-17', '2009-08-23')
insert into treat values ('S6386904T', 'PH1000002', '2009-08-17', '2009-08-24')
insert into treat values ('S6386904T', 'PH1000003', '2009-08-17', '2009-08-25')
insert into treat values ('S6386904T', 'PH1000004', '2009-08-17', '2009-08-22')
insert into treat values ('S6386904T', 'PH1000005', '2009-08-17', '2009-08-24')
insert into treat values ('S6371241L', 'PH1000001', '2008-08-10', '2008-08-17')
insert into treat values ('S6371241L', 'PH1000002', '2008-08-10', '2008-08-16')
insert into treat values ('S6371241L', 'PH1000003', '2008-08-10', '2008-08-18')
insert into treat values ('S6371241L', 'PH1000004', '2008-08-10', '2008-08-14')
insert into treat values ('S6371241L', 'PH1000005', '2008-08-10', '2008-08-15')
insert into treat values ('S8363846R', 'PH1000001', '2007-04-14', '2007-04-18')
insert into treat values ('S8363846R', 'PH1000002', '2007-04-14', '2007-04-20')
insert into treat values ('S8363846R', 'PH1000003', '2007-04-14', '2007-04-21')
insert into treat values ('S8363846R', 'PH1000004', '2007-04-14', '2007-04-21')
insert into treat values ('S8363846R', 'PH1000005', '2007-04-14', '2007-04-19')
insert into treat values ('S8343755X', 'PH1000001', '2006-11-10', '2006-11-17')
insert into treat values ('S8343755X', 'PH1000002', '2006-11-10', '2006-11-15')
insert into treat values ('S8343755X', 'PH1000003', '2006-11-10', '2006-11-14')
insert into treat values ('S8343755X', 'PH1000004', '2006-11-10', '2006-11-17')
insert into treat values ('S8343755X', 'PH1000005', '2006-11-10', '2006-11-16')
insert into treat values ('S6357551X', 'PH1000001', '2009-07-17', '2009-07-24')
insert into treat values ('S6357551X', 'PH1000002', '2009-07-17', '2009-07-23')
insert into treat values ('S6357551X', 'PH1000003', '2009-07-17', '2009-07-22')
insert into treat values ('S6357551X', 'PH1000004', '2009-07-17', '2009-07-23')
insert into treat values ('S6357551X', 'PH1000005', '2009-07-17', '2009-07-25')
insert into treat values ('S8353487I', 'PH1000001', '2006-08-07', '2006-08-13')
insert into treat values ('S8353487I', 'PH1000002', '2006-08-07', '2006-08-12')
insert into treat values ('S8353487I', 'PH1000003', '2006-08-07', '2006-08-11')
insert into treat values ('S8353487I', 'PH1000004', '2006-08-07', '2006-08-13')
insert into treat values ('S8353487I', 'PH1000005', '2006-08-07', '2006-08-11')
insert into treat values ('S7389331R', 'PH1000001', '2008-09-18', '2008-09-24')
insert into treat values ('S7389331R', 'PH1000002', '2008-09-18', '2008-09-26')
insert into treat values ('S7389331R', 'PH1000003', '2008-09-18', '2008-09-24')
insert into treat values ('S7389331R', 'PH1000004', '2008-09-18', '2008-09-23')
insert into treat values ('S7389331R', 'PH1000005', '2008-09-18', '2008-09-26')
insert into treat values ('S8364142I', 'PH1000001', '2007-10-09', '2007-10-14')
insert into treat values ('S8364142I', 'PH1000002', '2007-10-09', '2007-10-15')
insert into treat values ('S8364142I', 'PH1000003', '2007-10-09', '2007-10-17')
insert into treat values ('S8364142I', 'PH1000004', '2007-10-09', '2007-10-17')
insert into treat values ('S8364142I', 'PH1000005', '2007-10-09', '2007-10-17')
insert into treat values ('S7366886B', 'PH1000001', '2006-07-07', '2006-07-12')
insert into treat values ('S7366886B', 'PH1000002', '2006-07-07', '2006-07-13')
insert into treat values ('S7366886B', 'PH1000003', '2006-07-07', '2006-07-13')
insert into treat values ('S7366886B', 'PH1000004', '2006-07-07', '2006-07-14')
insert into treat values ('S7366886B', 'PH1000005', '2006-07-07', '2006-07-14')
insert into treat values ('S7339789G', 'PH1000001', '2008-06-07', '2008-06-12')
insert into treat values ('S7339789G', 'PH1000002', '2008-06-07', '2008-06-12')
insert into treat values ('S7339789G', 'PH1000003', '2008-06-07', '2008-06-11')
insert into treat values ('S7339789G', 'PH1000004', '2008-06-07', '2008-06-14')
insert into treat values ('S7339789G', 'PH1000005', '2008-06-07', '2008-06-13')
insert into treat values ('S6474142E', 'PH1000001', '2007-06-15', '2007-06-20')
insert into treat values ('S6474142E', 'PH1000002', '2007-06-15', '2007-06-22')
insert into treat values ('S6474142E', 'PH1000003', '2007-06-15', '2007-06-20')
insert into treat values ('S6474142E', 'PH1000004', '2007-06-15', '2007-06-23')
insert into treat values ('S6474142E', 'PH1000005', '2007-06-15', '2007-06-22')
insert into treat values ('S6494197A', 'PH1000001', '2008-10-18', '2008-10-26')
insert into treat values ('S6494197A', 'PH1000002', '2008-10-18', '2008-10-22')
insert into treat values ('S6494197A', 'PH1000003', '2008-10-18', '2008-10-23')
insert into treat values ('S6494197A', 'PH1000004', '2008-10-18', '2008-10-22')
insert into treat values ('S6494197A', 'PH1000005', '2008-10-18', '2008-10-25')
insert into treat values ('S7484278U', 'PH1000001', '2009-05-05', '2009-05-12')
insert into treat values ('S7484278U', 'PH1000002', '2009-05-05', '2009-05-12')
insert into treat values ('S7484278U', 'PH1000003', '2009-05-05', '2009-05-10')
insert into treat values ('S7484278U', 'PH1000004', '2009-05-05', '2009-05-13')
insert into treat values ('S7484278U', 'PH1000005', '2009-05-05', '2009-05-11')
insert into treat values ('S8472124P', 'PH1000001', '2009-06-05', '2009-06-11')
insert into treat values ('S8472124P', 'PH1000002', '2009-06-05', '2009-06-13')
insert into treat values ('S8472124P', 'PH1000003', '2009-06-05', '2009-06-13')
insert into treat values ('S8472124P', 'PH1000004', '2009-06-05', '2009-06-10')
insert into treat values ('S8472124P', 'PH1000005', '2009-06-05', '2009-06-10')
insert into treat values ('S6478820H', 'PH1000001', '2008-08-09', '2008-08-16')
insert into treat values ('S6478820H', 'PH1000002', '2008-08-09', '2008-08-14')
insert into treat values ('S6478820H', 'PH1000003', '2008-08-09', '2008-08-15')
insert into treat values ('S6478820H', 'PH1000004', '2008-08-09', '2008-08-14')
insert into treat values ('S6478820H', 'PH1000005', '2008-08-09', '2008-08-15')
insert into treat values ('S6479861H', 'PH1000001', '2007-04-18', '2007-04-23')
insert into treat values ('S6479861H', 'PH1000002', '2007-04-18', '2007-04-22')
insert into treat values ('S6479861H', 'PH1000003', '2007-04-18', '2007-04-25')
insert into treat values ('S6479861H', 'PH1000004', '2007-04-18', '2007-04-23')
insert into treat values ('S6479861H', 'PH1000005', '2007-04-18', '2007-04-24')
insert into treat values ('S6450349C', 'PH1000001', '2008-07-16', '2008-07-20')
insert into treat values ('S6450349C', 'PH1000002', '2008-07-16', '2008-07-24')
insert into treat values ('S6450349C', 'PH1000003', '2008-07-16', '2008-07-22')
insert into treat values ('S6450349C', 'PH1000004', '2008-07-16', '2008-07-22')
insert into treat values ('S6450349C', 'PH1000005', '2008-07-16', '2008-07-21')
insert into treat values ('S6584427H', 'PH1000001', '2009-01-16', '2009-01-24')
insert into treat values ('S6584427H', 'PH1000002', '2009-01-16', '2009-01-22')
insert into treat values ('S6584427H', 'PH1000003', '2009-01-16', '2009-01-23')
insert into treat values ('S6584427H', 'PH1000004', '2009-01-16', '2009-01-20')
insert into treat values ('S6584427H', 'PH1000005', '2009-01-16', '2009-01-24')
insert into treat values ('S8542111Q', 'PH1000001', '2006-09-06', '2006-09-11')
insert into treat values ('S8542111Q', 'PH1000002', '2006-09-06', '2006-09-12')
insert into treat values ('S8542111Q', 'PH1000003', '2006-09-06', '2006-09-11')
insert into treat values ('S8542111Q', 'PH1000004', '2006-09-06', '2006-09-11')
insert into treat values ('S8542111Q', 'PH1000005', '2006-09-06', '2006-09-14')
insert into treat values ('S7516544Q', 'PH1000001', '2007-11-06', '2007-11-12')
insert into treat values ('S7516544Q', 'PH1000002', '2007-11-06', '2007-11-13')
insert into treat values ('S7516544Q', 'PH1000003', '2007-11-06', '2007-11-11')
insert into treat values ('S7516544Q', 'PH1000004', '2007-11-06', '2007-11-11')
insert into treat values ('S7516544Q', 'PH1000005', '2007-11-06', '2007-11-12')
insert into treat values ('S7574118A', 'PH1000001', '2008-11-14', '2008-11-21')
insert into treat values ('S7574118A', 'PH1000002', '2008-11-14', '2008-11-18')
insert into treat values ('S7574118A', 'PH1000003', '2008-11-14', '2008-11-18')
insert into treat values ('S7574118A', 'PH1000004', '2008-11-14', '2008-11-19')
insert into treat values ('S7574118A', 'PH1000005', '2008-11-14', '2008-11-21')
insert into treat values ('S7556624R', 'PH1000001', '2009-06-18', '2009-06-22')
insert into treat values ('S7556624R', 'PH1000002', '2009-06-18', '2009-06-25')
insert into treat values ('S7556624R', 'PH1000003', '2009-06-18', '2009-06-22')
insert into treat values ('S7556624R', 'PH1000004', '2009-06-18', '2009-06-24')
insert into treat values ('S7556624R', 'PH1000005', '2009-06-18', '2009-06-24')
insert into treat values ('S7517835C', 'PH1000001', '2008-04-05', '2008-04-12')
insert into treat values ('S7517835C', 'PH1000002', '2008-04-05', '2008-04-11')
insert into treat values ('S7517835C', 'PH1000003', '2008-04-05', '2008-04-13')
insert into treat values ('S7517835C', 'PH1000004', '2008-04-05', '2008-04-09')
insert into treat values ('S7517835C', 'PH1000005', '2008-04-05', '2008-04-13')
insert into treat values ('S8512267H', 'PH1000001', '2008-04-12', '2008-04-16')
insert into treat values ('S8512267H', 'PH1000002', '2008-04-12', '2008-04-17')
insert into treat values ('S8512267H', 'PH1000003', '2008-04-12', '2008-04-20')
insert into treat values ('S8512267H', 'PH1000004', '2008-04-12', '2008-04-16')
insert into treat values ('S8512267H', 'PH1000005', '2008-04-12', '2008-04-17')
insert into treat values ('S7578371C', 'PH1000001', '2008-07-04', '2008-07-08')
insert into treat values ('S7578371C', 'PH1000002', '2008-07-04', '2008-07-10')
insert into treat values ('S7578371C', 'PH1000003', '2008-07-04', '2008-07-10')
insert into treat values ('S7578371C', 'PH1000004', '2008-07-04', '2008-07-09')
insert into treat values ('S7578371C', 'PH1000005', '2008-07-04', '2008-07-09')
insert into treat values ('S6516217J', 'PH1000001', '2008-11-06', '2008-11-10')
insert into treat values ('S6516217J', 'PH1000002', '2008-11-06', '2008-11-13')
insert into treat values ('S6516217J', 'PH1000003', '2008-11-06', '2008-11-10')
insert into treat values ('S6516217J', 'PH1000004', '2008-11-06', '2008-11-10')
insert into treat values ('S6516217J', 'PH1000005', '2008-11-06', '2008-11-12')
insert into treat values ('S6581405N', 'PH1000001', '2007-06-11', '2007-06-17')
insert into treat values ('S6581405N', 'PH1000002', '2007-06-11', '2007-06-19')
insert into treat values ('S6581405N', 'PH1000003', '2007-06-11', '2007-06-17')
insert into treat values ('S6581405N', 'PH1000004', '2007-06-11', '2007-06-18')
insert into treat values ('S6581405N', 'PH1000005', '2007-06-11', '2007-06-15')
insert into treat values ('S7541233G', 'PH1000001', '2008-04-12', '2008-04-18')
insert into treat values ('S7541233G', 'PH1000002', '2008-04-12', '2008-04-19')
insert into treat values ('S7541233G', 'PH1000003', '2008-04-12', '2008-04-18')
insert into treat values ('S7541233G', 'PH1000004', '2008-04-12', '2008-04-17')
insert into treat values ('S7541233G', 'PH1000005', '2008-04-12', '2008-04-20')
insert into treat values ('S7547579M', 'PH1000001', '2007-05-15', '2007-05-23')
insert into treat values ('S7547579M', 'PH1000002', '2007-05-15', '2007-05-23')
insert into treat values ('S7547579M', 'PH1000003', '2007-05-15', '2007-05-22')
insert into treat values ('S7547579M', 'PH1000004', '2007-05-15', '2007-05-22')
insert into treat values ('S7547579M', 'PH1000005', '2007-05-15', '2007-05-22')
insert into treat values ('S8512236M', 'PH1000001', '2008-04-15', '2008-04-22')
insert into treat values ('S8512236M', 'PH1000002', '2008-04-15', '2008-04-20')
insert into treat values ('S8512236M', 'PH1000003', '2008-04-15', '2008-04-23')
insert into treat values ('S8512236M', 'PH1000004', '2008-04-15', '2008-04-22')
insert into treat values ('S8512236M', 'PH1000005', '2008-04-15', '2008-04-21')
insert into treat values ('S6640827D', 'PH1000001', '2007-06-10', '2007-06-15')
insert into treat values ('S6640827D', 'PH1000002', '2007-06-10', '2007-06-18')
insert into treat values ('S6640827D', 'PH1000003', '2007-06-10', '2007-06-16')
insert into treat values ('S6640827D', 'PH1000004', '2007-06-10', '2007-06-15')
insert into treat values ('S6640827D', 'PH1000005', '2007-06-10', '2007-06-17')
insert into treat values ('S6619407Y', 'PH1000001', '2006-07-14', '2006-07-19')
insert into treat values ('S6619407Y', 'PH1000002', '2006-07-14', '2006-07-19')
insert into treat values ('S6619407Y', 'PH1000003', '2006-07-14', '2006-07-20')
insert into treat values ('S6619407Y', 'PH1000004', '2006-07-14', '2006-07-18')
insert into treat values ('S6619407Y', 'PH1000005', '2006-07-14', '2006-07-20')
insert into treat values ('S6666465A', 'PH1000001', '2007-11-11', '2007-11-16')
insert into treat values ('S6666465A', 'PH1000002', '2007-11-11', '2007-11-17')
insert into treat values ('S6666465A', 'PH1000003', '2007-11-11', '2007-11-15')
insert into treat values ('S6666465A', 'PH1000004', '2007-11-11', '2007-11-18')
insert into treat values ('S6666465A', 'PH1000005', '2007-11-11', '2007-11-16')
insert into treat values ('S7640508Q', 'PH1000001', '2009-03-01', '2009-03-05')
insert into treat values ('S7640508Q', 'PH1000002', '2009-03-01', '2009-03-07')
insert into treat values ('S7640508Q', 'PH1000003', '2009-03-01', '2009-03-08')
insert into treat values ('S7640508Q', 'PH1000004', '2009-03-01', '2009-03-08')
insert into treat values ('S7640508Q', 'PH1000005', '2009-03-01', '2009-03-08')
insert into treat values ('S8669686R', 'PH1000001', '2008-02-18', '2008-02-22')
insert into treat values ('S8669686R', 'PH1000002', '2008-02-18', '2008-02-25')
insert into treat values ('S8669686R', 'PH1000003', '2008-02-18', '2008-02-22')
insert into treat values ('S8669686R', 'PH1000004', '2008-02-18', '2008-02-25')
insert into treat values ('S8669686R', 'PH1000005', '2008-02-18', '2008-02-26')
insert into treat values ('S7677298H', 'PH1000001', '2007-04-20', '2007-04-25')
insert into treat values ('S7677298H', 'PH1000002', '2007-04-20', '2007-04-27')
insert into treat values ('S7677298H', 'PH1000003', '2007-04-20', '2007-04-28')
insert into treat values ('S7677298H', 'PH1000004', '2007-04-20', '2007-04-26')
insert into treat values ('S7677298H', 'PH1000005', '2007-04-20', '2007-04-25')
insert into treat values ('S7658468L', 'PH1000001', '2007-04-04', '2007-04-10')
insert into treat values ('S7658468L', 'PH1000002', '2007-04-04', '2007-04-08')
insert into treat values ('S7658468L', 'PH1000003', '2007-04-04', '2007-04-12')
insert into treat values ('S7658468L', 'PH1000004', '2007-04-04', '2007-04-09')
insert into treat values ('S7658468L', 'PH1000005', '2007-04-04', '2007-04-11')
insert into treat values ('S8655196E', 'PH1000001', '2007-07-10', '2007-07-15')
insert into treat values ('S8655196E', 'PH1000002', '2007-07-10', '2007-07-16')
insert into treat values ('S8655196E', 'PH1000003', '2007-07-10', '2007-07-17')
insert into treat values ('S8655196E', 'PH1000004', '2007-07-10', '2007-07-16')
insert into treat values ('S8655196E', 'PH1000005', '2007-07-10', '2007-07-14')

CREATE TABLE visit(patient_id text, visit_date text, location text, reason text)
insert into visit values ('S8284186E', '2007-02-06', 'Alexandra Hospital', 'cough')
insert into visit values ('S8285084H', '2008-04-12', 'Alexandra Hospital', 'fever')
insert into visit values ('S6163639J', '2008-09-14', 'Alexandra Hospital', 'stomach problem')
insert into visit values ('S6181582C', '2006-06-12', 'Alexandra Hospital', 'stomach problem')
insert into visit values ('S7110753B', '2008-07-16', 'Alexandra Hospital', 'cough')
insert into visit values ('S7147429D', '2008-11-09', 'Alexandra Hospital', 'sore throat')
insert into visit values ('S7121558P', '2007-09-14', 'Alexandra Hospital', 'stomach problem')
insert into visit values ('S7177220Y', '2007-07-17', 'Alexandra Hospital', 'cough')
insert into visit values ('S7116293B', '2007-07-04', 'Alexandra Hospital', 'heart problem')
insert into visit values ('S7172648T', '2007-04-12', 'Alexandra Hospital', 'fever')
insert into visit values ('S7159124O', '2006-02-05', 'Alexandra Hospital', 'sore throat')
insert into visit values ('S6173583G', '2009-05-03', 'Alexandra Hospital', 'stomach problem')
insert into visit values ('S7230947L', '2006-10-03', 'Alexandra Hospital', 'stomach problem')
insert into visit values ('S7253857A', '2006-08-15', 'Alexandra Hospital', 'sore throat')
insert into visit values ('S7215737U', '2006-09-02', 'Alexandra Hospital', 'backache')
insert into visit values ('S6281144K', '2009-04-08', 'Alexandra Hospital', 'sore throat')
insert into visit values ('S6229264W', '2009-02-12', 'Alexandra Hospital', 'sore throat')
insert into visit values ('S8298646S', '2007-07-11', 'Alexandra Hospital', 'sore throat')
insert into visit values ('S8280395G', '2006-12-16', 'Alexandra Hospital', 'fever')
insert into visit values ('S8249443O', '2007-06-09', 'Alexandra Hospital', 'heart problem')
insert into visit values ('S7319171U', '2009-01-02', 'Alexandra Hospital', 'respiratory problem')
insert into visit values ('S7383778M', '2007-05-04', 'Alexandra Hospital', 'stomach problem')
insert into visit values ('S7328516D', '2006-11-19', 'Alexandra Hospital', 'backache')
insert into visit values ('S6386904T', '2009-08-17', 'Alexandra Hospital', 'cough')
insert into visit values ('S6371241L', '2008-08-10', 'Alexandra Hospital', 'backache')
insert into visit values ('S8363846R', '2007-04-14', 'Alexandra Hospital', 'sore throat')
insert into visit values ('S8343755X', '2006-11-10', 'Alexandra Hospital', 'fever')
insert into visit values ('S6357551X', '2009-07-17', 'Alexandra Hospital', 'stomach problem')
insert into visit values ('S8353487I', '2006-08-07', 'Alexandra Hospital', 'backache')
insert into visit values ('S7389331R', '2008-09-18', 'Alexandra Hospital', 'cephalalgia')
insert into visit values ('S8364142I', '2007-10-09', 'Alexandra Hospital', 'fever')
insert into visit values ('S7366886B', '2006-07-07', 'Alexandra Hospital', 'fever')
insert into visit values ('S7339789G', '2008-06-07', 'Alexandra Hospital', 'cough')
insert into visit values ('S6474142E', '2007-06-15', 'Alexandra Hospital', 'respiratory problem')
insert into visit values ('S6494197A', '2008-10-18', 'Alexandra Hospital', 'cough')
insert into visit values ('S7484278U', '2009-05-05', 'Alexandra Hospital', 'fever')
insert into visit values ('S8472124P', '2009-06-05', 'Alexandra Hospital', 'backache')
insert into visit values ('S6478820H', '2008-08-09', 'Alexandra Hospital', 'fever')
insert into visit values ('S6479861H', '2007-04-18', 'Alexandra Hospital', 'heart problem')
insert into visit values ('S6450349C', '2008-07-16', 'Alexandra Hospital', 'cough')
insert into visit values ('S6584427H', '2009-01-16', 'Alexandra Hospital', 'heart problem')
insert into visit values ('S8542111Q', '2006-09-06', 'Alexandra Hospital', 'stomach problem')
insert into visit values ('S7516544Q', '2007-11-06', 'Alexandra Hospital', 'cephalalgia')
insert into visit values ('S7574118A', '2008-11-14', 'Alexandra Hospital', 'backache')
insert into visit values ('S7556624R', '2009-06-18', 'Alexandra Hospital', 'cephalalgia')
insert into visit values ('S7517835C', '2008-04-05', 'Alexandra Hospital', 'fever')
insert into visit values ('S8512267H', '2008-04-12', 'Alexandra Hospital', 'cough')
insert into visit values ('S7578371C', '2008-07-04', 'Alexandra Hospital', 'backache')
insert into visit values ('S6516217J', '2008-11-06', 'Alexandra Hospital', 'cough')
insert into visit values ('S6581405N', '2007-06-11', 'Alexandra Hospital', 'heart problem')
insert into visit values ('S7541233G', '2008-04-12', 'Alexandra Hospital', 'fever')
insert into visit values ('S7547579M', '2007-05-15', 'Alexandra Hospital', 'sore throat')
insert into visit values ('S8512236M', '2008-04-15', 'Alexandra Hospital', 'sore throat')
insert into visit values ('S6640827D', '2007-06-10', 'Alexandra Hospital', 'cephalalgia')
insert into visit values ('S6619407Y', '2006-07-14', 'Alexandra Hospital', 'fever')
insert into visit values ('S6666465A', '2007-11-11', 'Alexandra Hospital', 'cough')
insert into visit values ('S7640508Q', '2009-03-01', 'Alexandra Hospital', 'stomach problem')
insert into visit values ('S8669686R', '2008-02-18', 'Alexandra Hospital', 'cough')
insert into visit values ('S7677298H', '2007-04-20', 'Alexandra Hospital', 'cough')
insert into visit values ('S7658468L', '2007-04-04', 'Alexandra Hospital', 'cough')
insert into visit values ('S8655196E', '2007-07-10', 'Alexandra Hospital', 'respiratory problem')

CREATE TABLE test(patient_id varchar(30), test_name text, value text, test_date text)
insert into test values ('S8284186E', 'MCHC', '35 g/dl', '2007-02-06')
insert into test values ('S8285084H', 'MCHC', '33 g/dl', '2008-04-12')
insert into test values ('S6163639J', 'RDW', '11.5%', '2008-09-14')
insert into test values ('S6181582C', 'MCHC', '35 g/dl', '2006-06-12')
insert into test values ('S7110753B', 'H1N1', 'negative', '2009-07-26')
insert into test values ('S7147429D', 'H1N1', 'negative', '2009-07-25')
insert into test values ('S7121558P', 'heart rate', '63', '2007-09-14')
insert into test values ('S7177220Y', 'H1N1', 'negative', '2009-07-20')
insert into test values ('S7116293B', 'TIBC', '400 mcg/dl', '2007-07-04')
insert into test values ('S7172648T', 'H1N1', 'negative', '2009-07-25')
insert into test values ('S7159124O', 'H1N1', 'negative', '2009-07-11')
insert into test values ('S6173583G', 'H1N1', 'positive', '2009-07-25')
insert into test values ('S7230947L', 'ABG', ' 7.37 pH', '2006-10-03')
insert into test values ('S7253857A', 'H1N1', 'positive', '2009-07-26')
insert into test values ('S7215737U', 'dengue', 'negative', '2009-07-11')
insert into test values ('S6281144K', 'H1N1', 'positive', '2009-07-19')
insert into test values ('S6229264W', 'MCV', '89 fl', '2009-02-12')
insert into test values ('S8298646S', 'TIBC', '320 mcg/dl', '2007-07-11')
insert into test values ('S8280395G', 'H1N1', 'negative', '2009-07-19')
insert into test values ('S8249443O', 'RDW', '14.5%', '2007-06-09')
insert into test values ('S7319171U', 'MCHC', '37 g/dl', '2009-01-02')
insert into test values ('S7383778M', 'RDW', '11.5%', '2007-05-04')
insert into test values ('S7328516D', 'MCH', '34 pg', '2006-11-19')
insert into test values ('S6386904T', 'MCH', '29 pg', '2009-08-17')
insert into test values ('S6371241L', 'H1N1', 'positive', '2009-07-23')
insert into test values ('S8363846R', 'ABG', ' 7.37 pH', '2007-04-14')
insert into test values ('S8343755X', 'ABG', ' 7.37 pH', '2006-11-10')
insert into test values ('S6357551X', 'MCH', '29 pg', '2009-07-17')
insert into test values ('S8353487I', 'MCV', '85 fl', '2006-08-07')
insert into test values ('S7389331R', 'RDW', '13.6%', '2008-09-18')
insert into test values ('S8364142I', 'MCHC', '33 g/dl', '2007-10-09')
insert into test values ('S7366886B', 'MCHC', '33 g/dl', '2006-07-07')
insert into test values ('S7339789G', 'MCV', '89 fl', '2008-06-07')
insert into test values ('S6474142E', 'H1N1', 'negative', '2009-07-08')
insert into test values ('S6494197A', 'heart rate', '71', '2008-10-18')
insert into test values ('S7484278U', 'MCV', '85 fl', '2009-05-05')
insert into test values ('S8472124P', 'MCHC', '35 g/dl', '2009-06-05')
insert into test values ('S6478820H', 'MCHC', '35 g/dl', '2008-08-09')
insert into test values ('S6479861H', 'H1N1', 'positive', '2009-07-17')
insert into test values ('S6450349C', 'H1N1', 'positive', '2009-07-13')
insert into test values ('S6584427H', 'TIBC', '450 mcg/dl', '2009-01-16')
insert into test values ('S8542111Q', 'RDW', '11.9%', '2006-09-06')
insert into test values ('S7516544Q', 'ABG', '7.13 pH', '2007-11-06')
insert into test values ('S7574118A', 'MCH', '31 pg', '2008-11-14')
insert into test values ('S7556624R', 'TIBC', '400 mcg/dl', '2009-06-18')
insert into test values ('S7517835C', 'TIBC', '320 mcg/dl', '2008-04-05')
insert into test values ('S8512267H', 'MCHC', '37 g/dl', '2008-04-12')
insert into test values ('S7578371C', 'ABG', '7.25 pH', '2008-07-04')
insert into test values ('S6516217J', 'dengue', 'negative', '2009-07-26')
insert into test values ('S6581405N', 'MCV', '99 fl', '2007-06-11')
insert into test values ('S7541233G', 'H1N1', 'positive', '2009-07-19')
insert into test values ('S7547579M', 'TIBC', '410 mcg/dl', '2007-05-15')
insert into test values ('S8512236M', 'TIBC', '450 mcg/dl', '2008-04-15')
insert into test values ('S6640827D', 'heart rate', '56', '2007-06-10')
insert into test values ('S6619407Y', 'TIBC', '320 mcg/dl', '2006-07-14')
insert into test values ('S6666465A', 'RDW', '11.5%', '2007-11-11')
insert into test values ('S7640508Q', 'H1N1', 'negative', '2009-07-23')
insert into test values ('S8669686R', 'MCHC', '33 g/dl', '2008-02-18')
insert into test values ('S7677298H', 'dengue', 'positive', '2009-07-02')
insert into test values ('S7658468L', 'RDW', '13.6%', '2007-04-04')
insert into test values ('S8655196E', 'ABG', ' 7.37 pH', '2007-07-10')

CREATE TABLE allergy(patient_id varchar(30), allergy_name text)
insert into allergy values ('S8284186E', 'Calcium containing Compounds')
insert into allergy values ('S8285084H', 'Androgens')
insert into allergy values ('S6163639J', 'Albumin')
insert into allergy values ('S6181582C', 'Androgens')
insert into allergy values ('S7110753B', 'Androgens')
insert into allergy values ('S7147429D', 'Alumnium')
insert into allergy values ('S7121558P', 'Alumnium')
insert into allergy values ('S7177220Y', 'Alumnium')
insert into allergy values ('S7116293B', 'Alumnium')
insert into allergy values ('S7172648T', 'Albumin')
insert into allergy values ('S7159124O', 'Benzyl Alcohol')
insert into allergy values ('S6173583G', 'Alumnium')
insert into allergy values ('S7230947L', 'Alumnium')
insert into allergy values ('S7253857A', 'Androgens')
insert into allergy values ('S7215737U', 'Calcium containing Compounds')
insert into allergy values ('S6281144K', 'Androgens')
insert into allergy values ('S6229264W', 'Celecoxib')
insert into allergy values ('S8298646S', 'Calcium containing Compounds')
insert into allergy values ('S8280395G', 'Albumin')
insert into allergy values ('S8249443O', 'Androgens')
insert into allergy values ('S7319171U', 'Albumin')
insert into allergy values ('S7383778M', 'Androgens')
insert into allergy values ('S7328516D', 'Beef-derived Products')
insert into allergy values ('S6386904T', 'Albumin')
insert into allergy values ('S6371241L', 'Alumnium')
insert into allergy values ('S8363846R', 'Calcium containing Compounds')
insert into allergy values ('S8343755X', 'Calcium containing Compounds')
insert into allergy values ('S6357551X', 'Vancomcyn')
insert into allergy values ('S8353487I', 'Celecoxib')
insert into allergy values ('S7389331R', 'Celecoxib')
insert into allergy values ('S8364142I', 'Beef-derived Products')
insert into allergy values ('S7366886B', 'Alumnium')
insert into allergy values ('S7339789G', 'Androgens')
insert into allergy values ('S6474142E', 'Albumin')
insert into allergy values ('S6494197A', 'Celecoxib')
insert into allergy values ('S7484278U', 'Albumin')
insert into allergy values ('S8472124P', 'Androgens')
insert into allergy values ('S6478820H', 'Alumnium')
insert into allergy values ('S6479861H', 'Benzyl Alcohol')
insert into allergy values ('S6450349C', 'Alumnium')
insert into allergy values ('S6584427H', 'Alumnium')
insert into allergy values ('S8542111Q', 'Beef-derived Products')
insert into allergy values ('S7516544Q', 'Benzyl Alcohol')
insert into allergy values ('S7574118A', 'Beef-derived Products')
insert into allergy values ('S7556624R', 'Androgens')
insert into allergy values ('S7517835C', 'Benzyl Alcohol')
insert into allergy values ('S8512267H', 'Celecoxib')
insert into allergy values ('S7578371C', 'Alumnium')
insert into allergy values ('S6516217J', 'Calcium containing Compounds')
insert into allergy values ('S6581405N', 'Beef-derived Products')
insert into allergy values ('S7541233G', 'Calcium containing Compounds')
insert into allergy values ('S7547579M', 'Beef-derived Products')
insert into allergy values ('S8512236M', 'Beef-derived Products')
insert into allergy values ('S6640827D', 'Beef-derived Products')
insert into allergy values ('S6619407Y', 'Albumin')
insert into allergy values ('S6666465A', 'Albumin')
insert into allergy values ('S7640508Q', 'Vancomcyn')
insert into allergy values ('S8669686R', 'Androgens')
insert into allergy values ('S7677298H', 'Celecoxib')
insert into allergy values ('S7658468L', 'Androgens')
insert into allergy values ('S8655196E', 'Albumin')

CREATE TABLE medication(patient_id varchar(30), medicine text, dosage text, start_date text, end_date text)
insert into medication values ('S8284186E', 'Azythromycine 500mg', 'once a day, 1 injectable solution intravenously', '2007-02-06', '2007-02-11')
insert into medication values ('S8285084H', 'Amiodarone 20mg', 'once a day, 1 tablet by mouth', '2008-04-12', '2008-04-18')
insert into medication values ('S6163639J', 'Ceftriaxone 1g', 'once a day, 1 injectable solution intravenously', '2008-09-14', '2008-09-21')
insert into medication values ('S6181582C', 'Ceftriaxone 1g', 'once a day, 1 injectable solution intravenously', '2006-06-12', '2006-06-18')
insert into medication values ('S7110753B', 'Ibufprofen 400mg', 'three times a day', '2008-07-16', '2008-07-21')
insert into medication values ('S7147429D', 'Lactulose 10mg', 'two times a day, 5ml by mouth', '2008-11-09', '2008-11-16')
insert into medication values ('S7121558P', 'Azythromycine 500mg', 'once a day, 1 injectable solution intravenously', '2007-09-14', '2007-09-21')
insert into medication values ('S7177220Y', 'Ceftin 500mg', 'three times a day, 1 tablet by mouth', '2007-07-17', '2007-07-25')
insert into medication values ('S7116293B', 'Ibufprofen 400mg', 'three times a day', '2007-07-04', '2007-07-11')
insert into medication values ('S7172648T', 'Lipitor 20mg', 'once a day, at night', '2007-04-12', '2007-04-16')
insert into medication values ('S7159124O', 'Ceftin 500mg', 'three times a day, 1 tablet by mouth', '2006-02-05', '2006-02-13')
insert into medication values ('S6173583G', 'Ceftin 500mg', 'three times a day, 1 tablet by mouth', '2009-05-03', '2009-05-11')
insert into medication values ('S7230947L', 'Simvastatin 40mg', 'once a day, at night', '2006-10-03', '2006-10-09')
insert into medication values ('S7253857A', 'Simvastatin 40mg', 'once a day, at night', '2006-08-15', '2006-08-22')
insert into medication values ('S7215737U', 'Amiodarone 20mg', 'once a day, 1 tablet by mouth', '2006-09-02', '2006-09-08')
insert into medication values ('S6281144K', 'Amiodarone 20mg', 'once a day, 1 tablet by mouth', '2009-04-08', '2009-04-13')
insert into medication values ('S6229264W', 'Ceftin 500mg', 'three times a day, 1 tablet by mouth', '2009-02-12', '2009-02-17')
insert into medication values ('S8298646S', 'Ceftin 500mg', 'three times a day, 1 tablet by mouth', '2007-07-11', '2007-07-17')
insert into medication values ('S8280395G', 'Ibufprofen 400mg', 'three times a day', '2006-12-16', '2006-12-24')
insert into medication values ('S8249443O', 'Simvastatin 40mg', 'once a day, at night', '2007-06-09', '2007-06-15')
insert into medication values ('S7319171U', 'Lactulose 10mg', 'two times a day, 5ml by mouth', '2009-01-02', '2009-01-07')
insert into medication values ('S7383778M', 'Ceftin 500mg', 'three times a day, 1 tablet by mouth', '2007-05-04', '2007-05-09')
insert into medication values ('S7328516D', 'Lipitor 20mg', 'once a day, at night', '2006-11-19', '2006-11-24')
insert into medication values ('S6386904T', 'Lactulose 10mg', 'two times a day, 5ml by mouth', '2009-08-17', '2009-08-24')
insert into medication values ('S6371241L', 'Amiodarone 20mg', 'once a day, 1 tablet by mouth', '2008-08-10', '2008-08-18')
insert into medication values ('S8363846R', 'Lipitor 20mg', 'once a day, at night', '2007-04-14', '2007-04-19')
insert into medication values ('S8343755X', 'Azythromycine 500mg', 'once a day, 1 injectable solution intravenously', '2006-11-10', '2006-11-17')
insert into medication values ('S6357551X', 'Simvastatin 40mg', 'once a day, at night', '2009-07-17', '2009-07-23')
insert into medication values ('S8353487I', 'Amiodarone 20mg', 'once a day, 1 tablet by mouth', '2006-08-07', '2006-08-12')
insert into medication values ('S7389331R', 'Ibufprofen 400mg', 'three times a day', '2008-09-18', '2008-09-24')
insert into medication values ('S8364142I', 'Ceftin 500mg', 'three times a day, 1 tablet by mouth', '2007-10-09', '2007-10-15')
insert into medication values ('S7366886B', 'Ceftin 500mg', 'three times a day, 1 tablet by mouth', '2006-07-07', '2006-07-12')
insert into medication values ('S7339789G', 'Lactulose 10mg', 'two times a day, 5ml by mouth', '2008-06-07', '2008-06-11')
insert into medication values ('S6474142E', 'Ceftin 500mg', 'three times a day, 1 tablet by mouth', '2007-06-15', '2007-06-21')
insert into medication values ('S6494197A', 'Ibufprofen 400mg', 'three times a day', '2008-10-18', '2008-10-22')
insert into medication values ('S7484278U', 'Amiodarone 20mg', 'once a day, 1 tablet by mouth', '2009-05-05', '2009-05-11')
insert into medication values ('S8472124P', 'Azythromycine 500mg', 'once a day, 1 injectable solution intravenously', '2009-06-05', '2009-06-10')
insert into medication values ('S6478820H', 'Ceftriaxone 1g', 'once a day, 1 injectable solution intravenously', '2008-08-09', '2008-08-16')
insert into medication values ('S6479861H', 'Ceftin 500mg', 'three times a day, 1 tablet by mouth', '2007-04-18', '2007-04-26')
insert into medication values ('S6450349C', 'Amiodarone 20mg', 'once a day, 1 tablet by mouth', '2008-07-16', '2008-07-23')
insert into medication values ('S6584427H', 'Lactulose 10mg', 'two times a day, 5ml by mouth', '2009-01-16', '2009-01-20')
insert into medication values ('S8542111Q', 'Simvastatin 40mg', 'once a day, at night', '2006-09-06', '2006-09-13')
insert into medication values ('S7516544Q', 'Ceftriaxone 1g', 'once a day, 1 injectable solution intravenously', '2007-11-06', '2007-11-13')
insert into medication values ('S7574118A', 'Ceftriaxone 1g', 'once a day, 1 injectable solution intravenously', '2008-11-14', '2008-11-18')
insert into medication values ('S7556624R', 'Amiodarone 20mg', 'once a day, 1 tablet by mouth', '2009-06-18', '2009-06-24')
insert into medication values ('S7517835C', 'Ceftin 500mg', 'three times a day, 1 tablet by mouth', '2008-04-05', '2008-04-11')
insert into medication values ('S8512267H', 'Azythromycine 500mg', 'once a day, 1 injectable solution intravenously', '2008-04-12', '2008-04-17')
insert into medication values ('S7578371C', 'Ibufprofen 400mg', 'three times a day', '2008-07-04', '2008-07-10')
insert into medication values ('S6516217J', 'Lactulose 10mg', 'two times a day, 5ml by mouth', '2008-11-06', '2008-11-11')
insert into medication values ('S6581405N', 'Amiodarone 20mg', 'once a day, 1 tablet by mouth', '2007-06-11', '2007-06-17')
insert into medication values ('S7541233G', 'Ceftin 500mg', 'three times a day, 1 tablet by mouth', '2008-04-12', '2008-04-18')
insert into medication values ('S7547579M', 'Ceftin 500mg', 'three times a day, 1 tablet by mouth', '2007-05-15', '2007-05-20')
insert into medication values ('S8512236M', 'Lactulose 10mg', 'two times a day, 5ml by mouth', '2008-04-15', '2008-04-19')
insert into medication values ('S6640827D', 'Ceftin 500mg', 'three times a day, 1 tablet by mouth', '2007-06-10', '2007-06-15')
insert into medication values ('S6619407Y', 'Ceftin 500mg', 'three times a day, 1 tablet by mouth', '2006-07-14', '2006-07-20')
insert into medication values ('S6666465A', 'Lactulose 10mg', 'two times a day, 5ml by mouth', '2007-11-11', '2007-11-16')
insert into medication values ('S7640508Q', 'Ibufprofen 400mg', 'three times a day', '2009-03-01', '2009-03-06')
insert into medication values ('S8669686R', 'Lactulose 10mg', 'two times a day, 5ml by mouth', '2008-02-18', '2008-02-24')
insert into medication values ('S7677298H', 'Amiodarone 20mg', 'once a day, 1 tablet by mouth', '2007-04-20', '2007-04-24')
insert into medication values ('S7658468L', 'Ceftin 500mg', 'three times a day, 1 tablet by mouth', '2007-04-04', '2007-04-10')
insert into medication values ('S8655196E', 'Lactulose 10mg', 'two times a day, 5ml by mouth', '2007-07-10', '2007-07-17')
