drop database if exists localdb
create database if not exists localdb
use localdb

CREATE TABLE patient(patient_id varchar(30) NOT NULL, first_name text, last_name text, date_of_birth text, age integer, gender text, address text, nationality text, CONSTRAINT patient_pkey PRIMARY KEY (patient_id))
insert into patient values ('S8284186E', 'MENG HWI', 'GOH', '1976-02-09', 33, 'male', 'Punggol', 'Singaporean')
insert into patient values ('S8285084H', 'PIN', 'LIM', '1983-11-05', 26, 'female', 'Chinatown', 'Singaporean')
insert into patient values ('S7150395R', 'JIE', 'ZHAO', '1970-03-19', 39, 'female', 'Keppel', 'Singaporean')
insert into patient values ('S8183261F', 'YIK TEE', 'TEO', '1976-12-03', 33, 'male', 'Bedok', 'Singaporean')
insert into patient values ('S6135185G', 'HUI LIN PAMELA', 'CHAN', '1979-09-18', 30, 'male', 'Bedok', 'Singaporean')
insert into patient values ('S7169774M', 'CHEE MENG', 'WONG', '1986-06-10', 23, 'female', 'Changi', 'Singaporean')
insert into patient values ('S7182218Q', 'YONG KIANG', 'FOO', '1971-06-18', 38, 'male', 'Katong', 'Singaporean')
insert into patient values ('S6132107I', 'CHUN', 'NG', '1986-05-06', 23, 'female', 'Dover', 'Singaporean')
insert into patient values ('S6118784N', 'HUI LIN PAMELA', 'CHAN', '1970-09-16', 39, 'male', 'Keppel', 'Singaporean')
insert into patient values ('S7155820Z', 'GEK YONG', 'TAN', '1989-07-02', 20, 'female', 'Bedok', 'Singaporean')
insert into patient values ('S8118687K', 'SOK LENG', 'GOH', '1974-05-17', 35, 'male', 'Keppel', 'Singaporean')
insert into patient values ('S6162146S', 'CHING CHING', 'LIM', '1978-09-22', 31, 'female', 'Chinatown', 'Singaporean')
insert into patient values ('S6172104N', 'SIEW LIANG', 'YEO', '1989-01-18', 20, 'male', 'Changi', 'Singaporean')
insert into patient values ('S6139865K', 'CHENG BEE', 'CHUA', '1972-05-24', 37, 'female', 'Toa Payo', 'Singaporean')
insert into patient values ('S8122809C', 'WAI NAM', 'YAU', '1977-10-22', 32, 'female', 'Keppel', 'Singaporean')
insert into patient values ('S7124293O', 'YING', 'LAW', '1978-06-15', 31, 'male', 'Punggol', 'Singaporean')
insert into patient values ('S7114549K', 'CHING YI', 'TAN', '1973-03-05', 36, 'female', 'Dover', 'Singaporean')
insert into patient values ('S6185534M', 'CHIN WAI', 'LEE', '1986-11-06', 23, 'male', 'Changi', 'Singaporean')
insert into patient values ('S8121152X', 'WAI MENG MATTHEW', 'WEE', '1971-03-21', 38, 'male', 'Bedok', 'Singaporean')
insert into patient values ('S7122744U', 'SAI LEONG', 'YUEN', '1980-08-06', 29, 'female', 'Dover', 'Singaporean')
insert into patient values ('S8188833G', 'YONG KHOON VINCENT', 'GUWE', '1970-06-14', 39, 'female', 'Bedok', 'Singaporean')
insert into patient values ('S7182646C', 'CHIN PEI', 'TEO', '1988-04-02', 21, 'female', 'Katong', 'Singaporean')
insert into patient values ('S7197846B', 'CHUN HOW', 'JING', '1973-11-01', 36, 'female', 'Punggol', 'Singaporean')
insert into patient values ('S6117743C', 'KOK HUN', 'GOH', '1984-04-10', 25, 'female', 'Changi', 'Singaporean')
insert into patient values ('S8147848G', 'SHAN TOM', 'WONG', '1980-11-10', 29, 'female', 'Bedok', 'Singaporean')
insert into patient values ('S8121181E', 'BEE GUAT', 'TAY', '1982-11-09', 27, 'female', 'Chinatown', 'Singaporean')
insert into patient values ('S8116610M', 'XUE LI', 'KOR', '1988-08-04', 21, 'female', 'Bedok', 'Singaporean')
insert into patient values ('S7133607F', 'GEE TIONG', 'NG', '1976-02-21', 33, 'male', 'Keppel', 'Singaporean')
insert into patient values ('S7172488O', 'CHEE HOONG', 'CHAN', '1981-11-06', 28, 'male', 'Punggol', 'Singaporean')
insert into patient values ('S7116348U', 'OLARIKOVIT', 'NUTHAVIT', '1980-11-27', 29, 'female', 'Chinatown', 'Singaporean')
insert into patient values ('S8158626O', 'CHEE MUN RONNIE', 'CHEW', '1970-09-02', 39, 'male', 'Punggol', 'Singaporean')
insert into patient values ('S8147301P', 'CHUNG HON', 'BOEY', '1978-07-26', 31, 'male', 'Keppel', 'Singaporean')
insert into patient values ('S8170960H', 'GEOK HOON ALVINA', 'KEK', '1978-08-25', 31, 'male', 'Chinatown', 'Singaporean')
insert into patient values ('S7128910D', 'MIEN LING', 'CHONG', '1981-03-08', 28, 'female', 'Chinatown', 'Singaporean')
insert into patient values ('S7115848G', 'CHEE MUN RONNIE', 'CHEW', '1973-04-21', 36, 'male', 'Toa Payo', 'Singaporean')
insert into patient values ('S7140379H', 'CHYE WEI', 'CHIONH', '1971-09-21', 38, 'male', 'Punggol', 'Singaporean')
insert into patient values ('S7197943E', 'GNANASEGARAN S/O GODWIN', 'ADRIAN', '1979-11-25', 30, 'female', 'Chinatown', 'Singaporean')
insert into patient values ('S8132918R', 'SEE HUA', 'NG', '1977-07-10', 32, 'female', 'Bedok', 'Singaporean')
insert into patient values ('S7119276Q', 'MENG KWONG', 'LUI', '1976-06-11', 33, 'male', 'Keppel', 'Singaporean')
insert into patient values ('S6184366E', 'KIAN HAU', 'KONG', '1988-11-16', 21, 'female', 'Bedok', 'Singaporean')
insert into patient values ('S8161632O', 'WEI SAM', 'WONG', '1982-05-06', 27, 'female', 'Punggol', 'Singaporean')
insert into patient values ('S7177693J', 'MEI HUA', 'LIM', '1978-10-02', 31, 'female', 'Toa Payo', 'Singaporean')
insert into patient values ('S6168831X', 'RONGHE', 'LAI', '1988-08-24', 21, 'male', 'Keppel', 'Singaporean')
insert into patient values ('S7157409I', 'KOK WEE ANDY', 'GAN', '1981-07-04', 28, 'female', 'Bedok', 'Singaporean')
insert into patient values ('S6198631T', 'WEI SHAN CHARLEEN', 'ANG', '1971-08-02', 38, 'female', 'Toa Payo', 'Singaporean')
insert into patient values ('S8173116W', 'MONG WEE JOHN', 'NG', '1971-11-01', 38, 'male', 'Keppel', 'Singaporean')
insert into patient values ('S7155928D', 'DONGLI ADRIAN', 'LEE', '1988-09-06', 21, 'male', 'Keppel', 'Singaporean')
insert into patient values ('S7119368D', 'CHIN CHYE', 'SIM', '1975-05-05', 34, 'male', 'Dover', 'Singaporean')
insert into patient values ('S8147637Y', 'SHIYUN SERENA', 'TAN', '1988-03-06', 21, 'female', 'Punggol', 'Singaporean')
insert into patient values ('S7191870T', 'SHYANG ZHENG', 'LIM', '1983-05-21', 26, 'female', 'Bedok', 'Singaporean')
insert into patient values ('S7189739L', 'BIN ZAINAL', 'FAIZAL', '1984-10-17', 25, 'female', 'Toa Payo', 'Singaporean')
insert into patient values ('S6132380C', 'MIEN LING', 'CHONG', '1975-09-01', 34, 'male', 'Toa Payo', 'Singaporean')
insert into patient values ('S7147166L', 'BOON SUEN', 'TAN', '1982-07-25', 27, 'female', 'Changi', 'Singaporean')
insert into patient values ('S7138507B', 'SOON HENG NIGEL', 'TENG', '1971-03-21', 38, 'female', 'Keppel', 'Singaporean')
insert into patient values ('S8182733I', 'KIN YEE', 'CHOY', '1987-06-15', 22, 'female', 'Keppel', 'Singaporean')
insert into patient values ('S8126658N', 'KOK SENG', 'CHIA', '1980-04-09', 29, 'female', 'Keppel', 'Singaporean')
insert into patient values ('S8156863H', 'CHEE HOE HOWARD', 'PAK', '1973-02-02', 36, 'female', 'Bedok', 'Singaporean')
insert into patient values ('S7121332F', 'MENG HONG', 'KOH', '1973-04-05', 36, 'female', 'Punggol', 'Singaporean')
insert into patient values ('S6162241C', 'FAZLI BIN AHMAD', 'MOHAMAD', '1989-04-24', 20, 'male', 'Keppel', 'Singaporean')
insert into patient values ('S6185966Y', 'SIEW CHUAN', 'TIA', '1979-04-01', 30, 'female', 'Keppel', 'Singaporean')
insert into patient values ('S7146983M', 'SHAO HUNG', 'GOH', '1974-07-11', 35, 'female', 'Katong', 'Singaporean')
insert into patient values ('S8192625Y', 'KHIN JIMMY WONG', 'WAN', '1971-10-03', 38, 'male', 'Bedok', 'Singaporean')
insert into patient values ('S8129974L', 'WENG YEW', 'CHUNG', '1972-08-16', 37, 'female', 'Katong', 'Singaporean')
insert into patient values ('S6160230L', 'SOK HUI', 'ENG', '1972-01-03', 37, 'female', 'Bedok', 'Singaporean')
insert into patient values ('S8196423P', 'SIOK KOON', 'YEO', '1972-09-15', 37, 'female', 'Toa Payo', 'Singaporean')
insert into patient values ('S6143709Q', 'SING CHUAN', 'WONG', '1978-04-21', 31, 'female', 'Toa Payo', 'Singaporean')
insert into patient values ('S7189678L', 'YEOW CHONG', 'TAN', '1972-07-22', 37, 'male', 'Changi', 'Singaporean')
insert into patient values ('S8160317S', 'HUEI LING', 'GOH', '1986-06-07', 23, 'female', 'Punggol', 'Singaporean')
insert into patient values ('S7196628N', 'KA WAI', 'CHEONG', '1977-10-16', 32, 'female', 'Bedok', 'Singaporean')
insert into patient values ('S7124715R', 'SIEW LING CAROLYN', 'WI', '1980-03-19', 29, 'male', 'Katong', 'Singaporean')
insert into patient values ('S7133733K', 'CHEE SIONG', 'HEW', '1979-01-05', 30, 'male', 'Bedok', 'Singaporean')
insert into patient values ('S7184960W', 'CHOONG KHIANG', 'LIM', '1982-11-14', 27, 'female', 'Dover', 'Singaporean')
insert into patient values ('S6162683A', 'KOK LEONG', 'TEO', '1981-11-18', 28, 'male', 'Bedok', 'Singaporean')
insert into patient values ('S7151113C', 'KWANG CHYE ALEX', 'LEE', '1973-06-07', 36, 'female', 'Changi', 'Singaporean')
insert into patient values ('S7114290C', 'WEE BENG', 'LIM', '1980-10-09', 29, 'male', 'Keppel', 'Singaporean')
insert into patient values ('S7181656G', 'WEI PIN EDWIN', 'LEONG', '1976-05-04', 33, 'male', 'Dover', 'Singaporean')
insert into patient values ('S7160836P', 'AIK KANG', 'TAN', '1971-04-15', 38, 'female', 'Bedok', 'Singaporean')
insert into patient values ('S8154633J', 'CHEE MENG', 'PANG', '1986-07-27', 23, 'male', 'Punggol', 'Singaporean')
insert into patient values ('S8130760C', 'HALIM', 'HARUN', '1969-10-26', 40, 'female', 'Punggol', 'Singaporean')
insert into patient values ('S7155385R', 'WAI KEONG DESMOND', 'THAM', '1988-01-02', 21, 'female', 'Punggol', 'Singaporean')
insert into patient values ('S6128430P', 'YANG PIN KELVIN', 'LEE', '1988-01-14', 21, 'female', 'Dover', 'Singaporean')
insert into patient values ('S7180570Y', 'CHUN PUI', 'CHIN', '1982-02-13', 27, 'female', 'Toa Payo', 'Singaporean')
insert into patient values ('S6158442G', 'FOONG YIN', 'CHAN', '1977-10-06', 32, 'female', 'Punggol', 'Singaporean')
insert into patient values ('S8155725Y', 'KENG WEE', 'GOH', '1983-07-08', 26, 'male', 'Keppel', 'Singaporean')
insert into patient values ('S8198564A', 'MAY CHOO', 'KNG', '1974-02-28', 35, 'male', 'Keppel', 'Singaporean')
insert into patient values ('S8149655C', 'SAEY TUAN', 'HO', '1984-06-20', 25, 'female', 'Toa Payo', 'Singaporean')
insert into patient values ('S7182386N', 'CHEE SEONG', 'KOK', '1977-01-25', 32, 'female', 'Dover', 'Singaporean')
insert into patient values ('S6124885T', 'HUAN YUAN', 'CHAN', '1972-05-04', 37, 'female', 'Chinatown', 'Singaporean')
insert into patient values ('S7120254L', 'HUI LING', 'EU', '1984-10-25', 25, 'female', 'Bedok', 'Singaporean')
insert into patient values ('S7121414L', 'SU PENG', 'LOO', '1974-02-04', 35, 'female', 'Chinatown', 'Singaporean')
insert into patient values ('S6137406T', 'KOK THAI LARRY', 'TOH', '1985-07-13', 24, 'female', 'Toa Payo', 'Singaporean')
insert into patient values ('S8190130S', 'SEONG YONG JEREMY', 'ONG', '1979-08-03', 30, 'female', 'Punggol', 'Singaporean')
insert into patient values ('S6154934U', 'KIA TWUAN KEVIN', 'BOO', '1977-06-12', 32, 'female', 'Toa Payo', 'Singaporean')
insert into patient values ('S6118713H', 'YEW TONG', 'CHAN', '1974-09-17', 35, 'male', 'Bedok', 'Singaporean')
insert into patient values ('S8116940R', 'CHIEP PING', 'KOH', '1980-09-26', 29, 'male', 'Keppel', 'Singaporean')
insert into patient values ('S6170215U', 'KEE KIAT', 'THO', '1978-12-23', 31, 'female', 'Katong', 'Singaporean')
insert into patient values ('S7184854D', 'JANG TAO CHRISTIAN', 'CHAO', '1982-12-07', 27, 'male', 'Keppel', 'Singaporean')
insert into patient values ('S6185371V', 'KEE FUI TURNER', 'LAM', '1970-06-07', 39, 'male', 'Bedok', 'Singaporean')
insert into patient values ('S7137441H', 'ZHAO ZHONG', 'LUA', '1989-11-04', 20, 'female', 'Changi', 'Singaporean')
insert into patient values ('S7150327C', 'WEE MENG', 'TAN', '1986-01-27', 23, 'male', 'Dover', 'Singaporean')
insert into patient values ('S7120511A', 'KHIM SWEE', 'THE', '1985-02-07', 24, 'female', 'Changi', 'Singaporean')
insert into patient values ('S8191762U', 'CHUNJING', 'HAR', '1984-09-12', 25, 'female', 'Bedok', 'Singaporean')
insert into patient values ('S6164417D', 'JIALIANG', 'JIAN', '1975-12-18', 34, 'male', 'Bedok', 'Singaporean')
insert into patient values ('S6191235S', 'SHEN CHEE PATRICK', 'CHU', '1976-03-02', 33, 'male', 'Bedok', 'Singaporean')
insert into patient values ('S8119682J', 'WEI SHING', 'NG', '1987-07-15', 22, 'female', 'Bedok', 'Singaporean')
insert into patient values ('S6134892W', 'KOK LIANG', 'CHONG', '1977-08-01', 32, 'female', 'Bedok', 'Singaporean')
insert into patient values ('S7142613V', 'HUN SEONG', 'SHUM', '1972-06-13', 37, 'female', 'Punggol', 'Singaporean')
insert into patient values ('S8119430L', 'LEONG KHENG', 'ONG', '1979-09-13', 30, 'male', 'Keppel', 'Singaporean')
insert into patient values ('S7138694T', 'SIN PHIEN DAVION', 'WONG', '1984-07-09', 25, 'female', 'Chinatown', 'Singaporean')
insert into patient values ('S6179466D', 'LI WEN VALERIE', 'QUEK', '1986-05-05', 23, 'male', 'Toa Payo', 'Singaporean')
insert into patient values ('S7196940E', 'YAN HORN', 'LUA', '1970-01-26', 39, 'male', 'Chinatown', 'Singaporean')
insert into patient values ('S6151592Y', 'WAI KUAN SHERRY', 'WONG', '1973-09-16', 36, 'male', 'Punggol', 'Singaporean')

CREATE TABLE physician(physician_id varchar(30) NOT NULL, first_name text, last_name text, CONSTRAINT patient_pkey PRIMARY KEY (physician_id))
insert into physician values ('PH1000001', 'CHIANG', 'JIAHE ALEXANDRA P CHIANG')
insert into physician values ('PH1000002', 'CHUA', 'CHEE KEONG')

CREATE TABLE treat(patient_id varchar(30), physician_id varchar(30), start_date text, end_date text)
insert into treat values ('S8284186E', 'PH1000001', '2007-09-10', '2007-09-16')
insert into treat values ('S8284186E', 'PH1000002', '2007-09-10', '2007-09-18')
insert into treat values ('S8285084H', 'PH1000001', '2006-10-07', '2006-10-12')
insert into treat values ('S8285084H', 'PH1000002', '2006-10-07', '2006-10-12')
insert into treat values ('S8183261F', 'PH1000001', '2007-07-15', '2007-07-20')
insert into treat values ('S8183261F', 'PH1000002', '2007-07-15', '2007-07-22')
insert into treat values ('S7155820Z', 'PH1000001', '2007-04-02', '2007-04-10')
insert into treat values ('S7155820Z', 'PH1000002', '2007-04-02', '2007-04-08')
insert into treat values ('S6162146S', 'PH1000001', '2006-10-04', '2006-10-10')
insert into treat values ('S6162146S', 'PH1000002', '2006-10-04', '2006-10-08')
insert into treat values ('S7124293O', 'PH1000001', '2008-08-17', '2008-08-22')
insert into treat values ('S7124293O', 'PH1000002', '2008-08-17', '2008-08-23')
insert into treat values ('S8147848G', 'PH1000001', '2009-05-10', '2009-05-14')
insert into treat values ('S8147848G', 'PH1000002', '2009-05-10', '2009-05-16')
insert into treat values ('S7116348U', 'PH1000001', '2007-08-11', '2007-08-18')
insert into treat values ('S7116348U', 'PH1000002', '2007-08-11', '2007-08-18')
insert into treat values ('S8147301P', 'PH1000001', '2006-06-09', '2006-06-14')
insert into treat values ('S8147301P', 'PH1000002', '2006-06-09', '2006-06-17')
insert into treat values ('S7177693J', 'PH1000001', '2008-11-13', '2008-11-17')
insert into treat values ('S7177693J', 'PH1000002', '2008-11-13', '2008-11-19')
insert into treat values ('S7119368D', 'PH1000001', '2009-05-13', '2009-05-17')
insert into treat values ('S7119368D', 'PH1000002', '2009-05-13', '2009-05-21')
insert into treat values ('S7191870T', 'PH1000001', '2007-11-06', '2007-11-11')
insert into treat values ('S7191870T', 'PH1000002', '2007-11-06', '2007-11-11')
insert into treat values ('S7147166L', 'PH1000001', '2007-07-06', '2007-07-11')
insert into treat values ('S7147166L', 'PH1000002', '2007-07-06', '2007-07-10')
insert into treat values ('S8182733I', 'PH1000001', '2008-11-17', '2008-11-22')
insert into treat values ('S8182733I', 'PH1000002', '2008-11-17', '2008-11-23')
insert into treat values ('S8160317S', 'PH1000001', '2007-09-19', '2007-09-26')
insert into treat values ('S8160317S', 'PH1000002', '2007-09-19', '2007-09-27')
insert into treat values ('S7133733K', 'PH1000001', '2008-09-14', '2008-09-21')
insert into treat values ('S7133733K', 'PH1000002', '2008-09-14', '2008-09-21')
insert into treat values ('S7184960W', 'PH1000001', '2008-07-13', '2008-07-20')
insert into treat values ('S7184960W', 'PH1000002', '2008-07-13', '2008-07-19')
insert into treat values ('S8130760C', 'PH1000001', '2007-03-01', '2007-03-07')
insert into treat values ('S8130760C', 'PH1000002', '2007-03-01', '2007-03-09')
insert into treat values ('S7155385R', 'PH1000001', '2008-08-14', '2008-08-18')
insert into treat values ('S7155385R', 'PH1000002', '2008-08-14', '2008-08-20')
insert into treat values ('S6158442G', 'PH1000001', '2007-08-16', '2007-08-21')
insert into treat values ('S6158442G', 'PH1000002', '2007-08-16', '2007-08-23')
insert into treat values ('S8149655C', 'PH1000001', '2008-07-13', '2008-07-20')
insert into treat values ('S8149655C', 'PH1000002', '2008-07-13', '2008-07-19')
insert into treat values ('S8119682J', 'PH1000001', '2009-02-16', '2009-02-23')
insert into treat values ('S8119682J', 'PH1000002', '2009-02-16', '2009-02-21')
insert into treat values ('S6134892W', 'PH1000001', '2007-04-12', '2007-04-18')
insert into treat values ('S6134892W', 'PH1000002', '2007-04-12', '2007-04-18')
insert into treat values ('S7288332W', 'PH1000001', '2008-06-04', '2008-06-11')
insert into treat values ('S7288332W', 'PH1000002', '2008-06-04', '2008-06-10')
insert into treat values ('S6261208D', 'PH1000001', '2008-05-15', '2008-05-20')
insert into treat values ('S6261208D', 'PH1000002', '2008-05-15', '2008-05-22')
insert into treat values ('S8279241Q', 'PH1000001', '2007-07-05', '2007-07-12')
insert into treat values ('S8279241Q', 'PH1000002', '2007-07-05', '2007-07-11')
insert into treat values ('S6250677R', 'PH1000001', '2008-11-18', '2008-11-24')
insert into treat values ('S6250677R', 'PH1000002', '2008-11-18', '2008-11-24')
insert into treat values ('S7263205J', 'PH1000001', '2007-05-15', '2007-05-21')
insert into treat values ('S7263205J', 'PH1000002', '2007-05-15', '2007-05-22')
insert into treat values ('S8247962J', 'PH1000001', '2007-10-03', '2007-10-09')
insert into treat values ('S8247962J', 'PH1000002', '2007-10-03', '2007-10-09')
insert into treat values ('S7230327W', 'PH1000001', '2008-11-06', '2008-11-11')
insert into treat values ('S7230327W', 'PH1000002', '2008-11-06', '2008-11-12')
insert into treat values ('S6281785C', 'PH1000001', '2008-10-09', '2008-10-16')
insert into treat values ('S6281785C', 'PH1000002', '2008-10-09', '2008-10-16')
insert into treat values ('S7276140N', 'PH1000001', '2007-03-14', '2007-03-19')
insert into treat values ('S7276140N', 'PH1000002', '2007-03-14', '2007-03-20')
insert into treat values ('S7260523K', 'PH1000001', '2009-02-07', '2009-02-12')
insert into treat values ('S7260523K', 'PH1000002', '2009-02-07', '2009-02-13')
insert into treat values ('S7289176J', 'PH1000001', '2006-08-12', '2006-08-18')
insert into treat values ('S7289176J', 'PH1000002', '2006-08-12', '2006-08-19')
insert into treat values ('S8219836C', 'PH1000001', '2008-03-02', '2008-03-06')
insert into treat values ('S8219836C', 'PH1000002', '2008-03-02', '2008-03-08')
insert into treat values ('S7240986W', 'PH1000001', '2009-05-10', '2009-05-18')
insert into treat values ('S7240986W', 'PH1000002', '2009-05-10', '2009-05-17')
insert into treat values ('S7213940X', 'PH1000001', '2007-10-17', '2007-10-25')
insert into treat values ('S7213940X', 'PH1000002', '2007-10-17', '2007-10-21')
insert into treat values ('S7253790O', 'PH1000001', '2008-12-02', '2008-12-08')
insert into treat values ('S7253790O', 'PH1000002', '2008-12-02', '2008-12-08')
insert into treat values ('S7253525O', 'PH1000001', '2006-05-16', '2006-05-23')
insert into treat values ('S7253525O', 'PH1000002', '2006-05-16', '2006-05-22')
insert into treat values ('S6233943S', 'PH1000001', '2007-02-11', '2007-02-18')
insert into treat values ('S6233943S', 'PH1000002', '2007-02-11', '2007-02-16')
insert into treat values ('S7242123P', 'PH1000001', '2009-03-09', '2009-03-15')
insert into treat values ('S7242123P', 'PH1000002', '2009-03-09', '2009-03-16')
insert into treat values ('S7228993Y', 'PH1000001', '2008-08-03', '2008-08-08')
insert into treat values ('S7228993Y', 'PH1000002', '2008-08-03', '2008-08-11')
insert into treat values ('S7297575Y', 'PH1000001', '2007-02-08', '2007-02-14')
insert into treat values ('S7297575Y', 'PH1000002', '2007-02-08', '2007-02-15')
insert into treat values ('S6235763W', 'PH1000001', '2006-11-18', '2006-11-24')
insert into treat values ('S6235763W', 'PH1000002', '2006-11-18', '2006-11-23')
insert into treat values ('S7272686C', 'PH1000001', '2008-04-08', '2008-04-14')
insert into treat values ('S7272686C', 'PH1000002', '2008-04-08', '2008-04-14')
insert into treat values ('S6219791Q', 'PH1000001', '2009-03-12', '2009-03-16')
insert into treat values ('S6219791Q', 'PH1000002', '2009-03-12', '2009-03-16')
insert into treat values ('S8213344J', 'PH1000001', '2007-04-14', '2007-04-22')
insert into treat values ('S8213344J', 'PH1000002', '2007-04-14', '2007-04-20')
insert into treat values ('S6234381F', 'PH1000001', '2009-06-09', '2009-06-14')
insert into treat values ('S6234381F', 'PH1000002', '2009-06-09', '2009-06-14')
insert into treat values ('S7392558Y', 'PH1000001', '2008-06-16', '2008-06-20')
insert into treat values ('S7392558Y', 'PH1000002', '2008-06-16', '2008-06-22')
insert into treat values ('S8369441B', 'PH1000001', '2006-08-13', '2006-08-18')
insert into treat values ('S8369441B', 'PH1000002', '2006-08-13', '2006-08-17')
insert into treat values ('S8319980T', 'PH1000001', '2007-06-04', '2007-06-12')
insert into treat values ('S8319980T', 'PH1000002', '2007-06-04', '2007-06-10')
insert into treat values ('S7383537J', 'PH1000001', '2008-11-10', '2008-11-17')
insert into treat values ('S7383537J', 'PH1000002', '2008-11-10', '2008-11-15')
insert into treat values ('S8355955C', 'PH1000001', '2007-02-18', '2007-02-25')
insert into treat values ('S8355955C', 'PH1000002', '2007-02-18', '2007-02-24')
insert into treat values ('S6349637P', 'PH1000001', '2006-07-07', '2006-07-13')
insert into treat values ('S6349637P', 'PH1000002', '2006-07-07', '2006-07-12')
insert into treat values ('S7338231D', 'PH1000001', '2007-06-10', '2007-06-15')
insert into treat values ('S7338231D', 'PH1000002', '2007-06-10', '2007-06-14')
insert into treat values ('S7310439O', 'PH1000001', '2009-01-19', '2009-01-23')
insert into treat values ('S7310439O', 'PH1000002', '2009-01-19', '2009-01-26')
insert into treat values ('S8392642P', 'PH1000001', '2006-11-06', '2006-11-14')
insert into treat values ('S8392642P', 'PH1000002', '2006-11-06', '2006-11-13')
insert into treat values ('S7331672L', 'PH1000001', '2006-01-04', '2006-01-11')
insert into treat values ('S7331672L', 'PH1000002', '2006-01-04', '2006-01-09')
insert into treat values ('S8351942H', 'PH1000001', '2008-07-04', '2008-07-10')
insert into treat values ('S8351942H', 'PH1000002', '2008-07-04', '2008-07-10')
insert into treat values ('S7354606Y', 'PH1000001', '2008-03-15', '2008-03-20')
insert into treat values ('S7354606Y', 'PH1000002', '2008-03-15', '2008-03-23')
insert into treat values ('S8361271J', 'PH1000001', '2007-09-20', '2007-09-26')
insert into treat values ('S8361271J', 'PH1000002', '2007-09-20', '2007-09-25')
insert into treat values ('S7320819C', 'PH1000001', '2007-07-10', '2007-07-17')
insert into treat values ('S7320819C', 'PH1000002', '2007-07-10', '2007-07-17')
insert into treat values ('S6378359N', 'PH1000001', '2008-10-03', '2008-10-10')
insert into treat values ('S6378359N', 'PH1000002', '2008-10-03', '2008-10-11')
insert into treat values ('S6350699W', 'PH1000001', '2007-01-12', '2007-01-20')
insert into treat values ('S6350699W', 'PH1000002', '2007-01-12', '2007-01-18')
insert into treat values ('S7362906X', 'PH1000001', '2006-05-14', '2006-05-21')
insert into treat values ('S7362906X', 'PH1000002', '2006-05-14', '2006-05-20')
insert into treat values ('S7326905H', 'PH1000001', '2007-10-07', '2007-10-15')
insert into treat values ('S7326905H', 'PH1000002', '2007-10-07', '2007-10-14')
insert into treat values ('S8377185W', 'PH1000001', '2007-12-14', '2007-12-22')
insert into treat values ('S8377185W', 'PH1000002', '2007-12-14', '2007-12-18')
insert into treat values ('S8389194H', 'PH1000001', '2007-07-13', '2007-07-19')
insert into treat values ('S8389194H', 'PH1000002', '2007-07-13', '2007-07-20')
insert into treat values ('S6370323W', 'PH1000001', '2007-06-08', '2007-06-15')
insert into treat values ('S6370323W', 'PH1000002', '2007-06-08', '2007-06-13')
insert into treat values ('S7326707M', 'PH1000001', '2008-08-03', '2008-08-10')
insert into treat values ('S7326707M', 'PH1000002', '2008-08-03', '2008-08-10')
insert into treat values ('S7362723X', 'PH1000001', '2008-12-20', '2008-12-24')
insert into treat values ('S7362723X', 'PH1000002', '2008-12-20', '2008-12-25')
insert into treat values ('S6385409V', 'PH1000001', '2006-08-03', '2006-08-09')
insert into treat values ('S6385409V', 'PH1000002', '2006-08-03', '2006-08-08')
insert into treat values ('S7333125G', 'PH1000001', '2006-09-08', '2006-09-16')
insert into treat values ('S7333125G', 'PH1000002', '2006-09-08', '2006-09-15')
insert into treat values ('S7365521K', 'PH1000001', '2008-12-12', '2008-12-19')
insert into treat values ('S7365521K', 'PH1000002', '2008-12-12', '2008-12-18')
insert into treat values ('S6325866S', 'PH1000001', '2007-05-14', '2007-05-21')
insert into treat values ('S6325866S', 'PH1000002', '2007-05-14', '2007-05-19')
insert into treat values ('S7471870P', 'PH1000001', '2008-10-15', '2008-10-20')
insert into treat values ('S7471870P', 'PH1000002', '2008-10-15', '2008-10-19')
insert into treat values ('S7496433Y', 'PH1000001', '2008-09-15', '2008-09-19')
insert into treat values ('S7496433Y', 'PH1000002', '2008-09-15', '2008-09-20')
insert into treat values ('S8427826Q', 'PH1000001', '2007-10-14', '2007-10-22')
insert into treat values ('S8427826Q', 'PH1000002', '2007-10-14', '2007-10-18')
insert into treat values ('S7433649V', 'PH1000001', '2007-09-10', '2007-09-18')
insert into treat values ('S7433649V', 'PH1000002', '2007-09-10', '2007-09-14')
insert into treat values ('S6488339F', 'PH1000001', '2007-11-14', '2007-11-20')
insert into treat values ('S6488339F', 'PH1000002', '2007-11-14', '2007-11-19')
insert into treat values ('S6417545J', 'PH1000001', '2008-03-07', '2008-03-12')
insert into treat values ('S6417545J', 'PH1000002', '2008-03-07', '2008-03-13')
insert into treat values ('S6455822L', 'PH1000001', '2008-05-17', '2008-05-22')
insert into treat values ('S6455822L', 'PH1000002', '2008-05-17', '2008-05-21')
insert into treat values ('S8432309F', 'PH1000001', '2007-03-11', '2007-03-19')
insert into treat values ('S8432309F', 'PH1000002', '2007-03-11', '2007-03-19')
insert into treat values ('S7497115X', 'PH1000001', '2008-03-15', '2008-03-19')
insert into treat values ('S7497115X', 'PH1000002', '2008-03-15', '2008-03-21')
insert into treat values ('S6443286K', 'PH1000001', '2009-01-05', '2009-01-10')
insert into treat values ('S6443286K', 'PH1000002', '2009-01-05', '2009-01-12')
insert into treat values ('S8482200U', 'PH1000001', '2007-03-18', '2007-03-23')
insert into treat values ('S8482200U', 'PH1000002', '2007-03-18', '2007-03-25')
insert into treat values ('S6435109C', 'PH1000001', '2009-02-10', '2009-02-15')
insert into treat values ('S6435109C', 'PH1000002', '2009-02-10', '2009-02-18')
insert into treat values ('S8434234P', 'PH1000001', '2008-02-15', '2008-02-21')
insert into treat values ('S8434234P', 'PH1000002', '2008-02-15', '2008-02-23')
insert into treat values ('S6434983X', 'PH1000001', '2008-08-07', '2008-08-13')
insert into treat values ('S6434983X', 'PH1000002', '2008-08-07', '2008-08-14')
insert into treat values ('S7464724D', 'PH1000001', '2008-04-16', '2008-04-23')
insert into treat values ('S7464724D', 'PH1000002', '2008-04-16', '2008-04-23')
insert into treat values ('S7474861N', 'PH1000001', '2007-01-18', '2007-01-25')
insert into treat values ('S7474861N', 'PH1000002', '2007-01-18', '2007-01-25')
insert into treat values ('S7494992O', 'PH1000001', '2008-05-15', '2008-05-22')
insert into treat values ('S7494992O', 'PH1000002', '2008-05-15', '2008-05-22')
insert into treat values ('S6490481O', 'PH1000001', '2007-03-09', '2007-03-13')
insert into treat values ('S6490481O', 'PH1000002', '2007-03-09', '2007-03-17')
insert into treat values ('S7493178S', 'PH1000001', '2007-07-15', '2007-07-22')
insert into treat values ('S7493178S', 'PH1000002', '2007-07-15', '2007-07-23')
insert into treat values ('S7446559T', 'PH1000001', '2009-08-20', '2009-08-28')
insert into treat values ('S7446559T', 'PH1000002', '2009-08-20', '2009-08-27')
insert into treat values ('S8598945G', 'PH1000001', '2008-07-16', '2008-07-23')
insert into treat values ('S8598945G', 'PH1000002', '2008-07-16', '2008-07-20')
insert into treat values ('S7520650N', 'PH1000001', '2007-06-08', '2007-06-13')
insert into treat values ('S7520650N', 'PH1000002', '2007-06-08', '2007-06-14')
insert into treat values ('S8543439S', 'PH1000001', '2007-08-19', '2007-08-24')
insert into treat values ('S8543439S', 'PH1000002', '2007-08-19', '2007-08-26')
insert into treat values ('S7574377Z', 'PH1000001', '2006-04-03', '2006-04-10')
insert into treat values ('S7574377Z', 'PH1000002', '2006-04-03', '2006-04-09')
insert into treat values ('S6515943D', 'PH1000001', '2007-05-17', '2007-05-23')
insert into treat values ('S6515943D', 'PH1000002', '2007-05-17', '2007-05-21')
insert into treat values ('S7598581W', 'PH1000001', '2007-05-17', '2007-05-25')
insert into treat values ('S7598581W', 'PH1000002', '2007-05-17', '2007-05-21')
insert into treat values ('S6575775X', 'PH1000001', '2006-08-06', '2006-08-13')
insert into treat values ('S6575775X', 'PH1000002', '2006-08-06', '2006-08-12')
insert into treat values ('S7577410L', 'PH1000001', '2009-01-09', '2009-01-13')
insert into treat values ('S7577410L', 'PH1000002', '2009-01-09', '2009-01-15')
insert into treat values ('S7581457V', 'PH1000001', '2009-04-12', '2009-04-19')
insert into treat values ('S7581457V', 'PH1000002', '2009-04-12', '2009-04-20')
insert into treat values ('S6517161C', 'PH1000001', '2009-05-15', '2009-05-20')
insert into treat values ('S6517161C', 'PH1000002', '2009-05-15', '2009-05-22')
insert into treat values ('S7523404L', 'PH1000001', '2006-10-11', '2006-10-18')
insert into treat values ('S7523404L', 'PH1000002', '2006-10-11', '2006-10-18')
insert into treat values ('S7530927F', 'PH1000001', '2008-04-11', '2008-04-19')
insert into treat values ('S7530927F', 'PH1000002', '2008-04-11', '2008-04-18')
insert into treat values ('S6580142I', 'PH1000001', '2007-07-13', '2007-07-18')
insert into treat values ('S6580142I', 'PH1000002', '2007-07-13', '2007-07-18')
insert into treat values ('S7531940C', 'PH1000001', '2006-11-20', '2006-11-27')
insert into treat values ('S7531940C', 'PH1000002', '2006-11-20', '2006-11-26')
insert into treat values ('S7578727Y', 'PH1000001', '2006-07-20', '2006-07-28')
insert into treat values ('S7578727Y', 'PH1000002', '2006-07-20', '2006-07-26')
insert into treat values ('S7532421E', 'PH1000001', '2009-04-04', '2009-04-08')
insert into treat values ('S7532421E', 'PH1000002', '2009-04-04', '2009-04-12')
insert into treat values ('S7581120N', 'PH1000001', '2006-10-02', '2006-10-09')
insert into treat values ('S7581120N', 'PH1000002', '2006-10-02', '2006-10-09')
insert into treat values ('S7534691I', 'PH1000001', '2007-05-08', '2007-05-15')
insert into treat values ('S7534691I', 'PH1000002', '2007-05-08', '2007-05-14')
insert into treat values ('S7532397P', 'PH1000001', '2009-05-18', '2009-05-26')
insert into treat values ('S7532397P', 'PH1000002', '2009-05-18', '2009-05-25')
insert into treat values ('S8549512T', 'PH1000001', '2007-11-19', '2007-11-27')
insert into treat values ('S8549512T', 'PH1000002', '2007-11-19', '2007-11-24')
insert into treat values ('S7568206R', 'PH1000001', '2009-05-06', '2009-05-14')
insert into treat values ('S7568206R', 'PH1000002', '2009-05-06', '2009-05-13')
insert into treat values ('S7659795O', 'PH1000001', '2009-06-07', '2009-06-13')
insert into treat values ('S7659795O', 'PH1000002', '2009-06-07', '2009-06-15')
insert into treat values ('S7672355Q', 'PH1000001', '2008-08-16', '2008-08-22')
insert into treat values ('S7672355Q', 'PH1000002', '2008-08-16', '2008-08-23')
insert into treat values ('S6634673M', 'PH1000001', '2009-02-07', '2009-02-14')
insert into treat values ('S6634673M', 'PH1000002', '2009-02-07', '2009-02-14')
insert into treat values ('S7644574L', 'PH1000001', '2009-04-12', '2009-04-17')
insert into treat values ('S7644574L', 'PH1000002', '2009-04-12', '2009-04-19')
insert into treat values ('S7686914H', 'PH1000001', '2008-10-02', '2008-10-06')
insert into treat values ('S7686914H', 'PH1000002', '2008-10-02', '2008-10-09')
insert into treat values ('S7668441Q', 'PH1000001', '2008-03-08', '2008-03-13')
insert into treat values ('S7668441Q', 'PH1000002', '2008-03-08', '2008-03-15')
insert into treat values ('S7670329Y', 'PH1000001', '2006-02-17', '2006-02-22')
insert into treat values ('S7670329Y', 'PH1000002', '2006-02-17', '2006-02-22')
insert into treat values ('S6684206B', 'PH1000001', '2006-07-08', '2006-07-16')
insert into treat values ('S6684206B', 'PH1000002', '2006-07-08', '2006-07-14')
insert into treat values ('S7692737G', 'PH1000001', '2006-04-16', '2006-04-22')
insert into treat values ('S7692737G', 'PH1000002', '2006-04-16', '2006-04-23')
insert into treat values ('S8674748N', 'PH1000001', '2007-02-09', '2007-02-14')
insert into treat values ('S8674748N', 'PH1000002', '2007-02-09', '2007-02-13')
insert into treat values ('S7696118I', 'PH1000001', '2009-01-03', '2009-01-11')
insert into treat values ('S7696118I', 'PH1000002', '2009-01-03', '2009-01-08')
insert into treat values ('S8653574R', 'PH1000001', '2008-04-15', '2008-04-23')
insert into treat values ('S8653574R', 'PH1000002', '2008-04-15', '2008-04-19')
insert into treat values ('S7661586D', 'PH1000001', '2007-05-08', '2007-05-13')
insert into treat values ('S7661586D', 'PH1000002', '2007-05-08', '2007-05-12')
insert into treat values ('S8654266B', 'PH1000001', '2007-04-09', '2007-04-15')
insert into treat values ('S8654266B', 'PH1000002', '2007-04-09', '2007-04-13')
insert into treat values ('S6690853L', 'PH1000001', '2008-02-16', '2008-02-20')
insert into treat values ('S6690853L', 'PH1000002', '2008-02-16', '2008-02-21')
insert into treat values ('S7675251D', 'PH1000001', '2007-06-06', '2007-06-11')
insert into treat values ('S7675251D', 'PH1000002', '2007-06-06', '2007-06-12')

CREATE TABLE visit(patient_id text, visit_date text, location text, reason text)
insert into visit values ('S8284186E', '2007-09-10', 'Changi Hospital', 'heart problem')
insert into visit values ('S8285084H', '2006-10-07', 'Changi Hospital', 'fever')
insert into visit values ('S8183261F', '2007-07-15', 'Changi Hospital', 'backache')
insert into visit values ('S7155820Z', '2007-04-02', 'Changi Hospital', 'cephalalgia')
insert into visit values ('S6162146S', '2006-10-04', 'Changi Hospital', 'heart problem')
insert into visit values ('S7124293O', '2008-08-17', 'Changi Hospital', 'backache')
insert into visit values ('S8147848G', '2009-05-10', 'Changi Hospital', 'respiratory problem')
insert into visit values ('S7116348U', '2007-08-11', 'Changi Hospital', 'cough')
insert into visit values ('S8147301P', '2006-06-09', 'Changi Hospital', 'backache')
insert into visit values ('S7177693J', '2008-11-13', 'Changi Hospital', 'heart problem')
insert into visit values ('S7119368D', '2009-05-13', 'Changi Hospital', 'fever')
insert into visit values ('S7191870T', '2007-11-06', 'Changi Hospital', 'fever')
insert into visit values ('S7147166L', '2007-07-06', 'Changi Hospital', 'respiratory problem')
insert into visit values ('S8182733I', '2008-11-17', 'Changi Hospital', 'heart problem')
insert into visit values ('S8160317S', '2007-09-19', 'Changi Hospital', 'cough')
insert into visit values ('S7133733K', '2008-09-14', 'Changi Hospital', 'respiratory problem')
insert into visit values ('S7184960W', '2008-07-13', 'Changi Hospital', 'heart problem')
insert into visit values ('S8130760C', '2007-03-01', 'Changi Hospital', 'heart problem')
insert into visit values ('S7155385R', '2008-08-14', 'Changi Hospital', 'respiratory problem')
insert into visit values ('S6158442G', '2007-08-16', 'Changi Hospital', 'sore throat')
insert into visit values ('S8149655C', '2008-07-13', 'Changi Hospital', 'backache')
insert into visit values ('S8119682J', '2009-02-16', 'Changi Hospital', 'fever')
insert into visit values ('S6134892W', '2007-04-12', 'Changi Hospital', 'cough')
insert into visit values ('S7288332W', '2008-06-04', 'Changi Hospital', 'fever')
insert into visit values ('S6261208D', '2008-05-15', 'Changi Hospital', 'heart problem')
insert into visit values ('S8279241Q', '2007-07-05', 'Changi Hospital', 'stomach problem')
insert into visit values ('S6250677R', '2008-11-18', 'Changi Hospital', 'backache')
insert into visit values ('S7263205J', '2007-05-15', 'Changi Hospital', 'backache')
insert into visit values ('S8247962J', '2007-10-03', 'Changi Hospital', 'fever')
insert into visit values ('S7230327W', '2008-11-06', 'Changi Hospital', 'sore throat')
insert into visit values ('S6281785C', '2008-10-09', 'Changi Hospital', 'heart problem')
insert into visit values ('S7276140N', '2007-03-14', 'Changi Hospital', 'heart problem')
insert into visit values ('S7260523K', '2009-02-07', 'Changi Hospital', 'stomach problem')
insert into visit values ('S7289176J', '2006-08-12', 'Changi Hospital', 'cough')
insert into visit values ('S8219836C', '2008-03-02', 'Changi Hospital', 'fever')
insert into visit values ('S7240986W', '2009-05-10', 'Changi Hospital', 'fever')
insert into visit values ('S7213940X', '2007-10-17', 'Changi Hospital', 'cephalalgia')
insert into visit values ('S7253790O', '2008-12-02', 'Changi Hospital', 'heart problem')
insert into visit values ('S7253525O', '2006-05-16', 'Changi Hospital', 'stomach problem')
insert into visit values ('S6233943S', '2007-02-11', 'Changi Hospital', 'cough')
insert into visit values ('S7242123P', '2009-03-09', 'Changi Hospital', 'stomach problem')
insert into visit values ('S7228993Y', '2008-08-03', 'Changi Hospital', 'cough')
insert into visit values ('S7297575Y', '2007-02-08', 'Changi Hospital', 'sore throat')
insert into visit values ('S6235763W', '2006-11-18', 'Changi Hospital', 'cephalalgia')
insert into visit values ('S7272686C', '2008-04-08', 'Changi Hospital', 'backache')
insert into visit values ('S6219791Q', '2009-03-12', 'Changi Hospital', 'backache')
insert into visit values ('S8213344J', '2007-04-14', 'Changi Hospital', 'respiratory problem')
insert into visit values ('S6234381F', '2009-06-09', 'Changi Hospital', 'heart problem')
insert into visit values ('S7392558Y', '2008-06-16', 'Changi Hospital', 'cough')
insert into visit values ('S8369441B', '2006-08-13', 'Changi Hospital', 'sore throat')
insert into visit values ('S8319980T', '2007-06-04', 'Changi Hospital', 'respiratory problem')
insert into visit values ('S7383537J', '2008-11-10', 'Changi Hospital', 'cough')
insert into visit values ('S8355955C', '2007-02-18', 'Changi Hospital', 'respiratory problem')
insert into visit values ('S6349637P', '2006-07-07', 'Changi Hospital', 'cephalalgia')
insert into visit values ('S7338231D', '2007-06-10', 'Changi Hospital', 'stomach problem')
insert into visit values ('S7310439O', '2009-01-19', 'Changi Hospital', 'heart problem')
insert into visit values ('S8392642P', '2006-11-06', 'Changi Hospital', 'sore throat')
insert into visit values ('S7331672L', '2006-01-04', 'Changi Hospital', 'cough')
insert into visit values ('S8351942H', '2008-07-04', 'Changi Hospital', 'cough')
insert into visit values ('S7354606Y', '2008-03-15', 'Changi Hospital', 'sore throat')
insert into visit values ('S8361271J', '2007-09-20', 'Changi Hospital', 'stomach problem')
insert into visit values ('S7320819C', '2007-07-10', 'Changi Hospital', 'backache')
insert into visit values ('S6378359N', '2008-10-03', 'Changi Hospital', 'sore throat')
insert into visit values ('S6350699W', '2007-01-12', 'Changi Hospital', 'respiratory problem')
insert into visit values ('S7362906X', '2006-05-14', 'Changi Hospital', 'stomach problem')
insert into visit values ('S7326905H', '2007-10-07', 'Changi Hospital', 'cough')
insert into visit values ('S8377185W', '2007-12-14', 'Changi Hospital', 'sore throat')
insert into visit values ('S8389194H', '2007-07-13', 'Changi Hospital', 'backache')
insert into visit values ('S6370323W', '2007-06-08', 'Changi Hospital', 'cough')
insert into visit values ('S7326707M', '2008-08-03', 'Changi Hospital', 'sore throat')
insert into visit values ('S7362723X', '2008-12-20', 'Changi Hospital', 'backache')
insert into visit values ('S6385409V', '2006-08-03', 'Changi Hospital', 'respiratory problem')
insert into visit values ('S7333125G', '2006-09-08', 'Changi Hospital', 'fever')
insert into visit values ('S7365521K', '2008-12-12', 'Changi Hospital', 'fever')
insert into visit values ('S6325866S', '2007-05-14', 'Changi Hospital', 'respiratory problem')
insert into visit values ('S7471870P', '2008-10-15', 'Changi Hospital', 'respiratory problem')
insert into visit values ('S7496433Y', '2008-09-15', 'Changi Hospital', 'sore throat')
insert into visit values ('S8427826Q', '2007-10-14', 'Changi Hospital', 'cough')
insert into visit values ('S7433649V', '2007-09-10', 'Changi Hospital', 'fever')
insert into visit values ('S6488339F', '2007-11-14', 'Changi Hospital', 'fever')
insert into visit values ('S6417545J', '2008-03-07', 'Changi Hospital', 'backache')
insert into visit values ('S6455822L', '2008-05-17', 'Changi Hospital', 'cephalalgia')
insert into visit values ('S8432309F', '2007-03-11', 'Changi Hospital', 'heart problem')
insert into visit values ('S7497115X', '2008-03-15', 'Changi Hospital', 'fever')
insert into visit values ('S6443286K', '2009-01-05', 'Changi Hospital', 'backache')
insert into visit values ('S8482200U', '2007-03-18', 'Changi Hospital', 'backache')
insert into visit values ('S6435109C', '2009-02-10', 'Changi Hospital', 'fever')
insert into visit values ('S8434234P', '2008-02-15', 'Changi Hospital', 'backache')
insert into visit values ('S6434983X', '2008-08-07', 'Changi Hospital', 'heart problem')
insert into visit values ('S7464724D', '2008-04-16', 'Changi Hospital', 'backache')
insert into visit values ('S7474861N', '2007-01-18', 'Changi Hospital', 'stomach problem')
insert into visit values ('S7494992O', '2008-05-15', 'Changi Hospital', 'stomach problem')
insert into visit values ('S6490481O', '2007-03-09', 'Changi Hospital', 'respiratory problem')
insert into visit values ('S7493178S', '2007-07-15', 'Changi Hospital', 'cough')
insert into visit values ('S7446559T', '2009-08-20', 'Changi Hospital', 'cephalalgia')
insert into visit values ('S8598945G', '2008-07-16', 'Changi Hospital', 'cough')
insert into visit values ('S7520650N', '2007-06-08', 'Changi Hospital', 'sore throat')
insert into visit values ('S8543439S', '2007-08-19', 'Changi Hospital', 'cough')
insert into visit values ('S7574377Z', '2006-04-03', 'Changi Hospital', 'sore throat')
insert into visit values ('S6515943D', '2007-05-17', 'Changi Hospital', 'heart problem')
insert into visit values ('S7598581W', '2007-05-17', 'Changi Hospital', 'cough')
insert into visit values ('S6575775X', '2006-08-06', 'Changi Hospital', 'heart problem')
insert into visit values ('S7577410L', '2009-01-09', 'Changi Hospital', 'stomach problem')
insert into visit values ('S7581457V', '2009-04-12', 'Changi Hospital', 'heart problem')
insert into visit values ('S6517161C', '2009-05-15', 'Changi Hospital', 'heart problem')
insert into visit values ('S7523404L', '2006-10-11', 'Changi Hospital', 'backache')
insert into visit values ('S7530927F', '2008-04-11', 'Changi Hospital', 'stomach problem')
insert into visit values ('S6580142I', '2007-07-13', 'Changi Hospital', 'respiratory problem')
insert into visit values ('S7531940C', '2006-11-20', 'Changi Hospital', 'backache')
insert into visit values ('S7578727Y', '2006-07-20', 'Changi Hospital', 'heart problem')
insert into visit values ('S7532421E', '2009-04-04', 'Changi Hospital', 'fever')
insert into visit values ('S7581120N', '2006-10-02', 'Changi Hospital', 'stomach problem')
insert into visit values ('S7534691I', '2007-05-08', 'Changi Hospital', 'respiratory problem')
insert into visit values ('S7532397P', '2009-05-18', 'Changi Hospital', 'heart problem')
insert into visit values ('S8549512T', '2007-11-19', 'Changi Hospital', 'backache')
insert into visit values ('S7568206R', '2009-05-06', 'Changi Hospital', 'fever')
insert into visit values ('S7659795O', '2009-06-07', 'Changi Hospital', 'backache')
insert into visit values ('S7672355Q', '2008-08-16', 'Changi Hospital', 'fever')
insert into visit values ('S6634673M', '2009-02-07', 'Changi Hospital', 'backache')
insert into visit values ('S7644574L', '2009-04-12', 'Changi Hospital', 'stomach problem')
insert into visit values ('S7686914H', '2008-10-02', 'Changi Hospital', 'stomach problem')
insert into visit values ('S7668441Q', '2008-03-08', 'Changi Hospital', 'backache')
insert into visit values ('S7670329Y', '2006-02-17', 'Changi Hospital', 'stomach problem')
insert into visit values ('S6684206B', '2006-07-08', 'Changi Hospital', 'stomach problem')
insert into visit values ('S7692737G', '2006-04-16', 'Changi Hospital', 'stomach problem')
insert into visit values ('S8674748N', '2007-02-09', 'Changi Hospital', 'sore throat')
insert into visit values ('S7696118I', '2009-01-03', 'Changi Hospital', 'sore throat')
insert into visit values ('S8653574R', '2008-04-15', 'Changi Hospital', 'cephalalgia')
insert into visit values ('S7661586D', '2007-05-08', 'Changi Hospital', 'respiratory problem')
insert into visit values ('S8654266B', '2007-04-09', 'Changi Hospital', 'sore throat')
insert into visit values ('S6690853L', '2008-02-16', 'Changi Hospital', 'backache')
insert into visit values ('S7675251D', '2007-06-06', 'Changi Hospital', 'fever')

CREATE TABLE medical_test(patient_id varchar(30), test_name text, value text, test_date text)
insert into medical_test values ('S8284186E', 'heart rate', '71', '2007-09-10')
insert into medical_test values ('S8285084H', 'ABG', ' 7.48 pH', '2006-10-07')
insert into medical_test values ('S8183261F', 'TIBC', '410 mcg/dl', '2007-07-15')
insert into medical_test values ('S7155820Z', 'MCH', '29 pg', '2007-04-02')
insert into medical_test values ('S6162146S', 'MCV', '99 fl', '2006-10-04')
insert into medical_test values ('S7124293O', 'RDW', '11.9%', '2008-08-17')
insert into medical_test values ('S8147848G', 'ABG', ' 7.48 pH', '2009-05-10')
insert into medical_test values ('S7116348U', 'ABG', '7.25 pH', '2007-08-11')
insert into medical_test values ('S8147301P', 'heart rate', '69', '2006-06-09')
insert into medical_test values ('S7177693J', 'heart rate', '63', '2008-11-13')
insert into medical_test values ('S7119368D', 'ABG', '7.25 pH', '2009-05-13')
insert into medical_test values ('S7191870T', 'heart rate', '71', '2007-11-06')
insert into medical_test values ('S7147166L', 'TIBC', '400 mcg/dl', '2007-07-06')
insert into medical_test values ('S8182733I', 'MCV', '99 fl', '2008-11-17')
insert into medical_test values ('S8160317S', 'TIBC', '290 mcg/dl', '2007-09-19')
insert into medical_test values ('S7133733K', 'MCHC', '37 g/dl', '2008-09-14')
insert into medical_test values ('S7184960W', 'ABG', ' 7.37 pH', '2008-07-13')
insert into medical_test values ('S8130760C', 'TIBC', '450 mcg/dl', '2007-03-01')
insert into medical_test values ('S7155385R', 'heart rate', '56', '2008-08-14')
insert into medical_test values ('S6158442G', 'MCH', '29 pg', '2007-08-16')
insert into medical_test values ('S8149655C', 'MCV', '82 fl', '2008-07-13')
insert into medical_test values ('S8119682J', 'MCV', '85 fl', '2009-02-16')
insert into medical_test values ('S6134892W', 'RDW', '11.9%', '2007-04-12')
insert into medical_test values ('S7288332W', 'heart rate', '69', '2008-06-04')
insert into medical_test values ('S6261208D', 'ABG', ' 7.48 pH', '2008-05-15')
insert into medical_test values ('S8279241Q', 'heart rate', '56', '2007-07-05')
insert into medical_test values ('S6250677R', 'RDW', '11.5%', '2008-11-18')
insert into medical_test values ('S7263205J', 'TIBC', '240 mcg/dl', '2007-05-15')
insert into medical_test values ('S8247962J', 'MCV', '99 fl', '2007-10-03')
insert into medical_test values ('S7230327W', 'ABG', '7.25 pH', '2008-11-06')
insert into medical_test values ('S6281785C', 'RDW', '13.6%', '2008-10-09')
insert into medical_test values ('S7276140N', 'MCV', '85 fl', '2007-03-14')
insert into medical_test values ('S7260523K', 'TIBC', '320 mcg/dl', '2009-02-07')
insert into medical_test values ('S7289176J', 'MCH', '26 pg', '2006-08-12')
insert into medical_test values ('S8219836C', 'MCH', '29 pg', '2008-03-02')
insert into medical_test values ('S7240986W', 'RDW', '13.6%', '2009-05-10')
insert into medical_test values ('S7213940X', 'MCV', '85 fl', '2007-10-17')
insert into medical_test values ('S7253790O', 'RDW', '13.6%', '2008-12-02')
insert into medical_test values ('S7253525O', 'RDW', '14.5%', '2006-05-16')
insert into medical_test values ('S6233943S', 'MCV', '89 fl', '2007-02-11')
insert into medical_test values ('S7242123P', 'ABG', ' 7.41 pH', '2009-03-09')
insert into medical_test values ('S7228993Y', 'MCH', '29 pg', '2008-08-03')
insert into medical_test values ('S7297575Y', 'MCV', '89 fl', '2007-02-08')
insert into medical_test values ('S6235763W', 'MCV', '85 fl', '2006-11-18')
insert into medical_test values ('S7272686C', 'heart rate', '69', '2008-04-08')
insert into medical_test values ('S6219791Q', 'RDW', '11.9%', '2009-03-12')
insert into medical_test values ('S8213344J', 'MCH', '26 pg', '2007-04-14')
insert into medical_test values ('S6234381F', 'RDW', '13.6%', '2009-06-09')
insert into medical_test values ('S7392558Y', 'MCHC', '37 g/dl', '2008-06-16')
insert into medical_test values ('S8369441B', 'ABG', '7.13 pH', '2006-08-13')
insert into medical_test values ('S8319980T', 'ABG', ' 7.37 pH', '2007-06-04')
insert into medical_test values ('S7383537J', 'ABG', '7.13 pH', '2008-11-10')
insert into medical_test values ('S8355955C', 'MCV', '85 fl', '2007-02-18')
insert into medical_test values ('S6349637P', 'RDW', '13.6%', '2006-07-07')
insert into medical_test values ('S7338231D', 'ABG', ' 7.48 pH', '2007-06-10')
insert into medical_test values ('S7310439O', 'heart rate', '71', '2009-01-19')
insert into medical_test values ('S8392642P', 'MCV', '85 fl', '2006-11-06')
insert into medical_test values ('S7331672L', 'ABG', '7.25 pH', '2006-01-04')
insert into medical_test values ('S8351942H', 'heart rate', '56', '2008-07-04')
insert into medical_test values ('S7354606Y', 'MCV', '89 fl', '2008-03-15')
insert into medical_test values ('S8361271J', 'RDW', '13.6%', '2007-09-20')
insert into medical_test values ('S7320819C', 'MCH', '26 pg', '2007-07-10')
insert into medical_test values ('S6378359N', 'RDW', '11.5%', '2008-10-03')
insert into medical_test values ('S6350699W', 'MCV', '99 fl', '2007-01-12')
insert into medical_test values ('S7362906X', 'MCH', '29 pg', '2006-05-14')
insert into medical_test values ('S7326905H', 'MCH', '29 pg', '2007-10-07')
insert into medical_test values ('S8377185W', 'MCV', '89 fl', '2007-12-14')
insert into medical_test values ('S8389194H', 'MCV', '85 fl', '2007-07-13')
insert into medical_test values ('S6370323W', 'heart rate', '63', '2007-06-08')
insert into medical_test values ('S7326707M', 'heart rate', '69', '2008-08-03')
insert into medical_test values ('S7362723X', 'RDW', '14.5%', '2008-12-20')
insert into medical_test values ('S6385409V', 'MCV', '85 fl', '2006-08-03')
insert into medical_test values ('S7333125G', 'heart rate', '69', '2006-09-08')
insert into medical_test values ('S7365521K', 'MCH', '34 pg', '2008-12-12')
insert into medical_test values ('S6325866S', 'MCV', '82 fl', '2007-05-14')
insert into medical_test values ('S7471870P', 'heart rate', '51', '2008-10-15')
insert into medical_test values ('S7496433Y', 'TIBC', '450 mcg/dl', '2008-09-15')
insert into medical_test values ('S8427826Q', 'ABG', ' 7.41 pH', '2007-10-14')
insert into medical_test values ('S7433649V', 'MCV', '85 fl', '2007-09-10')
insert into medical_test values ('S6488339F', 'MCV', '99 fl', '2007-11-14')
insert into medical_test values ('S6417545J', 'MCHC', '37 g/dl', '2008-03-07')
insert into medical_test values ('S6455822L', 'RDW', '13.6%', '2008-05-17')
insert into medical_test values ('S8432309F', 'TIBC', '410 mcg/dl', '2007-03-11')
insert into medical_test values ('S7497115X', 'TIBC', '410 mcg/dl', '2008-03-15')
insert into medical_test values ('S6443286K', 'RDW', '13.6%', '2009-01-05')
insert into medical_test values ('S8482200U', 'RDW', '13.6%', '2007-03-18')
insert into medical_test values ('S6435109C', 'MCHC', '31 g/dl', '2009-02-10')
insert into medical_test values ('S8434234P', 'RDW', '14.5%', '2008-02-15')
insert into medical_test values ('S6434983X', 'heart rate', '69', '2008-08-07')
insert into medical_test values ('S7464724D', 'RDW', '13.6%', '2008-04-16')
insert into medical_test values ('S7474861N', 'heart rate', '71', '2007-01-18')
insert into medical_test values ('S7494992O', 'ABG', ' 7.48 pH', '2008-05-15')
insert into medical_test values ('S6490481O', 'MCH', '29 pg', '2007-03-09')
insert into medical_test values ('S7493178S', 'RDW', '11.9%', '2007-07-15')
insert into medical_test values ('S7446559T', 'TIBC', '400 mcg/dl', '2009-08-20')
insert into medical_test values ('S8598945G', 'MCH', '31 pg', '2008-07-16')
insert into medical_test values ('S7520650N', 'TIBC', '410 mcg/dl', '2007-06-08')
insert into medical_test values ('S8543439S', 'MCV', '82 fl', '2007-08-19')
insert into medical_test values ('S7574377Z', 'TIBC', '400 mcg/dl', '2006-04-03')
insert into medical_test values ('S6515943D', 'TIBC', '400 mcg/dl', '2007-05-17')
insert into medical_test values ('S7598581W', 'MCV', '85 fl', '2007-05-17')
insert into medical_test values ('S6575775X', 'MCHC', '37 g/dl', '2006-08-06')
insert into medical_test values ('S7577410L', 'ABG', ' 7.41 pH', '2009-01-09')
insert into medical_test values ('S7581457V', 'TIBC', '290 mcg/dl', '2009-04-12')
insert into medical_test values ('S6517161C', 'MCV', '85 fl', '2009-05-15')
insert into medical_test values ('S7523404L', 'ABG', ' 7.37 pH', '2006-10-11')
insert into medical_test values ('S7530927F', 'TIBC', '400 mcg/dl', '2008-04-11')
insert into medical_test values ('S6580142I', 'RDW', '11.5%', '2007-07-13')
insert into medical_test values ('S7531940C', 'ABG', '7.25 pH', '2006-11-20')
insert into medical_test values ('S7578727Y', 'MCHC', '37 g/dl', '2006-07-20')
insert into medical_test values ('S7532421E', 'MCV', '89 fl', '2009-04-04')
insert into medical_test values ('S7581120N', 'RDW', '13.6%', '2006-10-02')
insert into medical_test values ('S7534691I', 'MCH', '31 pg', '2007-05-08')
insert into medical_test values ('S7532397P', 'ABG', '7.13 pH', '2009-05-18')
insert into medical_test values ('S8549512T', 'MCHC', '35 g/dl', '2007-11-19')
insert into medical_test values ('S7568206R', 'heart rate', '69', '2009-05-06')
insert into medical_test values ('S7659795O', 'ABG', ' 7.48 pH', '2009-06-07')
insert into medical_test values ('S7672355Q', 'heart rate', '63', '2008-08-16')
insert into medical_test values ('S6634673M', 'heart rate', '69', '2009-02-07')
insert into medical_test values ('S7644574L', 'MCHC', '31 g/dl', '2009-04-12')
insert into medical_test values ('S7686914H', 'TIBC', '400 mcg/dl', '2008-10-02')
insert into medical_test values ('S7668441Q', 'MCV', '89 fl', '2008-03-08')
insert into medical_test values ('S7670329Y', 'heart rate', '63', '2006-02-17')
insert into medical_test values ('S6684206B', 'ABG', ' 7.48 pH', '2006-07-08')
insert into medical_test values ('S7692737G', 'ABG', ' 7.41 pH', '2006-04-16')
insert into medical_test values ('S8674748N', 'TIBC', '290 mcg/dl', '2007-02-09')
insert into medical_test values ('S7696118I', 'RDW', '14.5%', '2009-01-03')
insert into medical_test values ('S8653574R', 'MCH', '34 pg', '2008-04-15')
insert into medical_test values ('S7661586D', 'MCH', '34 pg', '2007-05-08')
insert into medical_test values ('S8654266B', 'RDW', '14.5%', '2007-04-09')
insert into medical_test values ('S6690853L', 'MCV', '99 fl', '2008-02-16')
insert into medical_test values ('S7675251D', 'ABG', ' 7.41 pH', '2007-06-06')
insert into medical_test values ('S6578786Y', 'H1N1 flu', 'positive', '2009-07-12')
insert into medical_test values ('S6366512J', 'H1N1 flu', 'positive', '2009-07-18')
insert into medical_test values ('S7157409I', 'H1N1 flu', 'positive', '2009-07-07')
insert into medical_test values ('S8237298R', 'H1N1 flu', 'positive', '2009-07-12')
insert into medical_test values ('S8269253W', 'H1N1 flu', 'positive', '2009-07-09')
insert into medical_test values ('S7114290C', 'H1N1 flu', 'positive', '2009-07-25')
insert into medical_test values ('S6538538C', 'H1N1 flu', 'positive', '2009-07-08')
insert into medical_test values ('S6441676U', 'dengue', 'positive', '2009-07-26')
insert into medical_test values ('S8212468Z', 'dengue', 'positive', '2009-07-11')
insert into medical_test values ('S7439553U', 'dengue', 'positive', '2009-07-18')
insert into medical_test values ('S8247962J', 'dengue', 'positive', '2009-07-22')
insert into medical_test values ('S8121181E', 'dengue', 'positive', '2009-07-13')
insert into medical_test values ('S7124293O', 'dengue', 'positive', '2009-07-16')
insert into medical_test values ('S7446126Y', 'dengue', 'positive', '2009-07-17')

CREATE TABLE allergy(patient_id varchar(30), allergy_name text)
insert into allergy values ('S8284186E', 'Vancomcyn')
insert into allergy values ('S8285084H', 'Albumin')
insert into allergy values ('S8183261F', 'Vancomcyn')
insert into allergy values ('S7155820Z', 'Albumin')
insert into allergy values ('S6162146S', 'Androgens')
insert into allergy values ('S7124293O', 'Alumnium')
insert into allergy values ('S8147848G', 'Albumin')
insert into allergy values ('S7116348U', 'Vancomcyn')
insert into allergy values ('S8147301P', 'Benzyl Alcohol')
insert into allergy values ('S7177693J', 'Albumin')
insert into allergy values ('S7119368D', 'Vancomcyn')
insert into allergy values ('S7191870T', 'Celecoxib')
insert into allergy values ('S7147166L', 'Alumnium')
insert into allergy values ('S8182733I', 'Benzyl Alcohol')
insert into allergy values ('S8160317S', 'Alumnium')
insert into allergy values ('S7133733K', 'Androgens')
insert into allergy values ('S7184960W', 'Benzyl Alcohol')
insert into allergy values ('S8130760C', 'Alumnium')
insert into allergy values ('S7155385R', 'Alumnium')
insert into allergy values ('S6158442G', 'Benzyl Alcohol')
insert into allergy values ('S8149655C', 'Benzyl Alcohol')
insert into allergy values ('S8119682J', 'Albumin')
insert into allergy values ('S6134892W', 'Androgens')
insert into allergy values ('S7288332W', 'Alumnium')
insert into allergy values ('S6261208D', 'Vancomcyn')
insert into allergy values ('S8279241Q', 'Celecoxib')
insert into allergy values ('S6250677R', 'Benzyl Alcohol')
insert into allergy values ('S7263205J', 'Androgens')
insert into allergy values ('S8247962J', 'Alumnium')
insert into allergy values ('S7230327W', 'Albumin')
insert into allergy values ('S6281785C', 'Androgens')
insert into allergy values ('S7276140N', 'Benzyl Alcohol')
insert into allergy values ('S7260523K', 'Albumin')
insert into allergy values ('S7289176J', 'Androgens')
insert into allergy values ('S8219836C', 'Alumnium')
insert into allergy values ('S7240986W', 'Benzyl Alcohol')
insert into allergy values ('S7213940X', 'Benzyl Alcohol')
insert into allergy values ('S7253790O', 'Androgens')
insert into allergy values ('S7253525O', 'Benzyl Alcohol')
insert into allergy values ('S6233943S', 'Alumnium')
insert into allergy values ('S7242123P', 'Androgens')
insert into allergy values ('S7228993Y', 'Androgens')
insert into allergy values ('S7297575Y', 'Vancomcyn')
insert into allergy values ('S6235763W', 'Alumnium')
insert into allergy values ('S7272686C', 'Benzyl Alcohol')
insert into allergy values ('S6219791Q', 'Benzyl Alcohol')
insert into allergy values ('S8213344J', 'Alumnium')
insert into allergy values ('S6234381F', 'Benzyl Alcohol')
insert into allergy values ('S7392558Y', 'Benzyl Alcohol')
insert into allergy values ('S8369441B', 'Vancomcyn')
insert into allergy values ('S8319980T', 'Benzyl Alcohol')
insert into allergy values ('S7383537J', 'Androgens')
insert into allergy values ('S8355955C', 'Alumnium')
insert into allergy values ('S6349637P', 'Celecoxib')
insert into allergy values ('S7338231D', 'Alumnium')
insert into allergy values ('S7310439O', 'Albumin')
insert into allergy values ('S8392642P', 'Celecoxib')
insert into allergy values ('S7331672L', 'Androgens')
insert into allergy values ('S8351942H', 'Celecoxib')
insert into allergy values ('S7354606Y', 'Celecoxib')
insert into allergy values ('S8361271J', 'Benzyl Alcohol')
insert into allergy values ('S7320819C', 'Celecoxib')
insert into allergy values ('S6378359N', 'Albumin')
insert into allergy values ('S6350699W', 'Androgens')
insert into allergy values ('S7362906X', 'Vancomcyn')
insert into allergy values ('S7326905H', 'Androgens')
insert into allergy values ('S8377185W', 'Androgens')
insert into allergy values ('S8389194H', 'Albumin')
insert into allergy values ('S6370323W', 'Albumin')
insert into allergy values ('S7326707M', 'Benzyl Alcohol')
insert into allergy values ('S7362723X', 'Alumnium')
insert into allergy values ('S6385409V', 'Vancomcyn')
insert into allergy values ('S7333125G', 'Androgens')
insert into allergy values ('S7365521K', 'Androgens')
insert into allergy values ('S6325866S', 'Androgens')
insert into allergy values ('S7471870P', 'Androgens')
insert into allergy values ('S7496433Y', 'Albumin')
insert into allergy values ('S8427826Q', 'Benzyl Alcohol')
insert into allergy values ('S7433649V', 'Alumnium')
insert into allergy values ('S6488339F', 'Albumin')
insert into allergy values ('S6417545J', 'Alumnium')
insert into allergy values ('S6455822L', 'Albumin')
insert into allergy values ('S8432309F', 'Alumnium')
insert into allergy values ('S7497115X', 'Vancomcyn')
insert into allergy values ('S6443286K', 'Benzyl Alcohol')
insert into allergy values ('S8482200U', 'Alumnium')
insert into allergy values ('S6435109C', 'Androgens')
insert into allergy values ('S8434234P', 'Albumin')
insert into allergy values ('S6434983X', 'Alumnium')
insert into allergy values ('S7464724D', 'Benzyl Alcohol')
insert into allergy values ('S7474861N', 'Androgens')
insert into allergy values ('S7494992O', 'Celecoxib')
insert into allergy values ('S6490481O', 'Albumin')
insert into allergy values ('S7493178S', 'Alumnium')
insert into allergy values ('S7446559T', 'Celecoxib')
insert into allergy values ('S8598945G', 'Alumnium')
insert into allergy values ('S7520650N', 'Alumnium')
insert into allergy values ('S8543439S', 'Alumnium')
insert into allergy values ('S7574377Z', 'Celecoxib')
insert into allergy values ('S6515943D', 'Benzyl Alcohol')
insert into allergy values ('S7598581W', 'Alumnium')
insert into allergy values ('S6575775X', 'Benzyl Alcohol')
insert into allergy values ('S7577410L', 'Albumin')
insert into allergy values ('S7581457V', 'Alumnium')
insert into allergy values ('S6517161C', 'Androgens')
insert into allergy values ('S7523404L', 'Alumnium')
insert into allergy values ('S7530927F', 'Benzyl Alcohol')
insert into allergy values ('S6580142I', 'Androgens')
insert into allergy values ('S7531940C', 'Benzyl Alcohol')
insert into allergy values ('S7578727Y', 'Alumnium')
insert into allergy values ('S7532421E', 'Benzyl Alcohol')
insert into allergy values ('S7581120N', 'Benzyl Alcohol')
insert into allergy values ('S7534691I', 'Androgens')
insert into allergy values ('S7532397P', 'Androgens')
insert into allergy values ('S8549512T', 'Celecoxib')
insert into allergy values ('S7568206R', 'Albumin')
insert into allergy values ('S7659795O', 'Albumin')
insert into allergy values ('S7672355Q', 'Alumnium')
insert into allergy values ('S6634673M', 'Vancomcyn')
insert into allergy values ('S7644574L', 'Benzyl Alcohol')
insert into allergy values ('S7686914H', 'Vancomcyn')
insert into allergy values ('S7668441Q', 'Albumin')
insert into allergy values ('S7670329Y', 'Benzyl Alcohol')
insert into allergy values ('S6684206B', 'Alumnium')
insert into allergy values ('S7692737G', 'Albumin')
insert into allergy values ('S8674748N', 'Benzyl Alcohol')
insert into allergy values ('S7696118I', 'Vancomcyn')
insert into allergy values ('S8653574R', 'Vancomcyn')
insert into allergy values ('S7661586D', 'Androgens')
insert into allergy values ('S8654266B', 'Androgens')
insert into allergy values ('S6690853L', 'Benzyl Alcohol')
insert into allergy values ('S7675251D', 'Androgens')

CREATE TABLE medication(patient_id varchar(30), medicine text, dosage text, start_date text, end_date text)
insert into medication values ('S8284186E', 'Ibufprofen 400mg', 'three times a day', '2007-09-10', '2007-09-17')
insert into medication values ('S8285084H', 'Azythromycine 500mg', 'once a day, 1 injectable solution intravenously', '2006-10-07', '2006-10-14')
insert into medication values ('S8183261F', 'Amiodarone 20mg', 'once a day, 1 tablet by mouth', '2007-07-15', '2007-07-20')
insert into medication values ('S7155820Z', 'Simvastatin 40mg', 'once a day, at night', '2007-04-02', '2007-04-09')
insert into medication values ('S6162146S', 'Ibufprofen 400mg', 'three times a day', '2006-10-04', '2006-10-08')
insert into medication values ('S7124293O', 'Azythromycine 500mg', 'once a day, 1 injectable solution intravenously', '2008-08-17', '2008-08-22')
insert into medication values ('S8147848G', 'Ibufprofen 400mg', 'three times a day', '2009-05-10', '2009-05-16')
insert into medication values ('S7116348U', 'Amiodarone 20mg', 'once a day, 1 tablet by mouth', '2007-08-11', '2007-08-18')
insert into medication values ('S8147301P', 'Amiodarone 20mg', 'once a day, 1 tablet by mouth', '2006-06-09', '2006-06-16')
insert into medication values ('S7177693J', 'Simvastatin 40mg', 'once a day, at night', '2008-11-13', '2008-11-19')
insert into medication values ('S7119368D', 'Amiodarone 20mg', 'once a day, 1 tablet by mouth', '2009-05-13', '2009-05-18')
insert into medication values ('S7191870T', 'Ibufprofen 400mg', 'three times a day', '2007-11-06', '2007-11-10')
insert into medication values ('S7147166L', 'Ibufprofen 400mg', 'three times a day', '2007-07-06', '2007-07-10')
insert into medication values ('S8182733I', 'Lactulose 10mg', 'two times a day, 5ml by mouth', '2008-11-17', '2008-11-22')
insert into medication values ('S8160317S', 'Lactulose 10mg', 'two times a day, 5ml by mouth', '2007-09-19', '2007-09-25')
insert into medication values ('S7133733K', 'Lactulose 10mg', 'two times a day, 5ml by mouth', '2008-09-14', '2008-09-19')
insert into medication values ('S7184960W', 'Lactulose 10mg', 'two times a day, 5ml by mouth', '2008-07-13', '2008-07-18')
insert into medication values ('S8130760C', 'Ceftin 500mg', 'three times a day, 1 tablet by mouth', '2007-03-01', '2007-03-06')
insert into medication values ('S7155385R', 'Amiodarone 20mg', 'once a day, 1 tablet by mouth', '2008-08-14', '2008-08-19')
insert into medication values ('S6158442G', 'Ceftriaxone 1g', 'once a day, 1 injectable solution intravenously', '2007-08-16', '2007-08-23')
insert into medication values ('S8149655C', 'Simvastatin 40mg', 'once a day, at night', '2008-07-13', '2008-07-19')
insert into medication values ('S8119682J', 'Ceftriaxone 1g', 'once a day, 1 injectable solution intravenously', '2009-02-16', '2009-02-20')
insert into medication values ('S6134892W', 'Ceftin 500mg', 'three times a day, 1 tablet by mouth', '2007-04-12', '2007-04-18')
insert into medication values ('S7288332W', 'Simvastatin 40mg', 'once a day, at night', '2008-06-04', '2008-06-10')
insert into medication values ('S6261208D', 'Lactulose 10mg', 'two times a day, 5ml by mouth', '2008-05-15', '2008-05-19')
insert into medication values ('S8279241Q', 'Lactulose 10mg', 'two times a day, 5ml by mouth', '2007-07-05', '2007-07-09')
insert into medication values ('S6250677R', 'Ceftin 500mg', 'three times a day, 1 tablet by mouth', '2008-11-18', '2008-11-24')
insert into medication values ('S7263205J', 'Lactulose 10mg', 'two times a day, 5ml by mouth', '2007-05-15', '2007-05-22')
insert into medication values ('S8247962J', 'Lipitor 20mg', 'once a day, at night', '2007-10-03', '2007-10-10')
insert into medication values ('S7230327W', 'Simvastatin 40mg', 'once a day, at night', '2008-11-06', '2008-11-13')
insert into medication values ('S6281785C', 'Lipitor 20mg', 'once a day, at night', '2008-10-09', '2008-10-15')
insert into medication values ('S7276140N', 'Lactulose 10mg', 'two times a day, 5ml by mouth', '2007-03-14', '2007-03-21')
insert into medication values ('S7260523K', 'Ibufprofen 400mg', 'three times a day', '2009-02-07', '2009-02-13')
insert into medication values ('S7289176J', 'Ceftriaxone 1g', 'once a day, 1 injectable solution intravenously', '2006-08-12', '2006-08-20')
insert into medication values ('S8219836C', 'Ibufprofen 400mg', 'three times a day', '2008-03-02', '2008-03-06')
insert into medication values ('S7240986W', 'Ibufprofen 400mg', 'three times a day', '2009-05-10', '2009-05-17')
insert into medication values ('S7213940X', 'Simvastatin 40mg', 'once a day, at night', '2007-10-17', '2007-10-24')
insert into medication values ('S7253790O', 'Lactulose 10mg', 'two times a day, 5ml by mouth', '2008-12-02', '2008-12-08')
insert into medication values ('S7253525O', 'Simvastatin 40mg', 'once a day, at night', '2006-05-16', '2006-05-23')
insert into medication values ('S6233943S', 'Lactulose 10mg', 'two times a day, 5ml by mouth', '2007-02-11', '2007-02-17')
insert into medication values ('S7242123P', 'Azythromycine 500mg', 'once a day, 1 injectable solution intravenously', '2009-03-09', '2009-03-14')
insert into medication values ('S7228993Y', 'Ibufprofen 400mg', 'three times a day', '2008-08-03', '2008-08-09')
insert into medication values ('S7297575Y', 'Ceftin 500mg', 'three times a day, 1 tablet by mouth', '2007-02-08', '2007-02-15')
insert into medication values ('S6235763W', 'Azythromycine 500mg', 'once a day, 1 injectable solution intravenously', '2006-11-18', '2006-11-24')
insert into medication values ('S7272686C', 'Ibufprofen 400mg', 'three times a day', '2008-04-08', '2008-04-12')
insert into medication values ('S6219791Q', 'Lactulose 10mg', 'two times a day, 5ml by mouth', '2009-03-12', '2009-03-16')
insert into medication values ('S8213344J', 'Azythromycine 500mg', 'once a day, 1 injectable solution intravenously', '2007-04-14', '2007-04-20')
insert into medication values ('S6234381F', 'Azythromycine 500mg', 'once a day, 1 injectable solution intravenously', '2009-06-09', '2009-06-13')
insert into medication values ('S7392558Y', 'Amiodarone 20mg', 'once a day, 1 tablet by mouth', '2008-06-16', '2008-06-24')
insert into medication values ('S8369441B', 'Azythromycine 500mg', 'once a day, 1 injectable solution intravenously', '2006-08-13', '2006-08-20')
insert into medication values ('S8319980T', 'Lipitor 20mg', 'once a day, at night', '2007-06-04', '2007-06-08')
insert into medication values ('S7383537J', 'Azythromycine 500mg', 'once a day, 1 injectable solution intravenously', '2008-11-10', '2008-11-18')
insert into medication values ('S8355955C', 'Ibufprofen 400mg', 'three times a day', '2007-02-18', '2007-02-24')
insert into medication values ('S6349637P', 'Simvastatin 40mg', 'once a day, at night', '2006-07-07', '2006-07-13')
insert into medication values ('S7338231D', 'Ibufprofen 400mg', 'three times a day', '2007-06-10', '2007-06-14')
insert into medication values ('S7310439O', 'Ceftin 500mg', 'three times a day, 1 tablet by mouth', '2009-01-19', '2009-01-24')
insert into medication values ('S8392642P', 'Lactulose 10mg', 'two times a day, 5ml by mouth', '2006-11-06', '2006-11-13')
insert into medication values ('S7331672L', 'Ibufprofen 400mg', 'three times a day', '2006-01-04', '2006-01-10')
insert into medication values ('S8351942H', 'Azythromycine 500mg', 'once a day, 1 injectable solution intravenously', '2008-07-04', '2008-07-11')
insert into medication values ('S7354606Y', 'Lactulose 10mg', 'two times a day, 5ml by mouth', '2008-03-15', '2008-03-22')
insert into medication values ('S8361271J', 'Amiodarone 20mg', 'once a day, 1 tablet by mouth', '2007-09-20', '2007-09-25')
insert into medication values ('S7320819C', 'Simvastatin 40mg', 'once a day, at night', '2007-07-10', '2007-07-17')
insert into medication values ('S6378359N', 'Ceftriaxone 1g', 'once a day, 1 injectable solution intravenously', '2008-10-03', '2008-10-09')
insert into medication values ('S6350699W', 'Azythromycine 500mg', 'once a day, 1 injectable solution intravenously', '2007-01-12', '2007-01-19')
insert into medication values ('S7362906X', 'Simvastatin 40mg', 'once a day, at night', '2006-05-14', '2006-05-19')
insert into medication values ('S7326905H', 'Amiodarone 20mg', 'once a day, 1 tablet by mouth', '2007-10-07', '2007-10-11')
insert into medication values ('S8377185W', 'Ceftin 500mg', 'three times a day, 1 tablet by mouth', '2007-12-14', '2007-12-20')
insert into medication values ('S8389194H', 'Lipitor 20mg', 'once a day, at night', '2007-07-13', '2007-07-21')
insert into medication values ('S6370323W', 'Azythromycine 500mg', 'once a day, 1 injectable solution intravenously', '2007-06-08', '2007-06-13')
insert into medication values ('S7326707M', 'Lipitor 20mg', 'once a day, at night', '2008-08-03', '2008-08-10')
insert into medication values ('S7362723X', 'Lactulose 10mg', 'two times a day, 5ml by mouth', '2008-12-20', '2008-12-24')
insert into medication values ('S6385409V', 'Simvastatin 40mg', 'once a day, at night', '2006-08-03', '2006-08-08')
insert into medication values ('S7333125G', 'Ibufprofen 400mg', 'three times a day', '2006-09-08', '2006-09-14')
insert into medication values ('S7365521K', 'Amiodarone 20mg', 'once a day, 1 tablet by mouth', '2008-12-12', '2008-12-16')
insert into medication values ('S6325866S', 'Amiodarone 20mg', 'once a day, 1 tablet by mouth', '2007-05-14', '2007-05-22')
insert into medication values ('S7471870P', 'Azythromycine 500mg', 'once a day, 1 injectable solution intravenously', '2008-10-15', '2008-10-22')
insert into medication values ('S7496433Y', 'Simvastatin 40mg', 'once a day, at night', '2008-09-15', '2008-09-21')
insert into medication values ('S8427826Q', 'Simvastatin 40mg', 'once a day, at night', '2007-10-14', '2007-10-20')
insert into medication values ('S7433649V', 'Ceftin 500mg', 'three times a day, 1 tablet by mouth', '2007-09-10', '2007-09-16')
insert into medication values ('S6488339F', 'Amiodarone 20mg', 'once a day, 1 tablet by mouth', '2007-11-14', '2007-11-22')
insert into medication values ('S6417545J', 'Ceftin 500mg', 'three times a day, 1 tablet by mouth', '2008-03-07', '2008-03-14')
insert into medication values ('S6455822L', 'Ibufprofen 400mg', 'three times a day', '2008-05-17', '2008-05-23')
insert into medication values ('S8432309F', 'Amiodarone 20mg', 'once a day, 1 tablet by mouth', '2007-03-11', '2007-03-16')
insert into medication values ('S7497115X', 'Ceftin 500mg', 'three times a day, 1 tablet by mouth', '2008-03-15', '2008-03-22')
insert into medication values ('S6443286K', 'Azythromycine 500mg', 'once a day, 1 injectable solution intravenously', '2009-01-05', '2009-01-09')
insert into medication values ('S8482200U', 'Amiodarone 20mg', 'once a day, 1 tablet by mouth', '2007-03-18', '2007-03-22')
insert into medication values ('S6435109C', 'Amiodarone 20mg', 'once a day, 1 tablet by mouth', '2009-02-10', '2009-02-15')
insert into medication values ('S8434234P', 'Azythromycine 500mg', 'once a day, 1 injectable solution intravenously', '2008-02-15', '2008-02-21')
insert into medication values ('S6434983X', 'Ibufprofen 400mg', 'three times a day', '2008-08-07', '2008-08-13')
insert into medication values ('S7464724D', 'Lipitor 20mg', 'once a day, at night', '2008-04-16', '2008-04-23')
insert into medication values ('S7474861N', 'Lipitor 20mg', 'once a day, at night', '2007-01-18', '2007-01-24')
insert into medication values ('S7494992O', 'Simvastatin 40mg', 'once a day, at night', '2008-05-15', '2008-05-22')
insert into medication values ('S6490481O', 'Lipitor 20mg', 'once a day, at night', '2007-03-09', '2007-03-14')
insert into medication values ('S7493178S', 'Lactulose 10mg', 'two times a day, 5ml by mouth', '2007-07-15', '2007-07-22')
insert into medication values ('S7446559T', 'Azythromycine 500mg', 'once a day, 1 injectable solution intravenously', '2009-08-20', '2009-08-25')
insert into medication values ('S8598945G', 'Simvastatin 40mg', 'once a day, at night', '2008-07-16', '2008-07-22')
insert into medication values ('S7520650N', 'Lactulose 10mg', 'two times a day, 5ml by mouth', '2007-06-08', '2007-06-13')
insert into medication values ('S8543439S', 'Ibufprofen 400mg', 'three times a day', '2007-08-19', '2007-08-24')
insert into medication values ('S7574377Z', 'Ceftriaxone 1g', 'once a day, 1 injectable solution intravenously', '2006-04-03', '2006-04-07')
insert into medication values ('S6515943D', 'Lactulose 10mg', 'two times a day, 5ml by mouth', '2007-05-17', '2007-05-24')
insert into medication values ('S7598581W', 'Simvastatin 40mg', 'once a day, at night', '2007-05-17', '2007-05-21')
insert into medication values ('S6575775X', 'Azythromycine 500mg', 'once a day, 1 injectable solution intravenously', '2006-08-06', '2006-08-14')
insert into medication values ('S7577410L', 'Azythromycine 500mg', 'once a day, 1 injectable solution intravenously', '2009-01-09', '2009-01-16')
insert into medication values ('S7581457V', 'Ceftin 500mg', 'three times a day, 1 tablet by mouth', '2009-04-12', '2009-04-16')
insert into medication values ('S6517161C', 'Ceftriaxone 1g', 'once a day, 1 injectable solution intravenously', '2009-05-15', '2009-05-21')
insert into medication values ('S7523404L', 'Simvastatin 40mg', 'once a day, at night', '2006-10-11', '2006-10-15')
insert into medication values ('S7530927F', 'Simvastatin 40mg', 'once a day, at night', '2008-04-11', '2008-04-17')
insert into medication values ('S6580142I', 'Simvastatin 40mg', 'once a day, at night', '2007-07-13', '2007-07-18')
insert into medication values ('S7531940C', 'Simvastatin 40mg', 'once a day, at night', '2006-11-20', '2006-11-25')
insert into medication values ('S7578727Y', 'Ceftriaxone 1g', 'once a day, 1 injectable solution intravenously', '2006-07-20', '2006-07-25')
insert into medication values ('S7532421E', 'Simvastatin 40mg', 'once a day, at night', '2009-04-04', '2009-04-10')
insert into medication values ('S7581120N', 'Simvastatin 40mg', 'once a day, at night', '2006-10-02', '2006-10-08')
insert into medication values ('S7534691I', 'Amiodarone 20mg', 'once a day, 1 tablet by mouth', '2007-05-08', '2007-05-12')
insert into medication values ('S7532397P', 'Simvastatin 40mg', 'once a day, at night', '2009-05-18', '2009-05-24')
insert into medication values ('S8549512T', 'Amiodarone 20mg', 'once a day, 1 tablet by mouth', '2007-11-19', '2007-11-25')
insert into medication values ('S7568206R', 'Simvastatin 40mg', 'once a day, at night', '2009-05-06', '2009-05-11')
insert into medication values ('S7659795O', 'Amiodarone 20mg', 'once a day, 1 tablet by mouth', '2009-06-07', '2009-06-14')
insert into medication values ('S7672355Q', 'Azythromycine 500mg', 'once a day, 1 injectable solution intravenously', '2008-08-16', '2008-08-21')
insert into medication values ('S6634673M', 'Amiodarone 20mg', 'once a day, 1 tablet by mouth', '2009-02-07', '2009-02-12')
insert into medication values ('S7644574L', 'Ceftriaxone 1g', 'once a day, 1 injectable solution intravenously', '2009-04-12', '2009-04-16')
insert into medication values ('S7686914H', 'Azythromycine 500mg', 'once a day, 1 injectable solution intravenously', '2008-10-02', '2008-10-10')
insert into medication values ('S7668441Q', 'Lactulose 10mg', 'two times a day, 5ml by mouth', '2008-03-08', '2008-03-14')
insert into medication values ('S7670329Y', 'Azythromycine 500mg', 'once a day, 1 injectable solution intravenously', '2006-02-17', '2006-02-23')
insert into medication values ('S6684206B', 'Lactulose 10mg', 'two times a day, 5ml by mouth', '2006-07-08', '2006-07-15')
insert into medication values ('S7692737G', 'Amiodarone 20mg', 'once a day, 1 tablet by mouth', '2006-04-16', '2006-04-22')
insert into medication values ('S8674748N', 'Amiodarone 20mg', 'once a day, 1 tablet by mouth', '2007-02-09', '2007-02-16')
insert into medication values ('S7696118I', 'Ibufprofen 400mg', 'three times a day', '2009-01-03', '2009-01-10')
insert into medication values ('S8653574R', 'Amiodarone 20mg', 'once a day, 1 tablet by mouth', '2008-04-15', '2008-04-21')
insert into medication values ('S7661586D', 'Ceftin 500mg', 'three times a day, 1 tablet by mouth', '2007-05-08', '2007-05-15')
insert into medication values ('S8654266B', 'Lactulose 10mg', 'two times a day, 5ml by mouth', '2007-04-09', '2007-04-14')
insert into medication values ('S6690853L', 'Ibufprofen 400mg', 'three times a day', '2008-02-16', '2008-02-23')
insert into medication values ('S7675251D', 'Simvastatin 40mg', 'once a day, at night', '2007-06-06', '2007-06-11')
